ID_CLIENTE,SAFRA_REF,PROBABILIDADE_INADIMPLENCIA
5058298901476893676,2021-07,0.0017468474125993244
274692171162531764,2021-07,0.008232948727816406
274692171162531764,2021-07,0.008378691085340489
274692171162531764,2021-07,0.008378691085340489
465309249432033993,2021-07,0.0015176435903178464
465309249432033993,2021-07,0.0015176435903178464
465309249432033993,2021-07,0.0015176435903178464
465309249432033993,2021-07,0.0015176435903178464
5883155883105348987,2021-07,0.009179089742917687
5883155883105348987,2021-07,0.009485437578556615
4489904752023469353,2021-07,0.1163304854662303
3355881107559250653,2021-07,0.0004559733548467438
3355881107559250653,2021-07,0.0003059160896309635
3355881107559250653,2021-07,0.000611609452821538
3355881107559250653,2021-07,0.0013430108828707474
3355881107559250653,2021-07,0.0014460406123928242
3355881107559250653,2021-07,0.0006478927241629968
3355881107559250653,2021-07,0.0003059160896309635
6330043096034525408,2021-07,0.06174293230223718
6330043096034525408,2021-07,0.06554148901302874
6964108750473070287,2021-07,0.0017453028857287631
6964108750473070287,2021-07,0.001655178553164268
6964108750473070287,2021-07,0.002331606913450741
6964108750473070287,2021-07,0.0014136786145084663
6964108750473070287,2021-07,0.0014136786145084663
6964108750473070287,2021-07,0.0013314506019552808
6964108750473070287,2021-07,0.0013314506019552808
6964108750473070287,2021-07,0.0014136786145084663
6964108750473070287,2021-07,0.0028779405208046414
6964108750473070287,2021-07,0.0014136786145084663
6964108750473070287,2021-07,0.002331606913450741
6964108750473070287,2021-07,0.0013532347843054665
6964108750473070287,2021-07,0.0013406557704928985
6964108750473070287,2021-07,0.0013314506019552808
6964108750473070287,2021-07,0.0013314506019552808
6964108750473070287,2021-07,0.001655178553164268
4008627434689715639,2021-07,0.11977075608460394
4008627434689715639,2021-07,0.19495876990239186
4008627434689715639,2021-07,0.09473780276412423
5757271354816214865,2021-07,0.6281552744732855
5757271354816214865,2021-07,0.7317644859058913
5757271354816214865,2021-07,0.6556134963440234
5757271354816214865,2021-07,0.6281552744732855
5757271354816214865,2021-07,0.6281552744732855
5757271354816214865,2021-07,0.6531340321254053
5757271354816214865,2021-07,0.6530158429061804
5757271354816214865,2021-07,0.6577467550574689
5757271354816214865,2021-07,0.6411005391478024
5757271354816214865,2021-07,0.6230262781921134
5757271354816214865,2021-07,0.6111385990005429
5757271354816214865,2021-07,0.7317644859058913
5757271354816214865,2021-07,0.63985750808867
5757271354816214865,2021-07,0.6411005391478024
5757271354816214865,2021-07,0.6411005391478024
8909740532547211288,2021-07,0.0005016292271115335
8909740532547211288,2021-07,0.0003928006030942274
8909740532547211288,2021-07,0.00037394649792515613
4045739494965095560,2021-07,0.0005170928668537923
4045739494965095560,2021-07,0.0004998583538326475
4045739494965095560,2021-07,0.0005238638472498898
6759864637454708017,2021-07,0.00421108947581748
6759864637454708017,2021-07,0.0060110830651636275
6759864637454708017,2021-07,0.004436049818937353
6759864637454708017,2021-07,0.006029674979619519
6759864637454708017,2021-07,0.00421108947581748
6759864637454708017,2021-07,0.006029674979619519
6134696632487351445,2021-07,0.0006601112277820028
6134696632487351445,2021-07,0.0006730425382658758
6134696632487351445,2021-07,0.0006601112277820028
5373371196946859811,2021-07,0.01666494944306363
3095686599956852697,2021-07,0.0008440154078380783
3095686599956852697,2021-07,0.0006730562114299298
3095686599956852697,2021-07,0.0006593151803838249
1616952665234409442,2021-07,0.031054596030400408
1616952665234409442,2021-07,0.029206243747872583
1088521227159442264,2021-07,0.004381418153017009
1088521227159442264,2021-07,0.001538341602731081
1088521227159442264,2021-07,0.004876302924167806
8529899700094903171,2021-07,0.0014125544512102526
8529899700094903171,2021-07,0.002481996157410917
8529899700094903171,2021-07,0.0010671321533385592
8529899700094903171,2021-07,0.0010671321533385592
8529899700094903171,2021-07,0.0014125544512102526
8529899700094903171,2021-07,0.0016382432250527112
8529899700094903171,2021-07,0.0016382432250527112
499242942549937267,2021-07,0.021696620448683965
499242942549937267,2021-07,0.09015575655224004
499242942549937267,2021-07,0.09015575655224004
499242942549937267,2021-07,0.021255637627180256
499242942549937267,2021-07,0.021255637627180256
499242942549937267,2021-07,0.021696620448683965
499242942549937267,2021-07,0.021255637627180256
499242942549937267,2021-07,0.021696620448683965
499242942549937267,2021-07,0.02296022529300664
5897410907783139228,2021-07,0.00041869707366132497
5897410907783139228,2021-07,0.00039705749932366903
5897410907783139228,2021-07,0.00042126495869391464
5897410907783139228,2021-07,0.0005471080169956709
2083323809219952960,2021-07,0.0007029703386684457
2083323809219952960,2021-07,0.0007542712866784241
2083323809219952960,2021-07,0.0007542712866784241
2083323809219952960,2021-07,0.0007542712866784241
2083323809219952960,2021-07,0.0005593705878128465
2083323809219952960,2021-07,0.0007309785051251446
2083323809219952960,2021-07,0.0005101224897842978
2083323809219952960,2021-07,0.0019542379855143027
2083323809219952960,2021-07,0.004164821783317625
2083323809219952960,2021-07,0.0014009786989747507
1953058402621337677,2021-07,0.003172524232218972
1953058402621337677,2021-07,0.0012598232680705364
1953058402621337677,2021-07,0.0009638377727708708
1953058402621337677,2021-07,0.00422611646486279
3408536439470975134,2021-07,9.179131577852223e-05
3408536439470975134,2021-07,9.179131577852223e-05
3408536439470975134,2021-07,9.179131577852223e-05
3408536439470975134,2021-07,6.463171634486477e-05
5687511145009775604,2021-07,0.032609434450126054
5687511145009775604,2021-07,0.8883383290967363
7485107528960607346,2021-07,0.016813616704002377
7485107528960607346,2021-07,0.029826176994742923
531805620371082364,2021-07,0.0043100934159051784
5761480994209806499,2021-07,0.00027405727331502125
5761480994209806499,2021-07,0.00025147960610024566
5761480994209806499,2021-07,0.00021636842595777945
5761480994209806499,2021-07,0.00025144220193920147
5761480994209806499,2021-07,0.00021947083859006592
5761480994209806499,2021-07,0.00025144220193920147
5761480994209806499,2021-07,0.00021947083859006592
5761480994209806499,2021-07,0.0002701834421188134
5761480994209806499,2021-07,0.0001912347987432101
5761480994209806499,2021-07,0.00020857178175797726
5761480994209806499,2021-07,0.00018385982539063234
5761480994209806499,2021-07,0.00021947083859006592
5761480994209806499,2021-07,0.00039665190863655996
5761480994209806499,2021-07,0.000335266967412172
5761480994209806499,2021-07,0.00021636842595777945
5761480994209806499,2021-07,0.00021947083859006592
4762256864594914240,2021-07,0.0019036340663162986
8570963260597299378,2021-07,0.0004975502415537182
5974858472822751652,2021-07,0.0011030979588099728
3421433989501830226,2021-07,0.8940258784180275
4327694790333781288,2021-07,0.00023091069775825119
4327694790333781288,2021-07,0.00021325884025680556
8173830874846355280,2021-07,0.00011593568920732503
8173830874846355280,2021-07,0.00011593568920732503
8173830874846355280,2021-07,0.00011458251429733692
8173830874846355280,2021-07,0.00011458251429733692
8173830874846355280,2021-07,0.00011458251429733692
8173830874846355280,2021-07,0.00011458251429733692
8173830874846355280,2021-07,0.00011593568920732503
8173830874846355280,2021-07,0.00013150409441730712
8173830874846355280,2021-07,0.0002132443134028411
8173830874846355280,2021-07,0.00011593568920732503
2347028805684088098,2021-07,7.17642391450307e-05
3632378524835692731,2021-07,0.0011146490314276614
3632378524835692731,2021-07,0.0011146490314276614
3632378524835692731,2021-07,0.0011146490314276614
2033394215069562776,2021-07,0.0049696918061201455
2033394215069562776,2021-07,0.007703015287208557
2033394215069562776,2021-07,0.007703015287208557
2033394215069562776,2021-07,0.007703015287208557
3285246914299291124,2021-07,0.0005236516802449696
3285246914299291124,2021-07,0.0006820839391645518
3285246914299291124,2021-07,0.0005569128200255196
3285246914299291124,2021-07,0.0006012366471985431
2929243640075785940,2021-07,0.0009465659160854332
2929243640075785940,2021-07,0.0016499168030110526
2929243640075785940,2021-07,0.0016247497280214441
2929243640075785940,2021-07,0.00148939026427421
2929243640075785940,2021-07,0.0011079156348676863
2407532237672094312,2021-07,0.021582685586998867
2407532237672094312,2021-07,0.02645169272954678
2407532237672094312,2021-07,0.014569087255720627
5635781225931111684,2021-07,0.004352549785900968
5635781225931111684,2021-07,0.0050183904078239345
1235244772550233980,2021-07,9.365956679083979e-05
1235244772550233980,2021-07,7.835149245140968e-05
1235244772550233980,2021-07,0.00022256550558345087
4365965554261111250,2021-07,0.08705650598954778
5162636608292907782,2021-07,0.02256372389379327
8248484932270772248,2021-07,0.02799169779989789
924957821424248698,2021-07,0.0011797174712657
924957821424248698,2021-07,0.0007153116307083685
924957821424248698,2021-07,0.0007153116307083685
6828316696355015040,2021-07,0.0071658480050747165
8409181491723988567,2021-07,0.001229584179583081
8409181491723988567,2021-07,0.002256350270309687
8409181491723988567,2021-07,0.007917452031209561
8409181491723988567,2021-07,0.002256350270309687
4532469127306079736,2021-07,0.0026788390917051163
7664272163315705419,2021-07,0.006167539780265479
7664272163315705419,2021-07,0.004028959630341297
9206030810342980458,2021-07,0.010143837242359809
9206030810342980458,2021-07,0.00714429894043028
9206030810342980458,2021-07,0.01308017620193049
5810778736737569699,2021-07,0.0013394682640498535
5810778736737569699,2021-07,0.001351165534024737
1366416810235233769,2021-07,0.0016072989143857493
1366416810235233769,2021-07,0.0015433152542463963
1366416810235233769,2021-07,0.0011489896576258492
1366416810235233769,2021-07,0.01947349829792969
1366416810235233769,2021-07,0.0013238775092532435
1366416810235233769,2021-07,0.0016783975002276537
8067924767167570288,2021-07,0.012547593110421532
7908414709866823255,2021-07,0.0007905533366818597
7908414709866823255,2021-07,0.0008224907951800066
7908414709866823255,2021-07,0.0007545916741930592
7908414709866823255,2021-07,0.0007545916741930592
8994944800097997361,2021-07,0.0034729268263169236
8994944800097997361,2021-07,0.0031464747935584965
6950439982480713649,2021-07,0.04517543950921938
6950439982480713649,2021-07,0.04517543950921938
8901696535927078963,2021-07,0.0008780503671867267
8901696535927078963,2021-07,0.0007189911857630692
8901696535927078963,2021-07,0.0008655092725009413
8901696535927078963,2021-07,0.0008205993499215823
8901696535927078963,2021-07,0.0009333298618446148
8901696535927078963,2021-07,0.0007105103660434445
8901696535927078963,2021-07,0.0007841797928787696
6204723742351094322,2021-07,0.008207897668885855
3095408468798675621,2021-07,0.0002597699628393399
3095408468798675621,2021-07,0.00034326368535251385
7722287846688771887,2021-07,0.003148475431449635
312543480920432545,2021-07,0.0680506582117843
312543480920432545,2021-07,0.00021830076195734267
312543480920432545,2021-07,0.0001924304407101483
6394935036014530592,2021-07,0.0051835849910092085
6394935036014530592,2021-07,0.009109739598153609
3281617395243454427,2021-07,0.041783871211073596
1115703227712697214,2021-07,0.0006516575283317347
1115703227712697214,2021-07,0.0007473742403473528
8185063234515056194,2021-07,0.0005761591326122065
8185063234515056194,2021-07,0.0005049721946296804
8185063234515056194,2021-07,0.0005214983973250392
8185063234515056194,2021-07,0.0004994243924255688
8185063234515056194,2021-07,0.0005872427911090639
7492389223353246125,2021-07,0.014501997061994893
7492389223353246125,2021-07,0.1040226875247121
7492389223353246125,2021-07,0.01922671443253186
6217788509719675691,2021-07,0.007133359117121167
6217788509719675691,2021-07,0.0015505911588016325
8716163053080758848,2021-07,0.0014101056532241172
8716163053080758848,2021-07,0.004123649915619852
8716163053080758848,2021-07,0.0041870648651916465
8716163053080758848,2021-07,0.004497348467439047
8716163053080758848,2021-07,0.0034955008080982237
8716163053080758848,2021-07,0.0011568589081323434
324916756972236008,2021-07,0.004164999823626326
324916756972236008,2021-07,0.032135982211262834
324916756972236008,2021-07,0.003954305664233261
324916756972236008,2021-07,0.0036892568461777803
324916756972236008,2021-07,0.003954305664233261
324916756972236008,2021-07,0.003632186671412912
7269781193318890653,2021-07,0.00029896389164253337
7269781193318890653,2021-07,0.0007474979149647276
6784879562354696650,2021-07,0.0021503987750730686
8229446069655666941,2021-07,0.9135059470204534
8229446069655666941,2021-07,0.0069506896651778645
4972567100282306577,2021-07,0.002903697417436055
5864443060004179363,2021-07,0.0006625075806588193
5864443060004179363,2021-07,0.00046867111149258544
5864443060004179363,2021-07,0.005896554909600153
5864443060004179363,2021-07,0.00043404140712235327
5864443060004179363,2021-07,0.0006115316444463927
2439954154030259398,2021-07,0.0066262092727046
8623308321032624474,2021-07,0.02652193252133678
8623308321032624474,2021-07,0.3839244947578621
8623308321032624474,2021-07,0.029199393672932537
4524147234488547993,2021-07,0.013148026515068507
4524147234488547993,2021-07,0.01633759937728923
4524147234488547993,2021-07,0.015450956676724787
6987942592445950913,2021-07,0.000372105784624802
6987942592445950913,2021-07,0.0011103049513491645
6987942592445950913,2021-07,0.0006547175055717927
6987942592445950913,2021-07,0.0006715064331773236
8684964138237894839,2021-07,0.010258802854994654
6582676833651678345,2021-07,0.00010805203802445208
6582676833651678345,2021-07,0.00010161200063873498
6582676833651678345,2021-07,6.394771513745052e-05
6582676833651678345,2021-07,0.00010805203802445208
6582676833651678345,2021-07,0.00010805203802445208
6582676833651678345,2021-07,0.0001114921465561171
6582676833651678345,2021-07,7.107937333127468e-05
6582676833651678345,2021-07,6.394771513745052e-05
1036256411320325774,2021-07,0.005572821549483821
1036256411320325774,2021-07,0.004506638397256538
968199235777440720,2021-07,0.00042270782547701723
968199235777440720,2021-07,0.00048550372204978376
968199235777440720,2021-07,0.00048550372204978376
968199235777440720,2021-07,0.0004570392357929947
968199235777440720,2021-07,0.00037620318666841383
968199235777440720,2021-07,0.00042270782547701723
968199235777440720,2021-07,0.00042270782547701723
968199235777440720,2021-07,0.0002557058493087651
6916556752218696485,2021-07,0.007090471002185785
6916556752218696485,2021-07,0.006472007422479825
6916556752218696485,2021-07,0.007004541002282647
6916556752218696485,2021-07,0.0036120706195417614
6916556752218696485,2021-07,0.00903747473291312
6916556752218696485,2021-07,0.0036120706195417614
6916556752218696485,2021-07,0.004234567774662091
6916556752218696485,2021-07,0.0036120706195417614
6916556752218696485,2021-07,0.003715077160753124
6916556752218696485,2021-07,0.0051431093041909536
6916556752218696485,2021-07,0.004731542353171726
6916556752218696485,2021-07,0.0051431093041909536
6030285068945261052,2021-07,0.0002384797827120765
6030285068945261052,2021-07,0.0002997651147624855
6030285068945261052,2021-07,0.0024101536697794124
6030285068945261052,2021-07,0.0002334651051173052
6030285068945261052,2021-07,0.00020659251775730674
8463871205935856285,2021-07,0.01006394686326033
4071158585850879204,2021-07,0.0008675574005532809
4071158585850879204,2021-07,0.0007321264749250402
4071158585850879204,2021-07,0.014388500386111076
3218226066162129945,2021-07,0.010046795063788345
4679462479444735708,2021-07,0.0020621472791311434
4679462479444735708,2021-07,0.0021012997801623853
4679462479444735708,2021-07,0.0052037112076250315
4679462479444735708,2021-07,0.001958876803589577
4679462479444735708,2021-07,0.0052037112076250315
4679462479444735708,2021-07,0.00475324732228127
4724876423989598202,2021-07,0.0015103131272093382
4724876423989598202,2021-07,0.0007791273111979049
4724876423989598202,2021-07,0.0007330777941723021
2128970218770090704,2021-07,0.015958994689040332
2128970218770090704,2021-07,0.002938661610280991
2128970218770090704,2021-07,0.003020362037507976
1003144834589372198,2021-07,0.0009678065496013443
1003144834589372198,2021-07,0.0009678065496013443
9127318190908282126,2021-07,0.005617859423418673
9127318190908282126,2021-07,0.005419332972242214
8163895533020293251,2021-07,0.727847787361102
8163895533020293251,2021-07,0.6920379747292131
8163895533020293251,2021-07,0.7203184877579007
5794903898038236832,2021-07,0.005908556620937357
5794903898038236832,2021-07,0.014691724384325432
3960251564708868781,2021-07,0.0018343322247441638
3960251564708868781,2021-07,0.0020534928216337425
3960251564708868781,2021-07,0.0017969988974781193
3960251564708868781,2021-07,0.0014458593459450572
3960251564708868781,2021-07,0.0017969988974781193
5888474320320735000,2021-07,0.5681126439160967
5888474320320735000,2021-07,0.7414264412405414
5888474320320735000,2021-07,0.6216372163527081
761746217261797478,2021-07,0.00012873743949481852
761746217261797478,2021-07,0.00017032376679376445
1507697130807703164,2021-07,3.9200211330182084e-05
9184785003280841216,2021-07,0.001940199723722593
9184785003280841216,2021-07,0.001940199723722593
9184785003280841216,2021-07,0.0023881764825145805
1182975716201409626,2021-07,0.0013769785022866101
1182975716201409626,2021-07,0.02498263729412184
1182975716201409626,2021-07,0.0013491384860324406
1182975716201409626,2021-07,0.0013491384860324406
1182975716201409626,2021-07,0.0014840648679487075
5369576709077493659,2021-07,0.0023656397595904844
3472934456083131714,2021-07,0.002753728786272942
717981637594591016,2021-07,0.0002465743752024888
717981637594591016,2021-07,0.005059923103214344
717981637594591016,2021-07,0.00030248865037993443
717981637594591016,2021-07,0.00024952153215165493
8255085612985072878,2021-07,0.0007798901848890372
8255085612985072878,2021-07,0.0007798901848890372
7751080728852739823,2021-07,0.0006452639844569671
7751080728852739823,2021-07,0.04180449922069547
4347826483121154490,2021-07,0.00021691675932095303
4347826483121154490,2021-07,8.089918001302255e-05
4347826483121154490,2021-07,0.00011644520787483684
4347826483121154490,2021-07,8.089918001302255e-05
4347826483121154490,2021-07,0.00011036863530611288
4347826483121154490,2021-07,0.00026388011309130084
4347826483121154490,2021-07,8.089918001302255e-05
4347826483121154490,2021-07,6.894353409566293e-05
4347826483121154490,2021-07,6.118304903986196e-05
2214132103234633622,2021-07,0.0025442117825577016
2214132103234633622,2021-07,0.0015764808620990568
2214132103234633622,2021-07,0.0015764808620990568
2214132103234633622,2021-07,0.00133858593873166
2214132103234633622,2021-07,0.00133858593873166
410843023337872279,2021-07,0.0009031433730912488
2022367282554149730,2021-07,0.0007662150200965123
2022367282554149730,2021-07,0.0006018407520596811
7637066986811047950,2021-07,0.0013623489672020316
7637066986811047950,2021-07,0.0018050244941640325
7637066986811047950,2021-07,0.0014576964089746246
86110062990790869,2021-07,0.00857777135768448
5304536516981778801,2021-07,0.0023123221286219897
5304536516981778801,2021-07,0.0023123221286219897
5304536516981778801,2021-07,0.0017002899032454053
3829967475074118757,2021-07,0.7431505023674019
3829967475074118757,2021-07,0.8988669530079517
7444686668183702737,2021-07,0.002373487275376447
7444686668183702737,2021-07,0.003105667427323068
682352428813668634,2021-07,0.003315595234265063
682352428813668634,2021-07,0.003315103595924342
682352428813668634,2021-07,0.008665046636750846
682352428813668634,2021-07,0.003315595234265063
682352428813668634,2021-07,0.009388038030499061
682352428813668634,2021-07,0.003389440122990292
7613717984547031729,2021-07,0.001138604144612713
7910340581026492945,2021-07,0.0005787092698209488
7910340581026492945,2021-07,0.0006566364648939033
7910340581026492945,2021-07,0.029057614405412616
6352592240901579272,2021-07,0.002201513383846588
5574997762710520717,2021-07,0.008418828301043003
5574997762710520717,2021-07,0.002038728756643416
8939476669690489534,2021-07,0.001113641329463547
107343823625119033,2021-07,0.0032444221961617174
6349142675790687765,2021-07,0.3948189212326455
6349142675790687765,2021-07,0.3948189212326455
6349142675790687765,2021-07,0.4412696531614431
5067621068959932809,2021-07,0.013244206213786256
5067621068959932809,2021-07,0.039617185017059575
5067621068959932809,2021-07,0.013244206213786256
5067621068959932809,2021-07,0.01298943565595996
5067621068959932809,2021-07,0.01156305149277775
2397171153213063761,2021-07,0.012096049693548057
2397171153213063761,2021-07,0.012797281307062553
2397171153213063761,2021-07,0.00976657732149725
2397171153213063761,2021-07,0.009300588465367493
2397171153213063761,2021-07,0.01263254884409673
8195468623809753777,2021-07,0.0009287485258908213
8195468623809753777,2021-07,0.0020187529070241042
8195468623809753777,2021-07,0.0014461627163441005
8195468623809753777,2021-07,0.0013169782662775706
6271697692808086495,2021-07,0.005125807135289955
5176940320835464459,2021-07,0.0009411674342970353
5176940320835464459,2021-07,0.0004802915543940492
5176940320835464459,2021-07,0.00039970377265297974
5176940320835464459,2021-07,0.0003616307058674595
5176940320835464459,2021-07,0.0005158325300610638
5176940320835464459,2021-07,0.0003616307058674595
5176940320835464459,2021-07,0.0005158325300610638
4342146186255136598,2021-07,0.00017712112985765656
4342146186255136598,2021-07,0.0001844469953954271
4342146186255136598,2021-07,0.007660280835885029
4795152981525833467,2021-07,0.00134778689564395
4795152981525833467,2021-07,0.004745321541100806
4795152981525833467,2021-07,0.004745321541100806
4795152981525833467,2021-07,0.0032259228827316434
4795152981525833467,2021-07,0.003541448782811722
5714540197488862003,2021-07,0.13728487342908305
5714540197488862003,2021-07,0.853834259773461
5714540197488862003,2021-07,0.12670980526515999
6012031176108922616,2021-07,0.007581689207070445
1998941557906036376,2021-07,0.02211418408547033
5558533999208199371,2021-07,0.7413503155815593
8464809590757561185,2021-07,0.0016764970943232223
8464809590757561185,2021-07,0.0017421319747622024
8464809590757561185,2021-07,0.0018504216894518134
8464809590757561185,2021-07,0.0018810409553208993
6721448955097663572,2021-07,0.004323124051198278
6721448955097663572,2021-07,0.004311211977320846
6721448955097663572,2021-07,0.006510105921131525
5225029212547588718,2021-07,0.003939937031667254
5225029212547588718,2021-07,0.004231147641184661
5225029212547588718,2021-07,0.01636959747696569
8926565682509268383,2021-07,0.0065913776765125645
8926565682509268383,2021-07,0.0050400727471924195
8926565682509268383,2021-07,0.005101006360227315
8926565682509268383,2021-07,0.004371453717106719
8926565682509268383,2021-07,0.00482718660446342
8926565682509268383,2021-07,0.0032242214656481387
8926565682509268383,2021-07,0.002762343797572917
2983174282784691273,2021-07,0.004706868485743996
2983174282784691273,2021-07,0.16724743177589474
8536031856585966123,2021-07,0.017949812639339712
8536031856585966123,2021-07,0.01601173999230527
8536031856585966123,2021-07,0.6571938037791639
8536031856585966123,2021-07,0.6571938037791639
8536031856585966123,2021-07,0.2940497688739582
7696655736121386405,2021-07,0.009712719595116635
7696655736121386405,2021-07,0.01426729311219139
7750874287225529604,2021-07,0.0074178059147453155
7750874287225529604,2021-07,0.006692235576783119
7750874287225529604,2021-07,0.009434846880387914
8013668117699219722,2021-07,0.013635270426956149
7289435138601868544,2021-07,0.0025928434178717936
7289435138601868544,2021-07,0.004998838794452086
7289435138601868544,2021-07,0.0028260547680177806
5042877476420217533,2021-07,0.001049160649923569
5042877476420217533,2021-07,0.0007991246346819663
1299146298565441811,2021-07,0.009501361228375416
8376902089871279815,2021-07,0.00014568003594864472
8376902089871279815,2021-07,0.0002513511160415804
8376902089871279815,2021-07,0.00019000404443713466
3997247264680905799,2021-07,0.0010294652656904334
3997247264680905799,2021-07,0.0010294652656904334
5029701292539093910,2021-07,0.03311162608666369
8733525963966339207,2021-07,0.3184981516530309
8733525963966339207,2021-07,0.3568249938918484
8733525963966339207,2021-07,0.3018873469201441
1454789421854453615,2021-07,0.006169019574552143
1454789421854453615,2021-07,0.005614349106735613
1454789421854453615,2021-07,0.00715900980582417
1454789421854453615,2021-07,0.004849942817679004
209477776078372134,2021-07,0.002099890779872301
209477776078372134,2021-07,0.002099890779872301
209477776078372134,2021-07,0.002440288677080004
209477776078372134,2021-07,0.0022429303629656486
3156852928909455203,2021-07,0.0018249367502230446
3156852928909455203,2021-07,0.001707260537616932
7590999900861381526,2021-07,0.03273056500056499
4556737702757145073,2021-07,0.002818587065108109
6545052034269841737,2021-07,0.001930457264736545
6545052034269841737,2021-07,0.0008772318250617687
6545052034269841737,2021-07,0.07190071728358031
6545052034269841737,2021-07,0.0009269159333442269
6545052034269841737,2021-07,0.0012339691310027851
6545052034269841737,2021-07,0.0011008407307454072
3571198145319411787,2021-07,0.0016514858349664736
3571198145319411787,2021-07,0.0016514858349664736
3571198145319411787,2021-07,0.0012893538471436393
3571198145319411787,2021-07,0.0007469085316633084
8874257794774679816,2021-07,0.0019348668705109634
2634859679238614382,2021-07,0.0010535935275868262
2634859679238614382,2021-07,0.002177277732495925
2634859679238614382,2021-07,0.0017485338785723447
2634859679238614382,2021-07,0.0012976945022111514
2634859679238614382,2021-07,0.0011780228905024224
2634859679238614382,2021-07,0.0011606394429271938
2678966409665050034,2021-07,0.0004545438869503032
2678966409665050034,2021-07,0.0005527445460449482
2678966409665050034,2021-07,0.0014074329648052968
2678966409665050034,2021-07,0.00045908587930706913
2250817603281429928,2021-07,0.0007773597416175579
2106875407768047316,2021-07,0.000679869169462726
7458891296671174680,2021-07,0.22608135074461402
8213533889694327948,2021-07,8.357551063738433e-05
8213533889694327948,2021-07,8.357551063738433e-05
8213533889694327948,2021-07,9.672148118555986e-05
6471448246085839373,2021-07,0.0011312237326086298
2532435113844289043,2021-07,0.0005471127093565197
2532435113844289043,2021-07,0.00037081762598993443
2532435113844289043,2021-07,0.00037081762598993443
2532435113844289043,2021-07,0.00037081762598993443
2532435113844289043,2021-07,0.00033542640302009597
2532435113844289043,2021-07,0.0005471127093565197
2532435113844289043,2021-07,0.0005159094224427811
2532435113844289043,2021-07,0.0005065558565096758
2532435113844289043,2021-07,0.00037081762598993443
2532435113844289043,2021-07,0.00033542640302009597
2532435113844289043,2021-07,0.00033542640302009597
3137879241768961145,2021-07,0.00028298654703015657
3137879241768961145,2021-07,0.00034804444008482935
3118152790263512426,2021-07,0.010760776686969935
3118152790263512426,2021-07,0.016474822611743014
903093877129717133,2021-07,0.0005181739545310367
903093877129717133,2021-07,0.0005169260624711541
2645324649046215594,2021-07,0.0013655438162075535
2645324649046215594,2021-07,0.0012408291723386754
2645324649046215594,2021-07,0.001251191931869577
621182491555347581,2021-07,0.04976674355905997
621182491555347581,2021-07,0.039189693643185614
8706851346184249504,2021-07,0.0008380147786455988
1343530446996409207,2021-07,0.0014848595534927228
1343530446996409207,2021-07,0.0019037103427628121
3977861004707764824,2021-07,0.004422883603980059
3977861004707764824,2021-07,0.003769669218660595
3977861004707764824,2021-07,0.004107811291447338
3977861004707764824,2021-07,0.003769669218660595
3977861004707764824,2021-07,0.0034276564000985145
1156053485989336481,2021-07,0.016366483155372053
1156053485989336481,2021-07,0.025553825336623558
1156053485989336481,2021-07,0.9516017340652108
1156053485989336481,2021-07,0.019570950639486797
1156053485989336481,2021-07,0.019570950639486797
1156053485989336481,2021-07,0.016458209510654027
1156053485989336481,2021-07,0.019570950639486797
1118514612547157551,2021-07,0.06320187517944781
1118514612547157551,2021-07,0.06341922887673432
6817075905797098547,2021-07,0.00794649276873375
7930925883736021864,2021-07,0.00923825925297029
7930925883736021864,2021-07,0.007589025441671569
7930925883736021864,2021-07,0.008763280248658996
7930925883736021864,2021-07,0.008763280248658996
7930925883736021864,2021-07,0.018164108094310558
7930925883736021864,2021-07,0.008763280248658996
7930925883736021864,2021-07,0.02122063846168608
2451708306555441014,2021-07,0.003850167883117552
7442192566700924647,2021-07,0.0006330642844275129
7442192566700924647,2021-07,0.018401052108748997
7442192566700924647,2021-07,0.0005922446568421872
7442192566700924647,2021-07,0.0007741438423566435
2988042199057874759,2021-07,0.0023033884319650657
3634047863995720708,2021-07,0.0016169297952793897
7085295800541340563,2021-07,0.003907663899540796
7085295800541340563,2021-07,0.010325480966242365
7085295800541340563,2021-07,0.003914764692319379
4335865859049992260,2021-07,0.049483009208734025
4335865859049992260,2021-07,0.001614154459083687
2290083177086946553,2021-07,0.004883149343363982
2290083177086946553,2021-07,0.005432292248208942
2290083177086946553,2021-07,0.004850950158175872
7177785309735471560,2021-07,8.717966116254786e-05
7177785309735471560,2021-07,9.621508804647637e-05
5477523784812182605,2021-07,0.8412796764297178
5477523784812182605,2021-07,0.6782063242335372
8961924617442201922,2021-07,0.0007108788156225904
7595945751692012281,2021-07,0.004885146808275055
2333404192508932057,2021-07,0.003338576978986575
2333404192508932057,2021-07,0.006009029605648242
2333404192508932057,2021-07,0.0033589924210806663
4593070249039532001,2021-07,0.017640985592881197
6053752047545474051,2021-07,0.0020382300104313266
6053752047545474051,2021-07,0.0014120835017273283
6053752047545474051,2021-07,0.0012007092099375685
6053752047545474051,2021-07,0.0015583541500492893
6053752047545474051,2021-07,0.0019266696662357796
6053752047545474051,2021-07,0.0020329009387710403
6053752047545474051,2021-07,0.0022942174840296634
6091519986999196884,2021-07,0.0010465849531935763
6091519986999196884,2021-07,0.0018564437078833326
7535160686416710323,2021-07,0.0019744632974849578
3036967290595689189,2021-07,0.0002964858211954109
5999145415800242177,2021-07,0.007331920875783058
5999145415800242177,2021-07,0.008730089814710332
7930644815080409701,2021-07,0.008133649094406736
510795635145114083,2021-07,0.007872285230946921
510795635145114083,2021-07,0.005932182313886374
510795635145114083,2021-07,0.0053578956175306894
510795635145114083,2021-07,0.005212837152436104
510795635145114083,2021-07,0.008477756293158716
187117706370645370,2021-07,0.022354683798127353
187117706370645370,2021-07,0.008263728452602393
187117706370645370,2021-07,0.020354804342914673
5462970244186515758,2021-07,0.000357505785281018
5462970244186515758,2021-07,0.000473975626668593
4769364850030443969,2021-07,0.017370351208003888
4769364850030443969,2021-07,0.017532094939582285
4769364850030443969,2021-07,0.014530036206932157
5726178124659661019,2021-07,0.0008567117316386345
5726178124659661019,2021-07,0.003838487606287652
5726178124659661019,2021-07,0.0030632530016825913
5726178124659661019,2021-07,0.003844813747402826
5726178124659661019,2021-07,0.002504526238699255
5726178124659661019,2021-07,0.05304749129720806
5726178124659661019,2021-07,0.0035358511055059087
5726178124659661019,2021-07,0.003844813747402826
5726178124659661019,2021-07,0.0030632530016825913
5726178124659661019,2021-07,0.0006615181259562769
5726178124659661019,2021-07,0.0006892959598348167
5726178124659661019,2021-07,0.0038296298486427257
5726178124659661019,2021-07,0.0038296298486427257
5726178124659661019,2021-07,0.0006615181259562769
5726178124659661019,2021-07,0.0006892959598348167
5726178124659661019,2021-07,0.0030632530016825913
5726178124659661019,2021-07,0.0023745102448307215
5726178124659661019,2021-07,0.004805781996192192
1141681690629134039,2021-07,0.003328534905298747
4095739077267179172,2021-07,0.013363042350779956
4095739077267179172,2021-07,0.01614223440938634
4095739077267179172,2021-07,0.01841119456252431
1551531256789550891,2021-07,0.00023070091192967833
1551531256789550891,2021-07,0.0008201825703149314
1551531256789550891,2021-07,0.0003794841935554562
9108733472015251498,2021-07,0.002833670398492917
851897122328714307,2021-07,0.001989887204098225
6795467882769787169,2021-07,0.0004380647908024001
5856610998569876318,2021-07,0.0011694978509439165
3093415403379897112,2021-07,0.001161291231158568
6061850657256270336,2021-07,0.0021278337650420024
6061850657256270336,2021-07,0.0010836890626563012
165658847908185334,2021-07,0.006154852034934136
4850722092974676955,2021-07,0.003579260652767334
4850722092974676955,2021-07,0.0018088891848512755
3140918607946425426,2021-07,0.004720017673882065
7398738404146260251,2021-07,0.001299352283213972
4863405965754103821,2021-07,0.007452501919449909
4863405965754103821,2021-07,0.006886881135265391
4863405965754103821,2021-07,0.006489475294236958
4863405965754103821,2021-07,0.007650124385388694
4863405965754103821,2021-07,0.008207634588162049
4863405965754103821,2021-07,0.008207634588162049
4863405965754103821,2021-07,0.008187538379095884
4863405965754103821,2021-07,0.008187538379095884
4863405965754103821,2021-07,0.007650124385388694
968400235888951633,2021-07,0.0011165638431337868
798425422240919854,2021-07,0.0001361757451800152
1308019675417057675,2021-07,0.011977004512278176
1308019675417057675,2021-07,0.011977004512278176
6238903426443761049,2021-07,0.01453473959882346
6238903426443761049,2021-07,0.011464185025857632
6238903426443761049,2021-07,0.01789328475910871
4465150716052427320,2021-07,0.000710660033060584
4465150716052427320,2021-07,0.0005985195500209135
1033361676287635885,2021-07,0.01199063313919659
1033361676287635885,2021-07,0.01199063313919659
1033361676287635885,2021-07,0.01199063313919659
652740132671309295,2021-07,0.03611237994470199
652740132671309295,2021-07,0.028878461752457958
652740132671309295,2021-07,0.03423060428167739
8004521604421988528,2021-07,0.027850108064385135
8004521604421988528,2021-07,0.02800858316207757
4717717003637613480,2021-07,0.0030088049004807767
8348574220426911086,2021-07,0.001976260060903407
5301988619224057921,2021-07,0.46928268118810335
5301988619224057921,2021-07,0.43601528389649685
5301988619224057921,2021-07,0.5495221275643031
5301988619224057921,2021-07,0.4445267940252087
5301988619224057921,2021-07,0.5061185617352916
5301988619224057921,2021-07,0.4445267940252087
8350724667410677464,2021-07,0.016925977541874533
8350724667410677464,2021-07,0.023009612327339488
7457803471605010846,2021-07,0.0015352307460909586
7457803471605010846,2021-07,0.00128030783421203
1430896989654626045,2021-07,0.0015850086252348903
1430896989654626045,2021-07,0.0015850086252348903
1430896989654626045,2021-07,0.0008088853113220418
2554972344348383830,2021-07,0.004594792400162615
2554972344348383830,2021-07,0.004594792400162615
2819054834565698513,2021-07,0.0076716670474513615
2819054834565698513,2021-07,0.0048445553780270875
8843432852270832388,2021-07,0.008766594701896556
2943087245123311166,2021-07,0.009425642234117038
2943087245123311166,2021-07,0.08142096048513872
2943087245123311166,2021-07,0.009380034098061808
2943087245123311166,2021-07,0.009425642234117038
8826489829259520138,2021-07,0.0005152559118572561
8826489829259520138,2021-07,0.00043522335376802425
8826489829259520138,2021-07,0.0004718548594441409
8826489829259520138,2021-07,0.0005748339468044191
8535586342375301953,2021-07,0.0019062367750444147
1661240395903230676,2021-07,0.04576681122806573
1661240395903230676,2021-07,0.04165449849790938
1661240395903230676,2021-07,0.04933990184569905
1661240395903230676,2021-07,0.03782876879567667
8049805689946244047,2021-07,0.00855787971722394
1276604410881911401,2021-07,0.012781829408897428
1276604410881911401,2021-07,0.012781829408897428
1276604410881911401,2021-07,0.012446434975360344
1276604410881911401,2021-07,0.012446434975360344
1276604410881911401,2021-07,0.014616966234267404
1276604410881911401,2021-07,0.015009961046870805
1276604410881911401,2021-07,0.012446434975360344
1276604410881911401,2021-07,0.012371128323210906
1276604410881911401,2021-07,0.17059825429436917
1276604410881911401,2021-07,0.21900512146734802
5432443358006556295,2021-07,0.01332496479532154
5432443358006556295,2021-07,0.023709342115285265
8603678028264007695,2021-07,0.007821951260756512
8603678028264007695,2021-07,0.007821951260756512
5511113649464808344,2021-07,0.3777428201317664
5511113649464808344,2021-07,0.12804595941897487
5511113649464808344,2021-07,0.13480019807393775
3263212305228307743,2021-07,0.00029682195210774064
3263212305228307743,2021-07,0.0003516062946993518
3263212305228307743,2021-07,0.0004231056342208429
3263212305228307743,2021-07,0.0003703003694616249
170089315547146305,2021-07,0.012992512635143333
170089315547146305,2021-07,0.008144488110742492
170089315547146305,2021-07,0.01753607208498447
170089315547146305,2021-07,0.007070609709139118
4740535838297269949,2021-07,0.00026814411247338884
4740535838297269949,2021-07,0.00025358988498228215
4740535838297269949,2021-07,0.00026743424545574643
4740535838297269949,2021-07,0.00025358988498228215
4740535838297269949,2021-07,0.00023321741748434953
4740535838297269949,2021-07,0.0002462385819294971
7970976988071755401,2021-07,0.059527328675374885
7970976988071755401,2021-07,0.062272562301902104
8287608084245946173,2021-07,0.001980564301092031
8287608084245946173,2021-07,0.002743222986775228
1423952977138155129,2021-07,0.0009497560063032396
1423952977138155129,2021-07,0.0008599769216819976
2455576782104041698,2021-07,0.007752075305529846
2455576782104041698,2021-07,0.04375282660825604
6373947691253940364,2021-07,0.042192154462787845
459290606780222306,2021-07,5.5769806476934314e-05
459290606780222306,2021-07,5.5769806476934314e-05
459290606780222306,2021-07,0.00010346899826922261
459290606780222306,2021-07,5.735539490626084e-05
459290606780222306,2021-07,4.3653033255755893e-05
459290606780222306,2021-07,5.735539490626084e-05
459290606780222306,2021-07,7.279536313841242e-05
4052557282157719526,2021-07,0.0038040435642289427
7215093571368368138,2021-07,0.5744594807661098
7215093571368368138,2021-07,0.5744594807661098
7215093571368368138,2021-07,0.17198872930818368
1192891347324061812,2021-07,0.0005246213378109647
1192891347324061812,2021-07,0.00038972572671432636
1192891347324061812,2021-07,0.0009229597533332195
1192891347324061812,2021-07,0.00038972572671432636
1192891347324061812,2021-07,0.0005246213378109647
3022528659032597047,2021-07,0.004168416227976188
3022528659032597047,2021-07,0.0034283408739391777
2763141362035716801,2021-07,0.002489758446691043
2763141362035716801,2021-07,0.0033359816974850745
5465001651966355821,2021-07,0.006172623621918884
5465001651966355821,2021-07,0.0009043486011272414
3357976326879346012,2021-07,0.06063700071158157
5880041582322293710,2021-07,0.0009216007049154417
5880041582322293710,2021-07,0.004752947398271798
5880041582322293710,2021-07,0.0009575347220310308
5880041582322293710,2021-07,0.0004885585229342814
6927178425683104769,2021-07,0.00046147955860961586
6927178425683104769,2021-07,0.000384055853098881
4723919748432185874,2021-07,0.0012979545397637114
4723919748432185874,2021-07,0.0013359923289620933
7325545718770538459,2021-07,0.00023964497163677192
7325545718770538459,2021-07,0.0002170352523143753
7325545718770538459,2021-07,0.013330216207903535
7325545718770538459,2021-07,0.00020067988388608503
7325545718770538459,2021-07,0.00029105209743883497
7325545718770538459,2021-07,0.00020067988388608503
7325545718770538459,2021-07,0.00022555229012462383
5753677550753111444,2021-07,0.00015843734098288382
5753677550753111444,2021-07,0.0001258489626903257
8559143756893267192,2021-07,0.3184602036874094
1292049196559782171,2021-07,0.0019885880887336917
4334472256949955221,2021-07,0.008529006346187336
4334472256949955221,2021-07,0.01174390164198922
6367769402148499693,2021-07,0.0013535505389603397
6367769402148499693,2021-07,0.0013535505389603397
6367769402148499693,2021-07,0.0013535505389603397
7816319470107777265,2021-07,0.010845811280461448
7816319470107777265,2021-07,0.014909251438801034
696014079855281037,2021-07,0.012523251523393439
4874157215501489741,2021-07,0.00043055839172841245
4874157215501489741,2021-07,0.0042915497286381025
4874157215501489741,2021-07,0.00048434319453509564
3204108603682323936,2021-07,0.00019245559845343415
3204108603682323936,2021-07,0.0002919759964017111
3204108603682323936,2021-07,0.00019245559845343415
3204108603682323936,2021-07,0.00021634029585964606
4202876623878743806,2021-07,0.011846819817624471
3822753345985951756,2021-07,0.002228592386974885
3822753345985951756,2021-07,0.0025182839563128783
4853303856126909724,2021-07,0.9045335619873445
6242636379248496392,2021-07,0.008774323180403866
5799279645678609726,2021-07,0.0449105464596636
4850936440093751199,2021-07,0.0037315879538536655
4850936440093751199,2021-07,0.004211227951036982
8552039412779393821,2021-07,0.0029420096943645275
8552039412779393821,2021-07,0.002615237611210377
7436628409157313756,2021-07,0.002066744121561292
5855956854975734380,2021-07,0.03626671594431336
8123515208041701633,2021-07,0.007894979593988043
8123515208041701633,2021-07,0.007894979593988043
8123515208041701633,2021-07,0.01197350431588712
9156666134024889730,2021-07,0.005997481929455516
9156666134024889730,2021-07,0.005126800047534854
6754039979151386401,2021-07,0.0014076660650187717
4183921942053157552,2021-07,0.01133730155706793
6941381638534728190,2021-07,0.0002972763260653295
6941381638534728190,2021-07,0.000417625102080456
6941381638534728190,2021-07,0.00036437106369881613
8332840690177201182,2021-07,0.3637438961029761
8332840690177201182,2021-07,0.3443070174391602
8332840690177201182,2021-07,0.3443070174391602
7870373680211625064,2021-07,0.014431719782184762
7870373680211625064,2021-07,0.014641601830429157
2371917341091102894,2021-07,0.00933661962804374
2371917341091102894,2021-07,0.0174792840238019
1945147145527703963,2021-07,0.0005889672358401638
1945147145527703963,2021-07,0.0006937310198853694
7141263195360679278,2021-07,0.045031077389492406
7141263195360679278,2021-07,0.03668544002405235
7451017400765373278,2021-07,0.001129301528073165
7451017400765373278,2021-07,0.0007536554470630433
5931905128207886847,2021-07,0.04006704168622054
4995679129936981612,2021-07,0.45058498873939107
1097345589386012260,2021-07,0.0004108527728799196
1097345589386012260,2021-07,0.0004281003028215571
2694466161223698243,2021-07,0.861370212218985
69766362497027920,2021-07,0.03090202711510819
2735662700719640627,2021-07,0.0300870048771708
2308217045093677129,2021-07,0.022133546012431348
4820852183212661131,2021-07,0.7976949260824849
4820852183212661131,2021-07,0.008017177941533034
4820852183212661131,2021-07,0.011738500747303315
984915269987074754,2021-07,0.0002367466263778318
670573866376512619,2021-07,0.01813774282314147
670573866376512619,2021-07,0.01822635322512925
2012477868296377155,2021-07,0.0035954605890608274
2012477868296377155,2021-07,0.00997812867814019
2012477868296377155,2021-07,0.007144973359583753
2012477868296377155,2021-07,0.007144973359583753
2012477868296377155,2021-07,0.007085565159140389
7707459425750676368,2021-07,0.024230637438238983
7707459425750676368,2021-07,0.024230637438238983
7707459425750676368,2021-07,0.026220932157067427
2092588065958607289,2021-07,0.0007186406250785836
2092588065958607289,2021-07,0.0007431466476856842
2092588065958607289,2021-07,0.0013173184687891553
2092588065958607289,2021-07,0.0010694275137612256
2092588065958607289,2021-07,0.0041543483514226535
2092588065958607289,2021-07,0.001548924314886504
2092588065958607289,2021-07,0.001422435709797526
2092588065958607289,2021-07,0.0007186406250785836
837142477962609471,2021-07,0.0016650733103219344
837142477962609471,2021-07,0.0017431618433552036
1329553496073467331,2021-07,0.0013780902021803688
963687627963462983,2021-07,0.0003781215279397165
963687627963462983,2021-07,0.014889522512605812
963687627963462983,2021-07,0.00040737067319738846
8764962131207592182,2021-07,0.01689692697312826
1617695035450525647,2021-07,8.974585793020599e-05
1617695035450525647,2021-07,7.688510894204903e-05
1617695035450525647,2021-07,0.00010211376021258984
1617695035450525647,2021-07,0.00010038180373527152
1617695035450525647,2021-07,8.193907031551368e-05
8596605705893456305,2021-07,0.5492731616533538
8596605705893456305,2021-07,0.5638303349544455
8596605705893456305,2021-07,0.5595879234853938
1088268935649917461,2021-07,0.009042429563952445
1088268935649917461,2021-07,0.009042429563952445
5460280878923715699,2021-07,0.0021829245700699675
6969348581033924947,2021-07,0.0013146674507959655
6969348581033924947,2021-07,0.0012702819338858019
6969348581033924947,2021-07,0.0012702819338858019
6969348581033924947,2021-07,0.004800378700730692
6969348581033924947,2021-07,0.0010169434631010635
6969348581033924947,2021-07,0.0011859980124721637
5758033363847724111,2021-07,4.379940633291875e-05
5758033363847724111,2021-07,3.797989093466143e-05
3382609338395832683,2021-07,0.0435171172363925
3382609338395832683,2021-07,0.02764454036395417
3750579377644235511,2021-07,0.9066015690571646
2408009918678280470,2021-07,0.007129704638239463
2408009918678280470,2021-07,0.00608677550670092
2408009918678280470,2021-07,0.01235534815434777
2408009918678280470,2021-07,0.004355818682136558
2408009918678280470,2021-07,0.01235534815434777
3543162424793477785,2021-07,0.08641800421127516
3543162424793477785,2021-07,0.019296729305286763
7710364735942975505,2021-07,0.07301883389611191
7710364735942975505,2021-07,0.002491308757817476
683445437387317282,2021-07,0.0005947249798382615
683445437387317282,2021-07,0.0016235044574723731
683445437387317282,2021-07,0.0013638173279855207
683445437387317282,2021-07,0.0013459646198213167
683445437387317282,2021-07,0.0007737256696165188
683445437387317282,2021-07,0.000529558771024955
3228830386980584958,2021-07,0.0003346916011050986
5078307295214858596,2021-07,0.015710204437325383
5078307295214858596,2021-07,0.00499971872540182
5078307295214858596,2021-07,0.006275264641442902
4641659186059167709,2021-07,0.007358798006871861
5611787644735474299,2021-07,0.0006280105937328833
5611787644735474299,2021-07,0.0006445954329842581
5611787644735474299,2021-07,0.0008880906559816374
5611787644735474299,2021-07,0.0007493368371055526
5611787644735474299,2021-07,0.0007493368371055526
5611787644735474299,2021-07,0.0006570566388957164
1717812527056208209,2021-07,0.4188756488438413
295375823203017296,2021-07,0.0007277486052750467
295375823203017296,2021-07,0.0007938699996111276
295375823203017296,2021-07,0.0008595058035025659
295375823203017296,2021-07,0.001691274060056405
5854364934896993687,2021-07,0.0008697488158816151
5854364934896993687,2021-07,0.0003370046162431927
7231408738455755015,2021-07,0.6632631708078874
7231408738455755015,2021-07,0.9304690848787368
7231408738455755015,2021-07,0.7056393129129505
7231408738455755015,2021-07,0.7056393129129505
2493688222671282470,2021-07,0.0029903085277101053
2493688222671282470,2021-07,0.0030051358548586786
2493688222671282470,2021-07,0.0029903085277101053
3161361581909316305,2021-07,0.007466229314237136
1536087798470875922,2021-07,0.11799730122590371
1536087798470875922,2021-07,0.07161815943069315
1536087798470875922,2021-07,0.08534218770806096
1536087798470875922,2021-07,0.08534218770806096
3915426102465954493,2021-07,0.0016255342635463552
3281818438120834833,2021-07,0.0003559920427410349
3281818438120834833,2021-07,0.0003503863137869154
1958660709350677213,2021-07,0.11728984271160231
1958660709350677213,2021-07,0.031159650370516153
1696462947583294958,2021-07,0.0006920205951302089
1696462947583294958,2021-07,0.0006920205951302089
4675067298171588603,2021-07,0.03380078007828046
4675067298171588603,2021-07,0.03605667161832177
4675067298171588603,2021-07,0.027298273505840548
4675067298171588603,2021-07,0.03380078007828046
8083157716178259762,2021-07,0.0015772254714400253
2209806355660046187,2021-07,0.002118903943793984
8609211777002937758,2021-07,0.0010720811527320884
7818340804682162328,2021-07,0.025336440207538904
7818340804682162328,2021-07,0.032114956031743566
9089528044547831569,2021-07,0.46720570492314517
9089528044547831569,2021-07,0.0028395660462202576
5795100045494475994,2021-07,0.011097923482529644
5795100045494475994,2021-07,0.012996781805983659
3931892303497206092,2021-07,0.003231102556430981
3931892303497206092,2021-07,0.003231102556430981
3931892303497206092,2021-07,0.003231102556430981
2900002014851776114,2021-07,0.17576165023473123
835441927760881602,2021-07,0.1388749408060589
835441927760881602,2021-07,0.07294313033007177
835441927760881602,2021-07,0.07294313033007177
835441927760881602,2021-07,0.07294313033007177
8512214463586144353,2021-07,0.0009841264369641377
8512214463586144353,2021-07,0.0007879775338892252
8512214463586144353,2021-07,0.040574634728266425
8512214463586144353,2021-07,0.0007879775338892252
8512214463586144353,2021-07,0.0005923384018634328
8512214463586144353,2021-07,0.0010816761230381792
1253437108265925705,2021-07,0.0014759864738493414
1253437108265925705,2021-07,0.0015020482468815536
1253437108265925705,2021-07,0.0016111111676123777
5503391736465275980,2021-07,0.0015633366604968439
2006188298374001315,2021-07,0.0026251169317148652
2006188298374001315,2021-07,0.004367774204772706
2006188298374001315,2021-07,0.002906253521212442
3192341047315717823,2021-07,0.09153830740574334
5166128847048245697,2021-07,0.00033491199596574143
5166128847048245697,2021-07,0.0003585346577522117
8889055492416898333,2021-07,0.03058742871605852
8889055492416898333,2021-07,0.154892043605525
8889055492416898333,2021-07,0.019855336451969876
1368430815953333691,2021-07,0.10525552528010437
3248432590399829766,2021-07,0.0006667631880991233
3248432590399829766,2021-07,0.0006752120602997885
7041489327620930099,2021-07,0.0206954444820664
7041489327620930099,2021-07,0.014411505123437333
1117184216453911295,2021-07,0.007659994429532038
1117184216453911295,2021-07,0.011180520501705375
1117184216453911295,2021-07,0.007659994429532038
2771214050521171719,2021-07,0.0026766315550177636
2771214050521171719,2021-07,0.0029625775691446334
8503092146854371576,2021-07,0.01992143958186551
8503092146854371576,2021-07,0.0002161382275297202
7692335720341018458,2021-07,0.003954100875074397
7692335720341018458,2021-07,0.0038787689173462774
93982185886107798,2021-07,0.013929816930363438
93982185886107798,2021-07,0.013929816930363438
93982185886107798,2021-07,0.013042239309863453
7471183491728700531,2021-07,0.09794120585443496
5274777191770957761,2021-07,0.10185249860305172
5274777191770957761,2021-07,0.10277291214019132
8609938720215175911,2021-07,0.0012655791246565706
8609938720215175911,2021-07,0.0013449386090561004
2726314736140152277,2021-07,0.839564956779713
2726314736140152277,2021-07,0.7614239900755092
175003104385133396,2021-07,0.051458459459391696
175003104385133396,2021-07,0.003904033706663389
1637960623843047520,2021-07,0.034437289097469556
1637960623843047520,2021-07,0.02769546179464922
1637960623843047520,2021-07,0.6989678643052226
1637960623843047520,2021-07,0.021693424843091395
4043546053926060305,2021-07,0.3696297690290481
4043546053926060305,2021-07,0.420391270112374
4043546053926060305,2021-07,0.4189543420096301
4043546053926060305,2021-07,0.35943338066637304
4043546053926060305,2021-07,0.365502085480421
1778014915038250584,2021-07,0.09137320439857377
7347715771145302549,2021-07,0.0006997286493729788
7347715771145302549,2021-07,0.000434922670674056
7347715771145302549,2021-07,0.001034435672254441
7347715771145302549,2021-07,0.0005711145203651506
7347715771145302549,2021-07,0.00042228223078795044
1891145854263312840,2021-07,0.08437116818816758
1002362614649347438,2021-07,0.0013031309760241539
4166581859919473627,2021-07,0.0028474341617199953
4166581859919473627,2021-07,0.004620250044228169
1210783884008131648,2021-07,0.00017688449363613835
1210783884008131648,2021-07,0.00018766250340047753
1210783884008131648,2021-07,0.0001896048524140641
7787306805605072964,2021-07,0.36698490228327457
6724017568171288443,2021-07,0.002368765447561822
6724017568171288443,2021-07,0.002297240260765407
4714214581184951490,2021-07,0.0028752323727399185
1553628056929342565,2021-07,0.0037786603222977706
7395696797140470088,2021-07,0.00013477938006780922
7395696797140470088,2021-07,0.0001609752725879653
7395696797140470088,2021-07,0.00014621583999249258
8919892162361650175,2021-07,0.09853681437639235
8313765100460016738,2021-07,0.3256392037437982
8313765100460016738,2021-07,0.3424382699574703
39547025441582855,2021-07,0.806862987325927
662944582644865942,2021-07,0.011273000488079664
8784237149961904,2021-07,0.0013422006966670936
8784237149961904,2021-07,0.0015026103511718487
1977574645216036803,2021-07,0.7775816990543505
3713742318997880410,2021-07,0.00197231250295169
3713742318997880410,2021-07,0.04009111169142072
2808145376905474927,2021-07,0.14734326809507242
2808145376905474927,2021-07,0.004716484995573905
4566920105008626302,2021-07,0.001182392826874661
4566920105008626302,2021-07,0.001114046856425643
4566920105008626302,2021-07,0.0013635978695694818
1106971614386004604,2021-07,0.004869569015585908
2772135008486239291,2021-07,0.006791367592505897
2772135008486239291,2021-07,0.005397277740614815
8505870778358741102,2021-07,0.0025711663364386557
8505870778358741102,2021-07,0.002750519879142497
8505870778358741102,2021-07,0.002791591177293773
8505870778358741102,2021-07,0.0026095665006493473
8505870778358741102,2021-07,0.002750519879142497
2530707686830644666,2021-07,0.011308386312202181
2530707686830644666,2021-07,0.013078051473811497
2530707686830644666,2021-07,0.01170899766329373
7628167057144760589,2021-07,0.00579848882330624
7628167057144760589,2021-07,0.0047981206150241075
6865071386683133124,2021-07,0.0013836399801307499
7403979270048469991,2021-07,0.02101817665237731
7403979270048469991,2021-07,0.0006521778591486261
4995217181024687397,2021-07,0.0003126603849968756
4995217181024687397,2021-07,0.000251471825359261
2302464746243069589,2021-07,0.0030519998057992217
2302464746243069589,2021-07,0.06260517929302632
3338087778895249031,2021-07,0.2816104611920548
5503073374822479037,2021-07,0.001835730533113125
8400764778654490278,2021-07,0.044588401312569616
5200455618694210402,2021-07,0.0014490406426335431
3536704882799524586,2021-07,0.007207140993109725
3536704882799524586,2021-07,0.007207140993109725
2535803443850893368,2021-07,0.05257047797519917
5606267905834401873,2021-07,0.0007039898600368535
5606267905834401873,2021-07,0.000821430603294034
5606267905834401873,2021-07,0.05299711928762942
5606267905834401873,2021-07,0.0008861634201663197
121658372387044248,2021-07,0.003650480055481073
121658372387044248,2021-07,0.00309507917640457
511305041047444825,2021-07,0.020059962584179383
8480109508191086169,2021-07,0.0005258548483265933
2951563549197799278,2021-07,0.000493518134270569
2951563549197799278,2021-07,0.000493518134270569
2951563549197799278,2021-07,0.0008037206370188273
8343941262792249232,2021-07,0.010371788495291703
8343941262792249232,2021-07,0.01124510385204853
8343941262792249232,2021-07,0.01124510385204853
3480297543931395935,2021-07,0.05430963248100947
3480297543931395935,2021-07,0.04308438306113224
3480297543931395935,2021-07,0.031239515699825925
3480297543931395935,2021-07,0.0349853073635766
3480297543931395935,2021-07,0.02178664416866227
7920896580423665241,2021-07,0.002102748871534035
2322847438374159400,2021-07,0.001545127878836304
2322847438374159400,2021-07,0.0012643667416846601
8090492548102964782,2021-07,0.06308092676259813
8090492548102964782,2021-07,0.06503213679361658
113538242419211987,2021-07,0.0021357490058720474
9099218788416728596,2021-07,0.9320415690999041
6546850858912852316,2021-07,0.2648667098744665
6546850858912852316,2021-07,0.21738792592748715
2382123267535341265,2021-07,0.021886979465054916
2382123267535341265,2021-07,0.021886979465054916
2382123267535341265,2021-07,0.1217454249870155
2382123267535341265,2021-07,0.0035581616266838474
2382123267535341265,2021-07,0.004152538514226781
2382123267535341265,2021-07,0.021575538861554073
1951407691087813358,2021-07,0.00047995158576699014
1951407691087813358,2021-07,0.0005241370651723603
1951407691087813358,2021-07,0.0005485575249662262
8162017568751362437,2021-07,0.03301001237698791
8162017568751362437,2021-07,0.03301001237698791
8162017568751362437,2021-07,0.03301001237698791
2658946240987854807,2021-07,0.0006788630558354307
2658946240987854807,2021-07,0.000793123698258227
2658946240987854807,2021-07,0.0010127728847309715
1698828605814171242,2021-07,0.0018495311565782909
1698828605814171242,2021-07,0.0018495311565782909
3027683745465216663,2021-07,0.004159908525883696
3027683745465216663,2021-07,0.014720433877421467
3027683745465216663,2021-07,0.004211123107659119
6448580780254847411,2021-07,0.0006898273336091469
6448580780254847411,2021-07,0.0010414052888493498
5122095358293179297,2021-07,0.006579704674850355
5122095358293179297,2021-07,0.05119942828886593
5136739522477907100,2021-07,0.00579248185540214
5136739522477907100,2021-07,0.007371643359264918
3258345688897172820,2021-07,0.006723727842096773
3258345688897172820,2021-07,0.009251834783977436
5263285038415073073,2021-07,0.24311104014090804
5371387005775513675,2021-07,0.01994021427583476
5371387005775513675,2021-07,0.5409675416263867
5371387005775513675,2021-07,0.6193449261993326
4858887739802767402,2021-07,0.0007913317083279379
3812760626052898456,2021-07,0.00043314758366485716
3538481420098344176,2021-07,0.23383432772840976
3731278848600349375,2021-07,0.00321158695780034
2119292203323657032,2021-07,0.0006607005956564706
2119292203323657032,2021-07,0.0007134439725342153
3382624494518753363,2021-07,0.11842281610489166
3382624494518753363,2021-07,0.7193196371751029
3382624494518753363,2021-07,0.11842281610489166
3382624494518753363,2021-07,0.11842281610489166
1788369195969129749,2021-07,0.0018632989550000892
6276792736652545216,2021-07,0.0032363199900145444
1272921915900711149,2021-07,0.003862727466355821
7779268298304613772,2021-07,0.008110623353214844
4414438591613884911,2021-07,0.0037581659202386973
4414438591613884911,2021-07,0.0037901541301847037
4414438591613884911,2021-07,0.004932424142874675
7120090169052575663,2021-07,0.0004656132409976684
7120090169052575663,2021-07,0.00037649575154468534
7176848230239877915,2021-07,0.003504051800508185
7176848230239877915,2021-07,0.0030867106307473757
7176848230239877915,2021-07,0.019679145288903847
191536915328669008,2021-07,0.29052620487427616
1864367736036633256,2021-07,0.007768109559338752
1864367736036633256,2021-07,0.007768109559338752
5409960473983330744,2021-07,0.010280391415697929
4919908458022265747,2021-07,0.00604316438006608
4919908458022265747,2021-07,0.00637181162417531
4018182555897034052,2021-07,0.0006185244784997253
4018182555897034052,2021-07,0.0007048021908491909
6909701795322574613,2021-07,0.023054708532824535
6145308913889808258,2021-07,0.9652238959443726
6145308913889808258,2021-07,0.05008918621028466
8548612698724688238,2021-07,0.0027490197681192038
8828303152301461681,2021-07,0.18478917503361067
8828303152301461681,2021-07,0.022144180882638864
8828303152301461681,2021-07,0.1906745663590393
7182085930008391174,2021-07,0.013624498063428553
7182085930008391174,2021-07,0.00734937045149331
622073912578471754,2021-07,0.0623703667747757
8662923640484889291,2021-07,0.0014153290430386483
2778852475840838977,2021-07,0.03533510123604079
6643358471662528195,2021-07,0.00016703631896747796
6643358471662528195,2021-07,0.0002590198415392908
2201150681962815877,2021-07,0.0022561068571463915
2201150681962815877,2021-07,0.0014041569911243373
5893903674205161232,2021-07,0.0012703312637850673
5893903674205161232,2021-07,0.001480296627639526
5893903674205161232,2021-07,0.0012340490917257109
1357573192598249600,2021-07,0.0048788748322134414
1357573192598249600,2021-07,0.009434872468493278
4588313530969303734,2021-07,0.03712578408813933
4588313530969303734,2021-07,0.03737894626502744
4588313530969303734,2021-07,0.03737894626502744
4588313530969303734,2021-07,0.029042795612079446
7171835894416689226,2021-07,0.002327003212039305
4527499691197377217,2021-07,0.0020103372027015115
3668905663669864663,2021-07,0.0010770539022826996
3668905663669864663,2021-07,0.0012909653964017613
1674864668198542837,2021-07,0.07551974290444037
1674864668198542837,2021-07,0.05668332596244553
1477629972594346481,2021-07,0.013317940252737892
1477629972594346481,2021-07,0.0917986417887037
1477629972594346481,2021-07,0.013317940252737892
5958664040344043635,2021-07,0.0015691592487045104
5082813456193598086,2021-07,0.0831712451832135
5082813456193598086,2021-07,0.004363274711576702
5048392903148444335,2021-07,0.010885636461709362
1579681122696922043,2021-07,0.01859008693101153
3415156360538677905,2021-07,0.005801382843920537
3415156360538677905,2021-07,0.005801382843920537
271068078606473697,2021-07,0.0009728121188987782
5440313607363845188,2021-07,0.009673059837793898
5440313607363845188,2021-07,0.00025758930086438567
1613152204777372951,2021-07,0.005571536562216751
4210463673385510745,2021-07,0.9258055485335758
4210463673385510745,2021-07,0.010043664716024187
1683619849073499603,2021-07,0.00299419589241911
1683619849073499603,2021-07,0.002944055968064846
5358243820364010940,2021-07,0.03128187353913911
5358243820364010940,2021-07,0.0020643284115408845
7949169060790541229,2021-07,0.0027088466518964535
5791518044186095039,2021-07,0.009077110962096149
5791518044186095039,2021-07,0.0007280141223513399
8724731934863284019,2021-07,0.009649833680860968
8724731934863284019,2021-07,0.009649833680860968
8724731934863284019,2021-07,0.014974555211480889
8724731934863284019,2021-07,0.030337976360001424
1741049493106216406,2021-07,0.4833966760879251
6337915293429442229,2021-07,0.017957817100942772
4635578010631860111,2021-07,0.06364731578690881
6122719618012473549,2021-07,0.00383641112778422
3118683330911759410,2021-07,0.1910764207440434
3118683330911759410,2021-07,0.1910764207440434
7719481195372677540,2021-07,0.0016519594344871714
7719481195372677540,2021-07,0.0013851757744934047
8374461419511631785,2021-07,0.006312691004484036
8374461419511631785,2021-07,0.004382828649946201
1678680306005074426,2021-07,0.002828528088530225
1678680306005074426,2021-07,0.0025285078877704927
1678680306005074426,2021-07,0.0026916765002434426
8487807876567995441,2021-07,0.2377689610724905
8487807876567995441,2021-07,0.002953063313110849
8487807876567995441,2021-07,0.002827863525909215
1467843186411742274,2021-07,0.3152724053502094
3698481516392183789,2021-07,0.0007645554925040585
5198904647759787695,2021-07,0.0013978708162428943
3275327267689584006,2021-07,0.2684284573770532
3386019519917828299,2021-07,0.003935774699474631
8196449005061156808,2021-07,0.002151273531488524
3283662016127058429,2021-07,0.0023281473250064745
3555655653190753786,2021-07,0.044459254956075805
7665801401860589626,2021-07,0.001841593674867928
6020593949794792044,2021-07,0.012404006763680793
6020593949794792044,2021-07,0.03607612041669638
6824842959463625344,2021-07,0.1516222697165298
234898976850399181,2021-07,0.005406868291936617
4817816966382229074,2021-07,0.00347387690644366
4817816966382229074,2021-07,0.00347387690644366
4817816966382229074,2021-07,0.00347387690644366
4817816966382229074,2021-07,0.0027235128085701266
4817816966382229074,2021-07,0.003549825363490348
3511416927745338332,2021-07,0.00035088699322935126
3511416927745338332,2021-07,0.0005797967872581037
3511416927745338332,2021-07,0.0007217435787131312
3511416927745338332,2021-07,0.00039398056886995336
3511416927745338332,2021-07,0.0007251739304222156
3511416927745338332,2021-07,0.0007251739304222156
3511416927745338332,2021-07,0.0007919237669377536
2335982750277990437,2021-07,0.030909081296440974
4090195792518021727,2021-07,0.0034684402815910675
3690886209682028027,2021-07,0.011069142271033797
3690886209682028027,2021-07,0.01085541529406025
3690886209682028027,2021-07,0.01085541529406025
9101617110967101591,2021-07,0.003384865450215761
6681781879793693802,2021-07,0.0004005449342911072
4284129442855564250,2021-07,0.0033711080414680033
9052787288251876909,2021-07,0.001341918271159243
2444743522510084109,2021-07,0.003723098988836497
940214356651040716,2021-07,0.09778919120351737
3045840317107313913,2021-07,0.003752411933506247
7142043104834932013,2021-07,0.020976492453045434
4785355632922927313,2021-07,0.07433373311304246
4785355632922927313,2021-07,0.06504759508528603
4956614249204803652,2021-07,0.006847399098555074
4956614249204803652,2021-07,0.3501903053981673
4956614249204803652,2021-07,0.007364990653783678
15070048310374146,2021-07,0.013660128106651315
7200509200540839533,2021-07,0.001976713886579324
7200509200540839533,2021-07,0.0018492130484071931
4614484019183480654,2021-07,0.0039687064848780975
7999843484680834128,2021-07,0.027634573893827213
2377020220794016532,2021-07,0.004781450180629282
1273229638516517354,2021-07,0.026184533627334368
5522764880180045081,2021-07,0.016126539758349778
180672270337706285,2021-07,0.7071503679043463
180672270337706285,2021-07,0.6574958769933116
180672270337706285,2021-07,0.6574958769933116
2088532321693492263,2021-07,0.037514582403563104
326257359176916767,2021-07,0.00013481919829422072
5901769182336230217,2021-07,0.011745977897180331
5517114603826429870,2021-07,0.021641276945098428
5517114603826429870,2021-07,0.011508226535013868
5517114603826429870,2021-07,0.021641276945098428
5517114603826429870,2021-07,0.004855813426910014
1069093308328204542,2021-07,0.0011631035928687868
1234611356650812259,2021-07,0.050906522713787136
2191990606593345695,2021-07,0.0035549133530988464
2191990606593345695,2021-07,0.006634182156835266
5607900901204647807,2021-07,0.003142309207707752
7770458886439606839,2021-07,0.07954953277916502
7968118679747232249,2021-07,0.11363806978279702
6810366761249506182,2021-07,0.0040780679914875
4121608857053177761,2021-07,0.8179928656023417
1059336566956767188,2021-07,0.007297570898200122
792560389712312178,2021-07,0.002258901019513916
792560389712312178,2021-07,0.0018240094818776646
8736788139020105764,2021-07,0.9214987574829472
287529573188507001,2021-07,0.002058902819005548
7330131219998265639,2021-07,0.0006592565654866011
4831988987853936627,2021-07,0.0002637677746989583
3279417303675586812,2021-07,0.0011396652093011628
7692330898726665144,2021-07,0.0010151023121510454
7692330898726665144,2021-07,0.0015651380454345977
7828430488099134389,2021-07,0.01603006345648898
5429414161455643517,2021-07,0.3116939789475693
3516294920850464913,2021-07,0.004731137073890478
6617479989097680138,2021-07,0.033099806418298336
7031913170099381454,2021-07,0.16326255512767276
7067471043900250355,2021-07,0.01224924708540723
2380458252615213706,2021-07,0.027838133324309004
3536431875244944563,2021-07,0.008348510493247306
4862285428951244424,2021-07,0.0003259263904621598
3384356870037163810,2021-07,0.009074598863958496
2179772649873197365,2021-07,0.07184747818856443
6594970822995540982,2021-07,0.024535667983435146
1874387298050692165,2021-07,0.0015489441779674127
2677901391425651891,2021-07,0.0018006458948791801
7246466789138290692,2021-07,0.0031768208160085016
5993765508162121762,2021-07,0.024257422283937003
1272921915900711149,2021-07,0.0030830503116575365
1272921915900711149,2021-08,0.0021038233595619335
2951563549197799278,2021-07,0.0030806242293060036
2951563549197799278,2021-07,0.00048374388184294396
2951563549197799278,2021-07,0.0005869712921556557
2951563549197799278,2021-08,0.024580175729905018
5166128847048245697,2021-07,0.00033491199596574143
5166128847048245697,2021-08,0.00031839655090635144
4537982850248578883,2021-07,0.003130745679160059
4537982850248578883,2021-07,0.003019616576864053
4537982850248578883,2021-07,0.0029152812830988183
4537982850248578883,2021-08,0.0018959043861369034
4537982850248578883,2021-08,0.0022725210128487342
4537982850248578883,2021-08,0.002344547849802671
5274777191770957761,2021-07,0.27663337186539216
5274777191770957761,2021-08,0.07430147742332605
2988042199057874759,2021-07,0.006235018651562258
2988042199057874759,2021-07,0.0020817298238867115
2988042199057874759,2021-07,0.003122265079166356
2988042199057874759,2021-07,0.0051194381286712
2988042199057874759,2021-08,0.0067493274386999326
2988042199057874759,2021-08,0.6810756407188917
2988042199057874759,2021-08,0.012394114252968328
4593070249039532001,2021-07,0.0011507086737626918
4593070249039532001,2021-07,0.0015733584457592762
4593070249039532001,2021-07,0.2867293961162237
4593070249039532001,2021-08,0.0005365075933199271
924957821424248698,2021-07,0.0007153116307083685
924957821424248698,2021-07,0.0012286843518356356
924957821424248698,2021-07,0.0006406655169217115
924957821424248698,2021-07,0.0006333832344497495
924957821424248698,2021-08,0.0004376021856300083
924957821424248698,2021-08,0.0004034071183452657
924957821424248698,2021-08,0.0006108900477658107
924957821424248698,2021-08,0.0004757366748306256
968199235777440720,2021-07,0.000252131843856519
968199235777440720,2021-07,0.00021061170588953065
968199235777440720,2021-07,0.00040374044534219745
968199235777440720,2021-07,0.0007552181999927216
968199235777440720,2021-07,0.00032279084000487663
968199235777440720,2021-08,0.003417705722863589
968199235777440720,2021-08,0.003417705722863589
968199235777440720,2021-08,0.002976783226753003
968199235777440720,2021-08,0.11802877891956716
968199235777440720,2021-08,0.0026044247312837572
968199235777440720,2021-08,0.0031007130035366416
968199235777440720,2021-08,0.0024520352752966327
6330043096034525408,2021-07,0.06657674133829257
6330043096034525408,2021-07,0.05748530157471713
6330043096034525408,2021-08,0.7296530149300425
6330043096034525408,2021-08,0.8802999037011202
1637960623843047520,2021-07,0.03329285747817203
1637960623843047520,2021-07,0.8667509937137416
1637960623843047520,2021-07,0.07444784328962971
1637960623843047520,2021-07,0.060194647180307335
1637960623843047520,2021-07,0.03329285747817203
1637960623843047520,2021-07,0.03329285747817203
1637960623843047520,2021-08,0.02013172053825522
1637960623843047520,2021-08,0.02097791674023776
1637960623843047520,2021-08,0.02013172053825522
1637960623843047520,2021-08,0.02013172053825522
1637960623843047520,2021-08,0.8683997812657465
1477629972594346481,2021-07,0.013652005212280724
1477629972594346481,2021-08,0.0436528882258355
1477629972594346481,2021-08,0.4330189172712538
1477629972594346481,2021-08,0.016385494907784424
8733525963966339207,2021-07,0.31168953350397055
8733525963966339207,2021-07,0.8105736054947462
8733525963966339207,2021-07,0.4291561879183527
8733525963966339207,2021-07,0.514444639070955
8733525963966339207,2021-07,0.2627785819174141
8733525963966339207,2021-07,0.44189321953359706
8733525963966339207,2021-07,0.3448988939989745
8733525963966339207,2021-08,0.3486886078842151
8733525963966339207,2021-08,0.2827127834888582
8733525963966339207,2021-08,0.6959438510697774
8733525963966339207,2021-08,0.14716449941811846
2554972344348383830,2021-07,0.00607822081781634
2771214050521171719,2021-07,0.0022684377605865914
2771214050521171719,2021-07,0.0031280801368998214
2771214050521171719,2021-07,0.0022118769976173297
2771214050521171719,2021-07,0.0022684377605865914
2771214050521171719,2021-07,0.0026766315550177636
2771214050521171719,2021-08,0.0005224532629962173
2771214050521171719,2021-08,0.0004931514841010822
2658946240987854807,2021-07,0.0015345533395736063
2658946240987854807,2021-07,0.0015345533395736063
2658946240987854807,2021-07,0.001959132868194496
2658946240987854807,2021-07,0.001959132868194496
2658946240987854807,2021-08,0.0010093010549197669
6547707428090179960,2021-07,0.00974728315021183
6547707428090179960,2021-07,0.007556293500078683
6547707428090179960,2021-07,0.0080592510912318
6547707428090179960,2021-08,0.012719313034772863
8662923640484889291,2021-07,0.0014153290430386483
8662923640484889291,2021-07,0.0019660986177123386
6582676833651678345,2021-07,9.903559348590555e-05
6582676833651678345,2021-07,0.00010784371113330718
6582676833651678345,2021-08,0.00012047583348649928
6582676833651678345,2021-08,0.0001281112830576701
6582676833651678345,2021-08,8.384602039286296e-05
6582676833651678345,2021-08,7.562800215635498e-05
6582676833651678345,2021-08,0.0001360035418532671
6582676833651678345,2021-08,8.612259461040514e-05
2532435113844289043,2021-07,0.0005065558565096758
2532435113844289043,2021-07,0.00037081762598993443
2532435113844289043,2021-07,0.0005065558565096758
2532435113844289043,2021-07,0.00037081762598993443
2532435113844289043,2021-07,0.0005065558565096758
2532435113844289043,2021-08,0.0004026329932383118
2532435113844289043,2021-08,0.0005306822057187547
2532435113844289043,2021-08,0.0004026329932383118
2532435113844289043,2021-08,0.0005306822057187547
8889055492416898333,2021-07,0.047881364991382146
8889055492416898333,2021-08,0.06472077942039406
8889055492416898333,2021-08,0.11316048093955865
8889055492416898333,2021-08,0.07162573882534476
8889055492416898333,2021-08,0.15202904206514778
1678680306005074426,2021-07,0.01735553815473661
6916556752218696485,2021-07,0.0026130421564972877
6916556752218696485,2021-07,0.0025408904644326157
6916556752218696485,2021-07,0.0037414410037743527
6916556752218696485,2021-07,0.0036849720385730878
6916556752218696485,2021-07,0.005640567432787504
6916556752218696485,2021-07,0.004719267522439367
6916556752218696485,2021-07,0.0030319717079116287
6916556752218696485,2021-07,0.002439562698046136
6916556752218696485,2021-07,0.002439562698046136
6916556752218696485,2021-07,0.0033098667147107245
6916556752218696485,2021-07,0.0025408904644326157
6916556752218696485,2021-07,0.005640567432787504
6916556752218696485,2021-08,0.0013726730089758745
6916556752218696485,2021-08,0.0013914493307549288
6916556752218696485,2021-08,0.0013345264263022894
6916556752218696485,2021-08,0.001592824426652104
6916556752218696485,2021-08,0.0014053215833874472
6916556752218696485,2021-08,0.002583422498914116
6916556752218696485,2021-08,0.0013914493307549288
6916556752218696485,2021-08,0.001812101954820422
6916556752218696485,2021-08,0.0020721813963435324
6367769402148499693,2021-07,0.001876695872925055
6367769402148499693,2021-07,0.001876695872925055
6367769402148499693,2021-08,0.002995109139777904
1192891347324061812,2021-07,0.0005234809011986115
1192891347324061812,2021-07,0.00026749788300913397
1192891347324061812,2021-07,0.0004946809872467294
1192891347324061812,2021-08,0.000319819429647065
1192891347324061812,2021-08,0.0004305288232991557
524026009392362402,2021-07,0.0020386474273481016
524026009392362402,2021-07,0.0020386474273481016
8609938720215175911,2021-07,0.0012001837831005654
8609938720215175911,2021-07,0.0013939455286941095
8609938720215175911,2021-07,0.0013116981388028416
8609938720215175911,2021-08,0.004541887038362582
8609938720215175911,2021-08,0.00593004509357873
8609938720215175911,2021-08,0.005200072351013172
5122095358293179297,2021-07,0.005360855378556557
5122095358293179297,2021-08,0.004752931724452408
5122095358293179297,2021-08,0.002886426519892447
499242942549937267,2021-07,0.02102541852368189
499242942549937267,2021-07,0.02102541852368189
499242942549937267,2021-07,0.02146172980811964
499242942549937267,2021-07,0.02106896214760519
499242942549937267,2021-07,0.022269152300278167
499242942549937267,2021-07,0.02102541852368189
499242942549937267,2021-07,0.02102541852368189
499242942549937267,2021-07,0.06322192455357768
499242942549937267,2021-08,0.05151618578234094
499242942549937267,2021-08,0.20144174326790334
499242942549937267,2021-08,0.05648579874823297
499242942549937267,2021-08,0.06750719136830483
4900073965147412482,2021-07,0.00029219415630405056
1617695035450525647,2021-07,8.899839514765919e-05
1617695035450525647,2021-07,6.157246341838349e-05
1617695035450525647,2021-07,5.8084131748432484e-05
1617695035450525647,2021-07,5.8084131748432484e-05
1617695035450525647,2021-07,5.891997243431259e-05
1617695035450525647,2021-07,7.023957341200724e-05
1617695035450525647,2021-07,6.876314701306705e-05
1617695035450525647,2021-07,5.426562124708813e-05
1617695035450525647,2021-07,7.001917885852881e-05
1617695035450525647,2021-07,8.350905447047518e-05
1617695035450525647,2021-08,0.00011885732958005096
1617695035450525647,2021-08,4.479841371539482e-05
1617695035450525647,2021-08,3.419852539787822e-05
1617695035450525647,2021-08,4.5380114177360955e-05
1617695035450525647,2021-08,4.5380114177360955e-05
1617695035450525647,2021-08,0.00025120976309968523
1617695035450525647,2021-08,3.2796798258491144e-05
1617695035450525647,2021-08,4.4345955213752764e-05
1617695035450525647,2021-08,0.00010538847772194292
1617695035450525647,2021-08,5.197247845252947e-05
340285351737204923,2021-07,0.021001452088492703
340285351737204923,2021-07,0.021001452088492703
340285351737204923,2021-07,0.021001452088492703
340285351737204923,2021-07,0.021962877801734414
340285351737204923,2021-08,0.022399964964415334
340285351737204923,2021-08,0.022399964964415334
6271697692808086495,2021-07,0.0069170438711675854
6271697692808086495,2021-07,0.004446315668973837
6271697692808086495,2021-07,0.004446315668973837
6271697692808086495,2021-07,0.005665142087625575
6271697692808086495,2021-07,0.004566888032639488
6271697692808086495,2021-08,0.003946843085492826
6271697692808086495,2021-08,0.003901701510577471
6271697692808086495,2021-08,0.003887131176150088
6271697692808086495,2021-08,0.003939448057522395
49632905576538927,2021-07,0.00040872839567475546
1117184216453911295,2021-07,0.007568725202746638
1117184216453911295,2021-07,0.006249182167795228
1117184216453911295,2021-08,0.25808597232303937
1117184216453911295,2021-08,0.145465651381208
4104959289203999917,2021-07,0.00115713284769688
4104959289203999917,2021-07,0.0016068072407010867
2943087245123311166,2021-07,0.0074458712173791144
2943087245123311166,2021-07,0.002915616416827219
2943087245123311166,2021-08,0.005222574938192814
2943087245123311166,2021-08,0.0047387031291721594
621182491555347581,2021-07,0.03904093853262771
621182491555347581,2021-07,0.0523926293490487
621182491555347581,2021-07,0.03233621310984448
621182491555347581,2021-07,0.01693731761303144
621182491555347581,2021-07,0.04970967404794032
621182491555347581,2021-08,0.003325244042231898
621182491555347581,2021-08,0.004934166589377703
621182491555347581,2021-08,0.017894926421195164
4995217181024687397,2021-07,0.0003063092051619258
4995217181024687397,2021-07,0.0003063092051619258
4995217181024687397,2021-07,0.00029970407696948084
4995217181024687397,2021-08,0.0001840515717395508
4995217181024687397,2021-08,0.00013041944835440165
4995217181024687397,2021-08,9.57332413076783e-05
4995217181024687397,2021-08,9.57332413076783e-05
7458891296671174680,2021-07,0.3295872564046626
7231408738455755015,2021-07,0.7128878112088558
7231408738455755015,2021-07,0.7592665285988376
7231408738455755015,2021-07,0.7431938885901661
7231408738455755015,2021-08,0.913020979207307
7231408738455755015,2021-08,0.5995559006209987
8536031856585966123,2021-07,0.01971173587041957
8536031856585966123,2021-08,0.018573969897149063
7535160686416710323,2021-07,0.001735943931453561
7535160686416710323,2021-07,0.0015562618465435835
7535160686416710323,2021-08,0.0018972958776698732
7908414709866823255,2021-07,0.0010717379108203108
7908414709866823255,2021-07,0.0008312231190934386
7908414709866823255,2021-07,0.0011518153101680558
7908414709866823255,2021-08,0.0005653241293433601
7908414709866823255,2021-08,0.0006778890517686
7289435138601868544,2021-07,0.0016348588150131558
7289435138601868544,2021-07,0.002661609048263681
7289435138601868544,2021-08,0.005324469761948104
7289435138601868544,2021-08,0.01007255747527174
6198047969028248384,2021-07,0.0025668768598445984
6198047969028248384,2021-08,0.0032037930379419095
6198047969028248384,2021-08,0.5547217836504003
3283662016127058429,2021-07,0.001069245193937779
3283662016127058429,2021-08,0.001048058408798625
417157680860985231,2021-07,7.17531294175498e-05
417157680860985231,2021-07,3.9773808778281394e-05
417157680860985231,2021-08,1.2879602785001965e-05
417157680860985231,2021-08,1.0752597301773832e-05
417157680860985231,2021-08,1.6902146691039332e-05
5301988619224057921,2021-07,0.9338114375949567
5301988619224057921,2021-07,0.36019602353603386
5301988619224057921,2021-07,0.36019602353603386
5301988619224057921,2021-07,0.33858192330910414
5301988619224057921,2021-07,0.943152167415793
5301988619224057921,2021-08,0.9764548005436785
8926565682509268383,2021-07,0.00482718660446342
8926565682509268383,2021-07,0.002114895953924048
8926565682509268383,2021-07,0.00482718660446342
8926565682509268383,2021-07,0.004365032252485517
8926565682509268383,2021-07,0.0020256894067669537
8926565682509268383,2021-07,0.0020885646641484955
8926565682509268383,2021-07,0.003963154832879818
8926565682509268383,2021-08,0.0016717417182587966
8926565682509268383,2021-08,0.0011343173509801854
8926565682509268383,2021-08,0.001630959409646078
8926565682509268383,2021-08,0.0023089343999917007
7722287846688771887,2021-07,0.0037660556066998964
7722287846688771887,2021-08,0.0011920985329937736
5993765508162121762,2021-07,0.023325545535382432
5993765508162121762,2021-08,0.03298248750078135
5993765508162121762,2021-08,0.03967024341531787
2033394215069562776,2021-07,0.006773836753491683
2033394215069562776,2021-07,0.006651210138339005
2033394215069562776,2021-07,0.00892589418646439
2033394215069562776,2021-07,0.009619941421308209
6053752047545474051,2021-07,0.0019266696662357796
6053752047545474051,2021-07,0.0019266696662357796
6053752047545474051,2021-07,0.0019266696662357796
6053752047545474051,2021-07,0.0022942174840296634
6053752047545474051,2021-07,0.001653921997612475
6053752047545474051,2021-07,0.0019266696662357796
6053752047545474051,2021-07,0.0008829561498713964
6053752047545474051,2021-07,0.005202433336346046
6053752047545474051,2021-08,0.002360669414771563
6053752047545474051,2021-08,0.0023999690160764076
6053752047545474051,2021-08,0.0022064840593565846
6053752047545474051,2021-08,0.0032237762562829504
6053752047545474051,2021-08,0.0022643340378464437
6053752047545474051,2021-08,0.003628118752792176
2302464746243069589,2021-07,0.003331238070380811
2302464746243069589,2021-08,0.008378538624346524
2302464746243069589,2021-08,0.009000552469832019
5577659616907513811,2021-07,0.4213401815653399
5577659616907513811,2021-07,0.4407268433195034
5577659616907513811,2021-07,0.4239371964611314
5577659616907513811,2021-07,0.22523082838568212
5577659616907513811,2021-08,0.438860606534323
5577659616907513811,2021-08,0.4218004235340498
3970572142453508637,2021-07,0.10163750879231445
3970572142453508637,2021-07,0.12649229901640766
3970572142453508637,2021-08,0.10911255510630688
3970572142453508637,2021-08,0.10780046490375807
234898976850399181,2021-07,0.004344299164401938
234898976850399181,2021-07,0.005627920340213868
234898976850399181,2021-08,0.012771172639028676
511305041047444825,2021-07,0.016379384865727303
511305041047444825,2021-07,0.016379384865727303
2408009918678280470,2021-07,0.005159794954966045
2408009918678280470,2021-07,0.005159794954966045
2408009918678280470,2021-07,0.006842079043151349
2408009918678280470,2021-07,0.012258640239671869
2408009918678280470,2021-07,0.008543231482545339
2408009918678280470,2021-07,0.013875617303047639
2408009918678280470,2021-07,0.004897387415202683
2408009918678280470,2021-08,0.004222279777163028
2408009918678280470,2021-08,0.004222279777163028
2408009918678280470,2021-08,0.008108988121981471
2408009918678280470,2021-08,0.006857939368178548
2408009918678280470,2021-08,0.008108988121981471
2408009918678280470,2021-08,0.008108988121981471
2408009918678280470,2021-08,0.0029094251413584443
1891145854263312840,2021-07,0.07125629909957489
1891145854263312840,2021-07,0.024786950539553678
1891145854263312840,2021-08,0.07831341440604027
1891145854263312840,2021-08,0.07831341440604027
4187591029730357479,2021-07,0.00552515697890181
1192810733461560329,2021-07,6.604306467858338e-05
4347826483121154490,2021-07,8.192963923030673e-05
4347826483121154490,2021-07,8.192963923030673e-05
4347826483121154490,2021-07,0.0002528856117005628
4347826483121154490,2021-07,0.00015759357910387212
4347826483121154490,2021-07,0.00011633904191386937
4347826483121154490,2021-07,0.00011089976908951477
4347826483121154490,2021-07,0.00017456197572855624
4347826483121154490,2021-07,7.948833060585608e-05
4347826483121154490,2021-07,0.00016944754713828878
4347826483121154490,2021-07,9.187918175382203e-05
4347826483121154490,2021-08,0.00014372891686556302
4347826483121154490,2021-08,8.312434083138346e-05
4347826483121154490,2021-08,9.756255037769752e-05
4347826483121154490,2021-08,8.203954963158546e-05
4347826483121154490,2021-08,0.00015915914472865872
4347826483121154490,2021-08,8.203954963158546e-05
4347826483121154490,2021-08,0.00015357888686396852
4347826483121154490,2021-08,0.00015711724814338666
4347826483121154490,2021-08,0.00022745922698667873
5462970244186515758,2021-07,0.0008221956772559553
5462970244186515758,2021-07,0.0010773171981249062
5462970244186515758,2021-07,0.001049714057741582
5462970244186515758,2021-07,0.0008011240462956466
5462970244186515758,2021-07,0.001049714057741582
5462970244186515758,2021-07,0.0017963421865537423
5462970244186515758,2021-07,0.001049714057741582
5462970244186515758,2021-08,0.0007814207966226229
5462970244186515758,2021-08,0.0009831471738238958
5462970244186515758,2021-08,0.018990906846390206
5462970244186515758,2021-08,0.0007722912443496965
3698481516392183789,2021-07,0.0008879401069177374
4365965554261111250,2021-07,0.08939842982071047
4365965554261111250,2021-07,0.08939842982071047
4365965554261111250,2021-07,0.08939842982071047
4365965554261111250,2021-07,0.08939842982071047
4365965554261111250,2021-07,0.10085216817276756
4365965554261111250,2021-07,0.011627871718088401
459290606780222306,2021-07,4.993688821811773e-05
459290606780222306,2021-07,6.130923930860301e-05
459290606780222306,2021-07,5.135664977300076e-05
459290606780222306,2021-07,3.9087348819808426e-05
459290606780222306,2021-07,3.9087348819808426e-05
459290606780222306,2021-07,5.135664977300076e-05
459290606780222306,2021-08,0.00013075090872757673
459290606780222306,2021-08,9.951590193578563e-05
459290606780222306,2021-08,9.076514529598835e-05
459290606780222306,2021-08,0.00011925388401544393
459290606780222306,2021-08,0.00011925388401544393
459290606780222306,2021-08,0.00013075090872757673
459290606780222306,2021-08,0.00011925388401544393
459290606780222306,2021-08,0.00011925388401544393
459290606780222306,2021-08,0.00010211201000056666
459290606780222306,2021-08,0.00013416174661214647
6061850657256270336,2021-07,0.0007964906564279084
6061850657256270336,2021-07,0.0007392705878026328
6061850657256270336,2021-07,0.0015634964288044806
5714540197488862003,2021-07,0.13728487342908305
5714540197488862003,2021-08,0.7648751180270367
5714540197488862003,2021-08,0.11990169843274788
4679462479444735708,2021-07,0.0052037112076250315
4679462479444735708,2021-07,0.009025927372946585
4679462479444735708,2021-07,0.0030444387162423224
4679462479444735708,2021-07,0.001958876803589577
4679462479444735708,2021-07,0.009025927372946585
4679462479444735708,2021-07,0.0031315512774040826
4679462479444735708,2021-08,0.026568848160594277
4679462479444735708,2021-08,0.004226111141727344
4679462479444735708,2021-08,0.002531116753650481
4679462479444735708,2021-08,0.002395877121572726
4679462479444735708,2021-08,0.003876235462277721
4679462479444735708,2021-08,0.0016898069254297442
4723919748432185874,2021-07,0.0013938700339710332
4723919748432185874,2021-07,0.001498494415864642
4723919748432185874,2021-07,0.0015694832708958728
4723919748432185874,2021-08,0.0027895959831757762
4723919748432185874,2021-08,0.0027895959831757762
4018182555897034052,2021-07,0.0007048021908491909
4018182555897034052,2021-07,0.0008525573744775328
4018182555897034052,2021-08,0.0004334780068837938
4018182555897034052,2021-08,0.0004755472796983971
4018182555897034052,2021-08,0.0006054721659191426
4018182555897034052,2021-08,0.0004334780068837938
4018182555897034052,2021-08,0.0005149786011873929
4018182555897034052,2021-08,0.0004939564247540367
4850936440093751199,2021-07,0.003127526173378865
4850936440093751199,2021-08,0.0031662733456640476
4850936440093751199,2021-08,0.0043557228063269655
5897410907783139228,2021-07,0.00042126495869391464
5897410907783139228,2021-08,0.0004740144435344761
5897410907783139228,2021-08,0.0004740144435344761
5761480994209806499,2021-07,0.00024694361067843464
5761480994209806499,2021-07,0.000697281327435553
5761480994209806499,2021-07,0.0003923431653642373
5761480994209806499,2021-07,0.00028701495369025306
5761480994209806499,2021-07,0.00025408038605247174
5761480994209806499,2021-07,0.00024293397365738817
5761480994209806499,2021-07,0.0002380454791563495
5761480994209806499,2021-07,0.0002919120967761916
5761480994209806499,2021-07,0.0003923431653642373
5761480994209806499,2021-07,0.00053934504136071
5761480994209806499,2021-07,0.0002525199778214761
5761480994209806499,2021-08,0.00013189655892052664
5761480994209806499,2021-08,0.00022360190895824225
5761480994209806499,2021-08,0.00015127878497109021
5761480994209806499,2021-08,0.0002952185536084397
5761480994209806499,2021-08,0.0002878538651385055
5761480994209806499,2021-08,0.0002874200262322974
5761480994209806499,2021-08,0.00018617755250840696
5761480994209806499,2021-08,0.00015127878497109021
5761480994209806499,2021-08,0.00016151315088133361
5761480994209806499,2021-08,0.00018617755250840696
5761480994209806499,2021-08,0.0002180234200468461
5761480994209806499,2021-08,0.0002180234200468461
5761480994209806499,2021-08,0.00022360190895824225
5761480994209806499,2021-08,0.00027661439309831226
5761480994209806499,2021-08,0.00028369160333442466
5761480994209806499,2021-08,0.00018617755250840696
5761480994209806499,2021-08,0.00018617755250840696
5761480994209806499,2021-08,0.00013189655892052664
5761480994209806499,2021-08,0.0001503496271207128
5893903674205161232,2021-07,0.001583370248371693
5893903674205161232,2021-08,0.0022493676172737143
1182975716201409626,2021-07,0.001269305623664398
1182975716201409626,2021-07,0.0011538818949471477
1182975716201409626,2021-08,0.000710658783500576
1182975716201409626,2021-08,0.0006370505894309282
1182975716201409626,2021-08,0.0010104075536745607
1182975716201409626,2021-08,0.001179379385718382
1182975716201409626,2021-08,0.001012036766811683
819552547620904652,2021-07,0.052172320776295335
819552547620904652,2021-07,0.052172320776295335
819552547620904652,2021-07,0.04704119907026411
819552547620904652,2021-07,0.052172320776295335
819552547620904652,2021-08,0.11508948149394208
1366416810235233769,2021-07,0.0008721115555422002
1366416810235233769,2021-07,0.0010152466295364293
1366416810235233769,2021-08,0.001791843661098001
1661240395903230676,2021-07,0.04023078531481677
1661240395903230676,2021-07,0.042189467832137194
1661240395903230676,2021-07,0.04023078531481677
1661240395903230676,2021-07,0.047278779612702236
8041261093764417881,2021-07,0.0005237222373408557
8041261093764417881,2021-07,0.0005080874288441777
8041261093764417881,2021-07,0.0005635655144548587
8041261093764417881,2021-08,0.00023865165925761195
8041261093764417881,2021-08,0.00022089465030087236
8041261093764417881,2021-08,0.00020698530076345721
8041261093764417881,2021-08,0.0002113242192695798
761746217261797478,2021-07,0.00025521033868999247
761746217261797478,2021-07,0.00015915126812882812
761746217261797478,2021-07,0.00015647871666119517
761746217261797478,2021-08,0.00015566804363535363
761746217261797478,2021-08,0.004804729970671023
761746217261797478,2021-08,0.0002457474265676104
7120090169052575663,2021-07,0.0004796885467705552
7120090169052575663,2021-07,0.0003521691579602152
7120090169052575663,2021-08,0.00043898603932546805
7120090169052575663,2021-08,0.0005340983669798035
5735794880899687600,2021-07,0.003373756546574049
5735794880899687600,2021-08,0.0013447937429573009
5757271354816214865,2021-07,0.5376519182566769
5757271354816214865,2021-07,0.5835195567798855
5757271354816214865,2021-07,0.5863078858536054
5757271354816214865,2021-07,0.5391737949069375
5757271354816214865,2021-07,0.5391737949069375
5757271354816214865,2021-07,0.5577859702256595
5757271354816214865,2021-07,0.6112790561792739
5757271354816214865,2021-07,0.5323597359321816
5757271354816214865,2021-07,0.5740991134244078
5757271354816214865,2021-07,0.5517159684210339
5757271354816214865,2021-07,0.5577859702256595
5757271354816214865,2021-07,0.5577859702256595
5757271354816214865,2021-08,0.5965853225949983
5757271354816214865,2021-08,0.7419770557554338
5757271354816214865,2021-08,0.7749581745026085
5757271354816214865,2021-08,0.550244250035914
5757271354816214865,2021-08,0.8438693136365677
5757271354816214865,2021-08,0.5840890752868999
5757271354816214865,2021-08,0.5965853225949983
5757271354816214865,2021-08,0.6901780147944522
5757271354816214865,2021-08,0.8374309719316135
5757271354816214865,2021-08,0.6445417028204171
5757271354816214865,2021-08,0.7064738226023305
5757271354816214865,2021-08,0.6445417028204171
5757271354816214865,2021-08,0.5965853225949983
5757271354816214865,2021-08,0.8456218856008195
5757271354816214865,2021-08,0.6494091152985659
5757271354816214865,2021-08,0.5646601933763886
5757271354816214865,2021-08,0.6494091152985659
2808145376905474927,2021-07,0.003957169760504457
2808145376905474927,2021-07,0.004091316580238523
2808145376905474927,2021-07,0.004242358779569226
2808145376905474927,2021-08,0.0019142453605655856
3279417303675586812,2021-07,0.0034310501695906824
3279417303675586812,2021-07,0.016381693302838205
5481711897502154955,2021-07,0.004955698170587305
5481711897502154955,2021-07,0.006895082028277117
5481711897502154955,2021-08,0.01162688248883608
5481711897502154955,2021-08,0.008263971978171766
5481711897502154955,2021-08,0.008263971978171766
2083323809219952960,2021-07,0.0005866963917451591
2083323809219952960,2021-07,0.0008674622768039777
2083323809219952960,2021-07,0.0008674622768039777
2083323809219952960,2021-07,0.0005866963917451591
2083323809219952960,2021-07,0.0005866963917451591
2083323809219952960,2021-08,0.0009177632063034933
2083323809219952960,2021-08,0.0012683190160234043
2083323809219952960,2021-08,0.0010569713359151276
2083323809219952960,2021-08,0.0007808253160805613
2083323809219952960,2021-08,0.0007808253160805613
8596605705893456305,2021-07,0.7256947658693689
8596605705893456305,2021-07,0.5510820247726826
8596605705893456305,2021-08,0.5888435612979251
2451708306555441014,2021-07,0.004826818900658662
2451708306555441014,2021-07,0.0032208044582130394
2451708306555441014,2021-07,0.005744381139786271
2451708306555441014,2021-08,0.0018577629668482104
4342146186255136598,2021-07,0.00036663255366218883
4342146186255136598,2021-07,0.0002830102374191043
4342146186255136598,2021-08,0.0009785569535471427
4342146186255136598,2021-08,0.001012787349311614
4342146186255136598,2021-08,0.00729874756164154
4342146186255136598,2021-08,0.0011736706455112676
4342146186255136598,2021-08,0.0011041054309794604
4342146186255136598,2021-08,0.0010612910997378907
4342146186255136598,2021-08,0.001012787349311614
4342146186255136598,2021-08,0.0011275075237904676
4342146186255136598,2021-08,0.0009785569535471427
4342146186255136598,2021-08,0.0011521922293233587
7779268298304613772,2021-07,0.002886547798383566
7779268298304613772,2021-07,0.004116595451962572
7779268298304613772,2021-08,0.05558092744037779
7779268298304613772,2021-08,0.005804034905666581
7779268298304613772,2021-08,0.007012999605137993
7779268298304613772,2021-08,0.00447485819095338
7779268298304613772,2021-08,0.006660080075476879
7779268298304613772,2021-08,0.005668387204368566
7779268298304613772,2021-08,0.00447485819095338
7779268298304613772,2021-08,0.005367832538419158
3480297543931395935,2021-07,0.04805095762303011
3480297543931395935,2021-08,0.6719333771636423
8185063234515056194,2021-07,0.0005844800024917639
8185063234515056194,2021-07,0.0007232823299496398
8185063234515056194,2021-07,0.0006641249020776813
8185063234515056194,2021-08,0.0009313452675866828
8185063234515056194,2021-08,0.0023884983161070413
8185063234515056194,2021-08,0.001855156132957103
8939476669690489534,2021-07,0.001113641329463547
8939476669690489534,2021-07,0.0024706642740369975
8939476669690489534,2021-07,0.0022855120632949426
8939476669690489534,2021-08,0.009151530889199238
4831939798545673038,2021-07,0.006359302568943174
4831939798545673038,2021-07,0.0066997684600536
4831939798545673038,2021-08,0.006712138973990264
3822753345985951756,2021-07,0.0073928947870003465
3822753345985951756,2021-07,0.007267657277970678
3822753345985951756,2021-08,0.038791529529918295
3822753345985951756,2021-08,0.027940687961076453
5794903898038236832,2021-07,0.007168156878226019
5794903898038236832,2021-07,0.005883164961281564
5794903898038236832,2021-07,0.014629143060754756
5794903898038236832,2021-07,0.012022862001683753
5794903898038236832,2021-08,0.0027309719201179606
5794903898038236832,2021-08,0.0027309719201179606
5794903898038236832,2021-08,0.08531743774396419
5409960473983330744,2021-07,0.011280055550038496
5409960473983330744,2021-08,0.011583235557731992
5611787644735474299,2021-07,0.0003442316325209438
5611787644735474299,2021-07,0.00043575153204189113
5611787644735474299,2021-07,0.00035367984875251594
5611787644735474299,2021-07,0.0003442316325209438
5611787644735474299,2021-07,0.0003403249369058767
5611787644735474299,2021-07,0.00029986069130784484
5611787644735474299,2021-07,0.0002960985687071219
5611787644735474299,2021-07,0.00029737279893811284
5611787644735474299,2021-07,0.0002960985687071219
5611787644735474299,2021-07,0.0004794302065731958
5611787644735474299,2021-08,0.0009111237506812389
5611787644735474299,2021-08,0.0003021044147081497
5611787644735474299,2021-08,0.0003021044147081497
5611787644735474299,2021-08,0.00025172560151048514
5611787644735474299,2021-08,0.00043065878871652026
5611787644735474299,2021-08,0.0003021044147081497
5611787644735474299,2021-08,0.0002871476893839424
4045739494965095560,2021-07,0.0002915581065072203
4045739494965095560,2021-07,0.00035345282923058185
4045739494965095560,2021-07,0.0002014369690760173
4045739494965095560,2021-07,0.0002965890894704693
4045739494965095560,2021-07,0.0003656413030227342
4045739494965095560,2021-07,0.018545240593435534
4045739494965095560,2021-07,0.032460692966643744
4045739494965095560,2021-07,0.00035345282923058185
4045739494965095560,2021-08,0.0003142317170204969
4045739494965095560,2021-08,0.00033216130362796905
4045739494965095560,2021-08,0.000518365429064265
4045739494965095560,2021-08,0.00047036922239140753
4045739494965095560,2021-08,0.000518365429064265
4045739494965095560,2021-08,0.00024112062550111647
4045739494965095560,2021-08,0.000385236771816974
4045739494965095560,2021-08,0.0003326874578415207
4045739494965095560,2021-08,0.0003142317170204969
4045739494965095560,2021-08,0.000518365429064265
4045739494965095560,2021-08,0.00035138172297975495
7628167057144760589,2021-07,0.0055576089975174865
7628167057144760589,2021-07,0.007950642106875738
7628167057144760589,2021-07,0.0055864898496875625
7628167057144760589,2021-08,0.0021513068375554048
6030285068945261052,2021-07,0.00026296278600979663
6030285068945261052,2021-08,0.0003001571106174494
6030285068945261052,2021-08,0.0002008218030058316
6030285068945261052,2021-08,0.0003380782955376102
8828303152301461681,2021-07,0.03018641228894889
8828303152301461681,2021-07,0.02062349762726555
8828303152301461681,2021-08,0.03863658242043104
2929243640075785940,2021-07,0.00148939026427421
2929243640075785940,2021-07,0.0009447846402304079
2929243640075785940,2021-07,0.001486589005432108
2929243640075785940,2021-07,0.0006179891877233526
2929243640075785940,2021-08,0.002006950678657313
3248432590399829766,2021-07,0.000836713963770351
3248432590399829766,2021-07,0.000753127789997241
3248432590399829766,2021-07,0.0007343342727150744
3248432590399829766,2021-08,0.0007744737763248876
7613717984547031729,2021-07,0.0014831115049836153
7613717984547031729,2021-08,0.0015074023134205884
7613717984547031729,2021-08,0.0008867351028269141
7613717984547031729,2021-08,0.0015062546513603574
7613717984547031729,2021-08,0.001539487140297346
7613717984547031729,2021-08,0.0011976112102327202
8570963260597299378,2021-07,0.0006972031736622245
8570963260597299378,2021-07,0.00047906247456362645
8570963260597299378,2021-07,0.0007019466310088785
8570963260597299378,2021-07,0.0006549816580980188
8570963260597299378,2021-08,0.0011823517529020674
1953058402621337677,2021-07,0.0022366974943435858
1953058402621337677,2021-07,0.00204545020238633
1953058402621337677,2021-07,0.0011743503689187163
1953058402621337677,2021-07,0.0018084944397305912
1953058402621337677,2021-07,0.0008609850183181237
1953058402621337677,2021-08,0.002806219440503279
1953058402621337677,2021-08,0.0014463711355271894
1953058402621337677,2021-08,0.0014463711355271894
1953058402621337677,2021-08,0.001998714255617759
8911073840712901131,2021-07,0.030657335472518015
9156666134024889730,2021-07,0.006622004745662573
1033361676287635885,2021-07,0.007122864599195197
1033361676287635885,2021-07,0.007122864599195197
1033361676287635885,2021-07,0.007122864599195197
2397171153213063761,2021-07,0.0024947174399941874
2397171153213063761,2021-07,0.002306924776687551
2397171153213063761,2021-07,0.0019138628841825185
2397171153213063761,2021-08,0.005559159193273607
2397171153213063761,2021-08,0.006498523379469041
2397171153213063761,2021-08,0.0037343586699197114
2397171153213063761,2021-08,0.005088336887750594
2397171153213063761,2021-08,0.004440310528382764
2397171153213063761,2021-08,0.0057748164705668705
2397171153213063761,2021-08,0.005337732292565038
2397171153213063761,2021-08,0.006311111243590738
3156852928909455203,2021-07,0.002142346074997965
3156852928909455203,2021-07,0.0022899426033936377
3156852928909455203,2021-08,0.001739475176547291
3156852928909455203,2021-08,0.001739475176547291
3156852928909455203,2021-08,0.001739475176547291
1507697130807703164,2021-07,3.797200699156968e-05
1507697130807703164,2021-08,0.00013575602368879082
1507697130807703164,2021-08,0.00013575602368879082
5799279645678609726,2021-07,0.037802852263081006
8512214463586144353,2021-07,0.0009796482038307568
8512214463586144353,2021-08,0.00233028192494719
8213533889694327948,2021-07,9.020697554912812e-05
8213533889694327948,2021-07,7.359221607715307e-05
8213533889694327948,2021-07,7.794635975617232e-05
8213533889694327948,2021-07,8.313010147915913e-05
8213533889694327948,2021-07,7.81774204233054e-05
8213533889694327948,2021-07,7.208921029297927e-05
8213533889694327948,2021-08,0.003458386499975266
8213533889694327948,2021-08,9.90277875574691e-05
8213533889694327948,2021-08,8.410184675100028e-05
2535803443850893368,2021-07,0.05158542148771585
2535803443850893368,2021-08,0.024778526642472022
7770458886439606839,2021-07,0.0824573549330932
7770458886439606839,2021-08,0.07845187354012928
1156053485989336481,2021-07,0.013945941791584067
1156053485989336481,2021-07,0.01612426253861803
1156053485989336481,2021-07,0.013868019606312952
1156053485989336481,2021-08,0.008406693230314403
1156053485989336481,2021-08,0.008406693230314403
1156053485989336481,2021-08,0.00823571746567673
1156053485989336481,2021-08,0.008359458906177335
1156053485989336481,2021-08,0.008976969732342679
1156053485989336481,2021-08,0.008844169070992053
1156053485989336481,2021-08,0.008844169070992053
1156053485989336481,2021-08,0.008976969732342679
1156053485989336481,2021-08,0.008034147883135471
1156053485989336481,2021-08,0.008926560065122144
1156053485989336481,2021-08,0.008844169070992053
1156053485989336481,2021-08,0.00879449852062566
1156053485989336481,2021-08,0.00879449852062566
1156053485989336481,2021-08,0.008034147883135471
1156053485989336481,2021-08,0.008926560065122144
1156053485989336481,2021-08,0.009244958331644081
1156053485989336481,2021-08,0.00879449852062566
7215093571368368138,2021-07,0.14807615901723423
7215093571368368138,2021-07,0.5870734027430586
7215093571368368138,2021-07,0.18759644969716127
7215093571368368138,2021-07,0.22035847203621203
7215093571368368138,2021-07,0.5870734027430586
7215093571368368138,2021-07,0.5870734027430586
7215093571368368138,2021-07,0.26572372703551567
7215093571368368138,2021-08,0.12356002774952252
7215093571368368138,2021-08,0.12356002774952252
7215093571368368138,2021-08,0.5101963076142663
1711114950158155307,2021-07,0.0027332983689132167
6242636379248496392,2021-07,0.008667820471549226
6242636379248496392,2021-07,0.009160717847908995
6242636379248496392,2021-07,0.01083232709331682
6242636379248496392,2021-08,0.006462639496225082
6242636379248496392,2021-08,0.008218681345952482
6242636379248496392,2021-08,0.0067006204843042165
274692171162531764,2021-07,0.010308841777851087
274692171162531764,2021-07,0.00823162173519158
274692171162531764,2021-07,0.008255367671966267
274692171162531764,2021-07,0.010308841777851087
274692171162531764,2021-07,0.010308841777851087
274692171162531764,2021-08,0.011181419105310649
274692171162531764,2021-08,0.008929962161309616
274692171162531764,2021-08,0.008929962161309616
274692171162531764,2021-08,0.008929962161309616
274692171162531764,2021-08,0.011181419105310649
3228830386980584958,2021-07,0.00062600101662924
3228830386980584958,2021-07,0.0005612245910408091
3228830386980584958,2021-08,0.0020298484366436348
3228830386980584958,2021-08,0.003131582275637091
1454789421854453615,2021-07,0.006208825742846042
1454789421854453615,2021-07,0.005493888720601903
1454789421854453615,2021-07,0.0035054730061947928
1454789421854453615,2021-07,0.006413719281841661
1454789421854453615,2021-07,0.0058383334500804315
1454789421854453615,2021-07,0.006694639973521807
1454789421854453615,2021-08,0.007103843559904099
1454789421854453615,2021-08,0.005833685992448107
1454789421854453615,2021-08,0.002941661160599343
1454789421854453615,2021-08,0.006980926040989408
6545052034269841737,2021-07,0.0010346321781485514
6545052034269841737,2021-07,0.0008606337807865996
6545052034269841737,2021-07,0.001596219869888678
6545052034269841737,2021-07,0.0010514968440835366
6545052034269841737,2021-08,0.0011780541932036547
6545052034269841737,2021-08,0.0005894624045037159
6545052034269841737,2021-08,0.0008073709132626894
6545052034269841737,2021-08,0.0011188520389403022
6545052034269841737,2021-08,0.0006927758326503183
7457803471605010846,2021-07,0.003776096048370115
7457803471605010846,2021-07,0.0025629983332850974
7457803471605010846,2021-07,0.0024440303863117155
7457803471605010846,2021-08,0.0008312284918246316
7457803471605010846,2021-08,0.0007465813527119694
7457803471605010846,2021-08,0.0007662873539694421
8716163053080758848,2021-07,0.0016474654290747571
8716163053080758848,2021-07,0.0018342918959704847
8716163053080758848,2021-07,0.001812257216636827
8716163053080758848,2021-07,0.0018342918959704847
8716163053080758848,2021-07,0.0016474654290747571
8716163053080758848,2021-07,0.001862566132777888
8716163053080758848,2021-08,0.0016187133702928581
8716163053080758848,2021-08,0.0010660454812638665
8716163053080758848,2021-08,0.0015154898328827748
8716163053080758848,2021-08,0.0016187133702928581
8716163053080758848,2021-08,0.0016436700973867908
8716163053080758848,2021-08,0.0016436700973867908
8716163053080758848,2021-08,0.0016187133702928581
8107542605807471599,2021-07,0.9027104801521955
8107542605807471599,2021-07,0.8515893282289639
8107542605807471599,2021-08,0.8995602627640572
5176940320835464459,2021-07,0.00014360338014738922
5176940320835464459,2021-07,0.00019812089323624718
5176940320835464459,2021-07,0.0002185484478292059
5176940320835464459,2021-07,0.00020887606047928606
5176940320835464459,2021-07,0.00021664060000674414
5176940320835464459,2021-07,0.00025279402951041704
5176940320835464459,2021-07,0.0002738020528432946
5176940320835464459,2021-07,0.00028756754546347
5176940320835464459,2021-07,0.0002613929657972599
5176940320835464459,2021-08,0.0001274726451358668
5176940320835464459,2021-08,0.0004436351615434294
5176940320835464459,2021-08,0.0001515142228279915
5176940320835464459,2021-08,0.00013091769673285165
5176940320835464459,2021-08,0.00026185112597485914
5176940320835464459,2021-08,0.00013091769673285165
5303720405946805990,2021-07,0.00017940055956332192
5303720405946805990,2021-07,0.00011539564130741947
5303720405946805990,2021-08,0.0002619614692816157
2347028805684088098,2021-07,0.00014889829829989592
2347028805684088098,2021-07,1.82396899667668e-05
2347028805684088098,2021-07,1.82396899667668e-05
2347028805684088098,2021-08,4.745988141149738e-05
2347028805684088098,2021-08,0.00017257033518363503
2347028805684088098,2021-08,7.747140866678084e-05
2347028805684088098,2021-08,0.00013694111810968923
2347028805684088098,2021-08,4.449851289619871e-05
3118152790263512426,2021-07,0.00844194927976246
3118152790263512426,2021-07,0.006648215290143507
3118152790263512426,2021-07,0.00844194927976246
3118152790263512426,2021-07,0.006648215290143507
3118152790263512426,2021-08,0.007035329761139688
968400235888951633,2021-07,0.0011165638431337868
968400235888951633,2021-08,0.0008244240090588894
968400235888951633,2021-08,0.0008978107842093747
3888528635045328222,2021-07,0.03251932972034574
3888528635045328222,2021-07,0.06820587344024658
3888528635045328222,2021-07,0.03735201273326112
3888528635045328222,2021-07,0.03485279713045541
3888528635045328222,2021-07,0.038091577792309476
3888528635045328222,2021-08,0.034111753631249075
3888528635045328222,2021-08,0.10912306456420405
6118873739225005756,2021-07,0.0004337955003319621
6118873739225005756,2021-08,0.0002768012938048574
3931892303497206092,2021-07,0.005163956336092503
3931892303497206092,2021-08,0.026970866472065806
3931892303497206092,2021-08,0.02745753398872823
3931892303497206092,2021-08,0.023022925975129917
3931892303497206092,2021-08,0.023443677056675362
3931892303497206092,2021-08,0.023443677056675362
8529899700094903171,2021-07,0.0015561534898280327
8529899700094903171,2021-07,0.0015561534898280327
8529899700094903171,2021-07,0.0011481353579926295
8529899700094903171,2021-07,0.0011481353579926295
8529899700094903171,2021-07,0.0014959030884972783
8529899700094903171,2021-07,0.0011481353579926295
8529899700094903171,2021-07,0.001213834085746827
8529899700094903171,2021-07,0.0014959030884972783
8529899700094903171,2021-07,0.0011481353579926295
8529899700094903171,2021-07,0.0011481353579926295
8529899700094903171,2021-07,0.0011481353579926295
8529899700094903171,2021-07,0.0014959030884972783
8529899700094903171,2021-07,0.0011481353579926295
8529899700094903171,2021-07,0.001734885630162136
8529899700094903171,2021-08,0.003784097791548619
8529899700094903171,2021-08,0.002793554695324291
8529899700094903171,2021-08,0.005069544219506753
8529899700094903171,2021-08,0.0037952698225910252
8529899700094903171,2021-08,0.005069544219506753
8529899700094903171,2021-08,0.00420754059193047
8529899700094903171,2021-08,0.0025705983950291976
8529899700094903171,2021-08,0.003784097791548619
8529899700094903171,2021-08,0.0037952698225910252
8529899700094903171,2021-08,0.00420754059193047
8529899700094903171,2021-08,0.002793554695324291
8529899700094903171,2021-08,0.0037952698225910252
8529899700094903171,2021-08,0.002793554695324291
8529899700094903171,2021-08,0.004011834780212449
8529899700094903171,2021-08,0.002953129419766295
8529899700094903171,2021-08,0.004447525438740069
8529899700094903171,2021-08,0.0037952698225910252
5786895437851445408,2021-07,0.011827057846063633
5786895437851445408,2021-08,0.01371508583332186
5786895437851445408,2021-08,0.010095979234161508
1616952665234409442,2021-07,0.05001374158598638
1616952665234409442,2021-07,0.02695463092675591
1616952665234409442,2021-07,0.028665646378944826
1616952665234409442,2021-08,0.21788126274397782
1616952665234409442,2021-08,0.03804977427186904
1616952665234409442,2021-08,0.032866811893434544
8173830874846355280,2021-07,0.0002072631895633869
8173830874846355280,2021-07,0.00011593568920732503
8173830874846355280,2021-07,0.00011593568920732503
8173830874846355280,2021-07,0.0002132443134028411
8173830874846355280,2021-07,0.0002072631895633869
8173830874846355280,2021-07,0.00011458251429733692
8173830874846355280,2021-07,0.0002072631895633869
8173830874846355280,2021-07,0.00011239928674229986
8173830874846355280,2021-07,0.00011593568920732503
8173830874846355280,2021-07,0.00028379234687684474
8173830874846355280,2021-07,0.00026657524639842506
8173830874846355280,2021-07,0.00010385167593159923
8173830874846355280,2021-07,0.00012882696620141354
8173830874846355280,2021-07,0.00011802973027456736
8173830874846355280,2021-08,0.0001462323889461001
8173830874846355280,2021-08,0.00026098539633172355
8173830874846355280,2021-08,0.000148061609646698
8173830874846355280,2021-08,0.00014828522077221578
8173830874846355280,2021-08,0.00014376219791868282
8173830874846355280,2021-08,0.00015447689284123374
8173830874846355280,2021-08,0.0001482990440350639
8173830874846355280,2021-08,0.0003646778242558408
8173830874846355280,2021-08,0.0001523383577681184
8173830874846355280,2021-08,0.0001523383577681184
8173830874846355280,2021-08,0.00015447689284123374
7236776406341522879,2021-07,0.0030102492196726746
3382624494518753363,2021-07,0.13650744305615087
3382624494518753363,2021-07,0.15857776111873845
3382624494518753363,2021-07,0.1427290799037004
3382624494518753363,2021-07,0.1458298743252449
3382624494518753363,2021-08,0.20509908029507665
3382624494518753363,2021-08,0.2709004475034477
3382624494518753363,2021-08,0.806608572583398
1003144834589372198,2021-07,0.0004776043307300915
1003144834589372198,2021-07,0.0005373896263583402
1003144834589372198,2021-07,0.0003594832097661138
1003144834589372198,2021-08,0.00024253059764135418
1003144834589372198,2021-08,0.00027742167906084496
1003144834589372198,2021-08,0.00025283745769538285
1003144834589372198,2021-08,0.00036216594326700716
1003144834589372198,2021-08,0.0003427625150401319
4043546053926060305,2021-07,0.353482881079907
4043546053926060305,2021-07,0.3596486558821652
4043546053926060305,2021-08,0.6209841014676586
4043546053926060305,2021-08,0.45549149584155063
4043546053926060305,2021-08,0.44145323916842005
4043546053926060305,2021-08,0.463968386788336
4043546053926060305,2021-08,0.3995206543097442
4043546053926060305,2021-08,0.47764780907459586
4043546053926060305,2021-08,0.436859459479222
4043546053926060305,2021-08,0.42597578223070487
4043546053926060305,2021-08,0.4064490150894497
4043546053926060305,2021-08,0.40787316021384007
2335982750277990437,2021-07,0.03643922177685201
2335982750277990437,2021-07,0.04150033703905959
2335982750277990437,2021-07,0.029093923948147235
2335982750277990437,2021-08,0.03379761049178564
7485107528960607346,2021-07,0.016813616704002377
7485107528960607346,2021-07,0.020335449293609118
7485107528960607346,2021-07,0.016075564865190652
7485107528960607346,2021-08,0.016033990497536937
465309249432033993,2021-07,0.001464376102168214
465309249432033993,2021-08,0.0015666970765927475
465309249432033993,2021-08,0.001566464358283352
4995679129936981612,2021-07,0.29323069233074994
4995679129936981612,2021-07,0.42871720281341213
4995679129936981612,2021-07,0.42871720281341213
4995679129936981612,2021-08,0.4076549133711872
3137879241768961145,2021-07,0.0003374643431690346
3137879241768961145,2021-07,0.0004179268780786785
3137879241768961145,2021-07,0.0003625161497630089
3137879241768961145,2021-08,0.0007561146126732944
3137879241768961145,2021-08,0.0009740262602307061
3137879241768961145,2021-08,0.000739737796391113
8090492548102964782,2021-07,0.08694845440736038
5055200744384119654,2021-07,0.0032598230228648773
660382477567765256,2021-07,0.0059181656148550865
660382477567765256,2021-07,0.006512557912373577
660382477567765256,2021-07,0.006186723507910038
660382477567765256,2021-08,0.008418053235881956
660382477567765256,2021-08,0.007195956444249258
4166581859919473627,2021-07,0.013340641559588364
4166581859919473627,2021-07,0.009725608428520821
4166581859919473627,2021-07,0.007389949236323478
864510931144626280,2021-07,0.0015576514405347128
864510931144626280,2021-08,0.09165002837197082
864510931144626280,2021-08,0.0034652142794615393
4235078665660987689,2021-07,0.002706804475929151
4235078665660987689,2021-07,0.0022359027454465883
187117706370645370,2021-07,0.019126588962954827
187117706370645370,2021-07,0.02193682581227032
187117706370645370,2021-08,0.01530150745110572
7930925883736021864,2021-07,0.010257838657185214
7930925883736021864,2021-07,0.01081294063505509
7930925883736021864,2021-07,0.010071465804646951
7930925883736021864,2021-07,0.010257838657185214
7930925883736021864,2021-07,0.010071465804646951
7930925883736021864,2021-07,0.01087371359161717
7930925883736021864,2021-07,0.01081294063505509
7930925883736021864,2021-08,0.010159732601227208
7930925883736021864,2021-08,0.010102909311312532
7930925883736021864,2021-08,0.00865710573257495
7930925883736021864,2021-08,0.029094586011475788
7930925883736021864,2021-08,0.03064210599596981
7930925883736021864,2021-08,0.029220330183858386
7930925883736021864,2021-08,0.0087642390178905
7930925883736021864,2021-08,0.03064210599596981
7930925883736021864,2021-08,0.023756619328891906
7930925883736021864,2021-08,0.020284219576461506
7930925883736021864,2021-08,0.00860476718526843
8004521604421988528,2021-07,0.030601280718319888
8004521604421988528,2021-07,0.030601280718319888
8004521604421988528,2021-07,0.0304329850052827
8004521604421988528,2021-07,0.0304329850052827
8004521604421988528,2021-07,0.0304329850052827
8004521604421988528,2021-08,0.029640959733971024
1276604410881911401,2021-07,0.014608419729637891
1276604410881911401,2021-07,0.01422578634063197
1276604410881911401,2021-07,0.017715919141070874
1276604410881911401,2021-07,0.015092260195537088
1276604410881911401,2021-07,0.015092260195537088
1276604410881911401,2021-08,0.005816287239723425
1276604410881911401,2021-08,0.007119725794872254
1276604410881911401,2021-08,0.005628124453541536
1276604410881911401,2021-08,0.0064698404055748395
1276604410881911401,2021-08,0.007573463848894518
1276604410881911401,2021-08,0.0052847458658642965
1276604410881911401,2021-08,0.005816287239723425
1276604410881911401,2021-08,0.007119725794872254
1276604410881911401,2021-08,0.005816287239723425
1958660709350677213,2021-07,0.11891015258364208
1958660709350677213,2021-08,0.21669572746426569
1958660709350677213,2021-08,0.15814246023736306
9052787288251876909,2021-07,0.0010544679160078409
1002362614649347438,2021-07,0.005944266267068592
1002362614649347438,2021-07,0.005944266267068592
1002362614649347438,2021-08,0.015264248627208536
1002362614649347438,2021-08,0.02443012418293925
3093415403379897112,2021-07,0.0009412924862520211
3536431875244944563,2021-07,0.012286775047227982
3536431875244944563,2021-08,0.001635495607824467
2493688222671282470,2021-07,0.0036955718149573667
2493688222671282470,2021-08,0.005739280083078197
5263285038415073073,2021-07,0.1571216895298058
5263285038415073073,2021-07,0.20745827507006015
5263285038415073073,2021-07,0.23971560140957296
7436628409157313756,2021-07,0.0033654507467550314
7436628409157313756,2021-07,0.0038757662317901315
7436628409157313756,2021-08,0.0019457691698959196
7436628409157313756,2021-08,0.002154749578281929
7436628409157313756,2021-08,0.0016817394949423035
4071158585850879204,2021-07,0.005273190656050671
2634859679238614382,2021-07,0.0026064376506346513
2634859679238614382,2021-07,0.0028920718984410333
2634859679238614382,2021-07,0.003185313020033447
2634859679238614382,2021-08,0.036409515370818865
2634859679238614382,2021-08,0.0008739752685437736
2634859679238614382,2021-08,0.0006621909675530772
2634859679238614382,2021-08,0.0008313158696652755
2634859679238614382,2021-08,0.0007671268697358212
8505870778358741102,2021-07,0.002075110018555572
8505870778358741102,2021-07,0.0022199378127929045
8505870778358741102,2021-08,0.0026618916459720888
3997247264680905799,2021-07,0.0012825412705774622
3997247264680905799,2021-07,0.0012825412705774622
3997247264680905799,2021-08,0.001631339679021243
3997247264680905799,2021-08,0.0014069445535924059
510795635145114083,2021-07,0.005932182313886374
510795635145114083,2021-07,0.005212837152436104
510795635145114083,2021-08,0.007816739315430211
510795635145114083,2021-08,0.007744374255913501
510795635145114083,2021-08,0.007605619702006793
510795635145114083,2021-08,0.007816739315430211
6546850858912852316,2021-07,0.15018091546830453
6546850858912852316,2021-07,0.21738792592748715
6546850858912852316,2021-07,0.21738792592748715
2768068015169423097,2021-07,0.01813285353363911
2768068015169423097,2021-07,0.01813285353363911
2768068015169423097,2021-08,0.04290647570425943
7949169060790541229,2021-07,0.0010167573196551976
7949169060790541229,2021-07,0.0012741176123634667
7949169060790541229,2021-08,0.0009915841781622408
7949169060790541229,2021-08,0.0007369205113954432
6964108750473070287,2021-07,0.0013406557704928985
6964108750473070287,2021-07,0.0013384414498913302
6964108750473070287,2021-07,0.0013406557704928985
6964108750473070287,2021-07,0.0013384414498913302
6964108750473070287,2021-07,0.0013406557704928985
6964108750473070287,2021-07,0.0015476928930403151
6964108750473070287,2021-07,0.001655178553164268
6964108750473070287,2021-07,0.0013406557704928985
6964108750473070287,2021-07,0.0013532347843054665
6964108750473070287,2021-07,0.0013406557704928985
6964108750473070287,2021-07,0.0013406557704928985
6964108750473070287,2021-07,0.001652445604369798
6964108750473070287,2021-07,0.001655178553164268
6964108750473070287,2021-07,0.0016438173728747867
6964108750473070287,2021-08,0.0010362729104231433
6964108750473070287,2021-08,0.001106449471175459
6964108750473070287,2021-08,0.0013661017553517753
6964108750473070287,2021-08,0.0012794778421141263
6964108750473070287,2021-08,0.0013601692911829255
6964108750473070287,2021-08,0.0011016433349670402
6964108750473070287,2021-08,0.001927801929499563
6964108750473070287,2021-08,0.0011016433349670402
6964108750473070287,2021-08,0.0011006690110121093
6964108750473070287,2021-08,0.0010362729104231433
6964108750473070287,2021-08,0.0011016433349670402
6964108750473070287,2021-08,0.0013661017553517753
6964108750473070287,2021-08,0.001381200386811528
6964108750473070287,2021-08,0.0078147802939193
6964108750473070287,2021-08,0.0011016433349670402
6964108750473070287,2021-08,0.001106449471175459
6964108750473070287,2021-08,0.001106449471175459
6964108750473070287,2021-08,0.0011016433349670402
6964108750473070287,2021-08,0.0011006690110121093
6964108750473070287,2021-08,0.001106449471175459
6964108750473070287,2021-08,0.0011016433349670402
6964108750473070287,2021-08,0.001106449471175459
6964108750473070287,2021-08,0.0010362729104231433
6964108750473070287,2021-08,0.002718176315215302
6964108750473070287,2021-08,0.001381200386811528
6964108750473070287,2021-08,0.0013661017553517753
6964108750473070287,2021-08,0.0013601692911829255
6964108750473070287,2021-08,0.0013601692911829255
6964108750473070287,2021-08,0.001106449471175459
6964108750473070287,2021-08,0.001927801929499563
6964108750473070287,2021-08,0.0011006690110121093
3218226066162129945,2021-07,0.014406499320377594
3218226066162129945,2021-08,0.015999678242548127
3218226066162129945,2021-08,0.015999678242548127
3218226066162129945,2021-08,0.015999678242548127
3218226066162129945,2021-08,0.018107014342145407
3218226066162129945,2021-08,0.4360242871747509
3218226066162129945,2021-08,0.015858676503391372
4527499691197377217,2021-07,0.0022548264088085167
4527499691197377217,2021-07,0.0015887185380448836
4527499691197377217,2021-08,0.03603422749018317
4532469127306079736,2021-07,0.001965588640176258
4532469127306079736,2021-07,0.0025843307384795346
1129657311668961746,2021-07,0.0295968240091351
1129657311668961746,2021-07,0.0295968240091351
1129657311668961746,2021-08,0.036435773301679034
1129657311668961746,2021-08,0.036435773301679034
3977861004707764824,2021-07,0.009773611551765097
3977861004707764824,2021-07,0.004326000775520362
3977861004707764824,2021-07,0.00503306711460873
3977861004707764824,2021-07,0.004674731350411183
3977861004707764824,2021-07,0.004546750899897537
3977861004707764824,2021-07,0.00503306711460873
3977861004707764824,2021-07,0.00503306711460873
3977861004707764824,2021-08,0.0028480262021237193
3977861004707764824,2021-08,0.003132385092793763
3977861004707764824,2021-08,0.00392857473574315
3977861004707764824,2021-08,0.004320352688620822
3977861004707764824,2021-08,0.004655839095936581
3977861004707764824,2021-08,0.00451819231468502
8480109508191086169,2021-07,0.000693430798657259
8480109508191086169,2021-08,0.0006942113577170957
8480109508191086169,2021-08,0.0008354942726901892
6795467882769787169,2021-07,0.0006369817762760925
6795467882769787169,2021-07,0.0006595743423124602
6795467882769787169,2021-08,0.011993552790422666
2191990606593345695,2021-07,0.003912064460403389
2191990606593345695,2021-07,0.005047901861982444
2191990606593345695,2021-07,0.002702904830327957
2191990606593345695,2021-08,0.009580098830277058
6759864637454708017,2021-07,0.00421108947581748
6759864637454708017,2021-07,0.004224137778674048
6759864637454708017,2021-08,0.00568014141979911
6759864637454708017,2021-08,0.02754369645289369
6759864637454708017,2021-08,0.003978850231935849
6759864637454708017,2021-08,0.003978850231935849
6759864637454708017,2021-08,0.005490762728894472
5440313607363845188,2021-07,0.00023312330614314763
5440313607363845188,2021-08,0.00016594920476282479
5304536516981778801,2021-07,0.004476045044313826
5304536516981778801,2021-07,0.0027898235578881466
5304536516981778801,2021-07,0.0024164168771399347
5304536516981778801,2021-08,0.0014905007580414368
5304536516981778801,2021-08,0.0016149891138125267
5304536516981778801,2021-08,0.0012031248491371968
5304536516981778801,2021-08,0.0014188219313133505
5304536516981778801,2021-08,0.0014905007580414368
5304536516981778801,2021-08,0.0008579619133384233
665854826624598350,2021-07,0.0009383650011414616
665854826624598350,2021-07,0.000543572685888892
665854826624598350,2021-07,0.0007221722555226659
665854826624598350,2021-08,0.004972900439552592
665854826624598350,2021-08,0.004972900439552592
665854826624598350,2021-08,0.0022166075706285255
665854826624598350,2021-08,0.004276684153811765
4935929591787890253,2021-07,0.006388099967560145
4935929591787890253,2021-07,0.006111895823039406
4935929591787890253,2021-08,0.00407879091773618
670573866376512619,2021-07,0.02086374130796146
670573866376512619,2021-07,0.02086374130796146
3668905663669864663,2021-07,0.001779532967930894
3668905663669864663,2021-08,0.00047311383993750615
3668905663669864663,2021-08,0.2529457641184888
3668905663669864663,2021-08,0.00047947444509037214
4862285428951244424,2021-07,0.00024264850179803302
4862285428951244424,2021-07,0.00024264850179803302
4862285428951244424,2021-07,0.0002835864560001704
4862285428951244424,2021-08,5.7112863609153765e-05
5528372913947954503,2021-07,0.004512825568604696
5528372913947954503,2021-07,0.003954701372391461
5528372913947954503,2021-08,0.007820446187388332
5528372913947954503,2021-08,0.007820053004283352
1118514612547157551,2021-07,0.06559712193362517
1118514612547157551,2021-07,0.0673958246576769
1118514612547157551,2021-07,0.09482412514401124
1118514612547157551,2021-08,0.018263800186961162
1118514612547157551,2021-08,0.01664369494530567
2903869860445366876,2021-07,0.00448876658966514
2903869860445366876,2021-08,0.012953809246922661
2903869860445366876,2021-08,0.013865518168967498
410843023337872279,2021-07,0.0007222234372322308
410843023337872279,2021-07,0.0008065161677972581
3281617395243454427,2021-07,0.0375927318618064
3281617395243454427,2021-07,0.03875570071166397
3281617395243454427,2021-08,0.020563488006673993
2128970218770090704,2021-07,0.003168358535498941
2128970218770090704,2021-07,0.004310567864431377
2128970218770090704,2021-07,0.0036421516774521817
2128970218770090704,2021-08,0.0023010882278050823
2128970218770090704,2021-08,0.0012728212102641736
2128970218770090704,2021-08,0.002688207846970218
2128970218770090704,2021-08,0.004518853537114336
2307201111381758912,2021-07,0.0028145349097248073
2307201111381758912,2021-08,0.003224109204390498
3408536439470975134,2021-07,7.975406945029501e-05
3408536439470975134,2021-07,9.179131577852223e-05
3408536439470975134,2021-07,9.179131577852223e-05
3408536439470975134,2021-07,7.267172803317866e-05
3408536439470975134,2021-08,0.0002125199131538308
3408536439470975134,2021-08,0.00013905818899746767
3408536439470975134,2021-08,0.00010085388046903217
3408536439470975134,2021-08,0.00016603533741104355
2106875407768047316,2021-07,0.001376089872978052
2106875407768047316,2021-07,0.001407284501800201
2106875407768047316,2021-07,0.001237243904830349
2106875407768047316,2021-07,0.0006462546876522662
7067471043900250355,2021-07,0.01224924708540723
7067471043900250355,2021-07,0.01224924708540723
7067471043900250355,2021-08,0.00895377662187999
7067471043900250355,2021-08,0.009111289281363942
6535356415509860671,2021-07,0.008217533740453276
4095739077267179172,2021-07,0.021675727411215904
4095739077267179172,2021-07,0.018967273529722408
180672270337706285,2021-07,0.6756116409913473
180672270337706285,2021-07,0.6782480300683461
180672270337706285,2021-07,0.7268928638349279
180672270337706285,2021-07,0.7292794809152031
180672270337706285,2021-08,0.530160798091607
180672270337706285,2021-08,0.6485506778354484
180672270337706285,2021-08,0.659515974740626
1977574645216036803,2021-07,0.2796592844410275
1977574645216036803,2021-08,0.2974891090865787
1977574645216036803,2021-08,0.7565727493492037
7707459425750676368,2021-07,0.4327611524595051
7707459425750676368,2021-08,0.036297877367922546
226405871752897670,2021-07,0.002224894872880776
226405871752897670,2021-08,0.001723272798263769
226405871752897670,2021-08,0.0019258998210691688
5503073374822479037,2021-07,0.0018458337131035509
5503073374822479037,2021-07,0.0019008551808321218
5503073374822479037,2021-08,0.0024038116645452154
5503073374822479037,2021-08,0.0015684977463148295
5503073374822479037,2021-08,0.0017423166660379293
3161361581909316305,2021-07,0.006540153136174911
652740132671309295,2021-07,0.014628163938737964
652740132671309295,2021-07,0.030875341240297366
5503391736465275980,2021-07,0.0015952709267995839
5503391736465275980,2021-07,0.0015952709267995839
5503391736465275980,2021-08,0.001038460537931689
5503391736465275980,2021-08,0.0016535807644744826
8895896724713458749,2021-07,0.0025794480239289762
8895896724713458749,2021-07,0.002446558924552402
8895896724713458749,2021-07,0.002384499459012391
8895896724713458749,2021-08,0.0021806163136504943
8895896724713458749,2021-08,0.001710468165654237
9184785003280841216,2021-07,0.0022550900210184595
9184785003280841216,2021-07,0.002589105390034217
9184785003280841216,2021-08,0.0019949242429154247
9184785003280841216,2021-08,0.0024555053732734497
1210783884008131648,2021-07,0.00019843797656251373
1210783884008131648,2021-07,0.00017557017544763215
1210783884008131648,2021-07,0.00032662718561703744
345447888460137901,2021-07,0.003500453543533354
6368582840625614207,2021-07,0.0008085547899374264
6368582840625614207,2021-08,0.0005314395965350979
1044568737046072781,2021-07,0.016851417834382886
5864443060004179363,2021-07,0.0004496184900701453
5864443060004179363,2021-07,0.00043205372415155665
5864443060004179363,2021-07,0.0005790917175238016
5864443060004179363,2021-08,0.0021676929496603913
5864443060004179363,2021-08,0.0015490637948192615
5864443060004179363,2021-08,0.0011951843455149343
5864443060004179363,2021-08,0.0013930284479740408
5864443060004179363,2021-08,0.0013016456131355247
5864443060004179363,2021-08,0.0011069326542328733
2214132103234633622,2021-07,0.002176982701049339
2214132103234633622,2021-07,0.00134874425586738
2214132103234633622,2021-08,0.0008413996239047128
2214132103234633622,2021-08,0.0008413996239047128
2214132103234633622,2021-08,0.0006829256917858578
2214132103234633622,2021-08,0.0006829256917858578
2214132103234633622,2021-08,0.0008413996239047128
5369576709077493659,2021-07,0.0023656397595904844
5369576709077493659,2021-07,0.0023656397595904844
5369576709077493659,2021-07,0.004592225619978516
5369576709077493659,2021-07,0.024953439947592373
3634047863995720708,2021-07,0.0016169297952793897
3634047863995720708,2021-08,0.005052357771832884
3634047863995720708,2021-08,0.004970792307269355
792560389712312178,2021-07,0.002013773828778694
792560389712312178,2021-07,0.0023163351440888377
792560389712312178,2021-08,0.0450187134823177
792560389712312178,2021-08,0.002211903176095095
792560389712312178,2021-08,0.0020376999543441883
4717717003637613480,2021-07,0.0029562202899238053
4717717003637613480,2021-07,0.0031503654468134196
4717717003637613480,2021-08,0.0017099589150901702
4717717003637613480,2021-08,0.00042524545560636246
4717717003637613480,2021-08,0.00041118146262591657
1104269683367198574,2021-07,0.0015101478896069457
1104269683367198574,2021-07,0.0006967779964689984
1104269683367198574,2021-08,0.0012667385372525227
7870373680211625064,2021-07,0.014495587253326055
7870373680211625064,2021-07,0.013125224437861198
7870373680211625064,2021-07,0.013165805733953179
7870373680211625064,2021-08,0.03124601446235288
7870373680211625064,2021-08,0.032578718543343786
7870373680211625064,2021-08,0.032578718543343786
7870373680211625064,2021-08,0.032758479341876416
7038761645302069945,2021-07,0.006799208925250481
7038761645302069945,2021-08,0.005573622575450867
5888474320320735000,2021-07,0.6092992039999227
5888474320320735000,2021-08,0.6526176197505804
5888474320320735000,2021-08,0.7690432291741238
5888474320320735000,2021-08,0.7260918748957448
4414438591613884911,2021-07,0.004270794096361741
4414438591613884911,2021-08,0.0054847128478898366
4414438591613884911,2021-08,0.004118889719529225
4414438591613884911,2021-08,0.004824470853639714
4950871361132426979,2021-07,0.005127230428293736
4950871361132426979,2021-08,0.0013750336225677752
6462952350255736003,2021-07,0.0006925059334028242
6462952350255736003,2021-07,0.0010589491641673791
4061297388883391410,2021-07,0.003988742318735936
4061297388883391410,2021-08,0.008909840762143536
4061297388883391410,2021-08,0.001831128514335776
4061297388883391410,2021-08,0.008914023606494853
4061297388883391410,2021-08,0.008914023606494853
5522764880180045081,2021-07,0.009835782769826718
5522764880180045081,2021-07,0.019586743009043287
5522764880180045081,2021-08,0.008139916236989541
5522764880180045081,2021-08,0.010526070282296898
5522764880180045081,2021-08,0.019233059362703586
5522764880180045081,2021-08,0.009420200863987833
8609211777002937758,2021-07,0.001091184064087424
8609211777002937758,2021-08,0.0018707777870123601
2694466161223698243,2021-07,0.8366252804926856
2694466161223698243,2021-07,0.8831980857146718
8350724667410677464,2021-07,0.030542574398312428
8350724667410677464,2021-07,0.0225131544091752
8350724667410677464,2021-07,0.030542574398312428
8350724667410677464,2021-07,0.03224620871730074
8350724667410677464,2021-08,0.44079021430420495
1088521227159442264,2021-07,0.002616085575338698
1088521227159442264,2021-07,0.005789921068158859
1088521227159442264,2021-07,0.007277746985973235
1088521227159442264,2021-08,0.002084194830842949
1088521227159442264,2021-08,0.006150049606909788
7895753719321668294,2021-07,0.00026518334569156527
7895753719321668294,2021-07,0.0003840102952622868
7895753719321668294,2021-08,0.0006051860354891644
7895753719321668294,2021-08,0.0008239936543460091
4641659186059167709,2021-07,0.01160196431614684
4641659186059167709,2021-07,0.014460997620684727
2819054834565698513,2021-07,0.0042065334409544216
2819054834565698513,2021-07,0.0042065334409544216
2819054834565698513,2021-08,0.008350273223870983
3591324331706630867,2021-07,0.03028380285169417
3591324331706630867,2021-07,0.025384732942478228
3591324331706630867,2021-08,0.01752890454627034
3591324331706630867,2021-08,0.014344360349555768
3591324331706630867,2021-08,0.016942902171089715
2493305884832539159,2021-07,0.057116952407063215
2493305884832539159,2021-07,0.03620674105817722
2493305884832539159,2021-08,0.03433133602624595
4972567100282306577,2021-07,0.0025408185744457746
4972567100282306577,2021-07,0.0025408185744457746
4972567100282306577,2021-07,0.0025408185744457746
4972567100282306577,2021-08,0.0015424801652116741
940214356651040716,2021-07,0.08792844594178306
940214356651040716,2021-07,0.09129447541538893
6349142675790687765,2021-07,0.1845141471995515
6349142675790687765,2021-08,0.26851193764331527
6349142675790687765,2021-08,0.4388695633862969
6349142675790687765,2021-08,0.23955930291761554
6349142675790687765,2021-08,0.4061786494772333
6352592240901579272,2021-07,0.0025639371699675943
4858887739802767402,2021-07,0.0008407828947867465
4858887739802767402,2021-07,0.0009848719596869256
4858887739802767402,2021-07,0.0007581535916209089
4858887739802767402,2021-08,0.000589848165465078
503021894071666233,2021-07,0.051173368591691686
503021894071666233,2021-08,0.019025587478205888
503021894071666233,2021-08,0.02716355086794678
503021894071666233,2021-08,0.023747690857767522
4465150716052427320,2021-07,0.0022678627763863834
4465150716052427320,2021-07,0.00031480367100745744
2645324649046215594,2021-07,0.0013885942688768758
2645324649046215594,2021-07,0.0014278959545766066
2645324649046215594,2021-07,0.002563250645237367
2645324649046215594,2021-07,0.0013885942688768758
2645324649046215594,2021-08,0.0020470654602358068
2645324649046215594,2021-08,0.0020470654602358068
5042877476420217533,2021-07,0.0009736090238026396
5042877476420217533,2021-08,0.0040633357374969216
5042877476420217533,2021-08,0.003463904110142685
8400764778654490278,2021-07,0.0382566285237308
8400764778654490278,2021-07,0.03840193640032797
8400764778654490278,2021-08,0.048297523901804404
3285246914299291124,2021-07,0.0006321371669037386
3285246914299291124,2021-07,0.0007701033065977531
3285246914299291124,2021-07,0.0005569128200255196
3285246914299291124,2021-08,0.0004061169624910286
3285246914299291124,2021-08,0.00033866547530406584
3285246914299291124,2021-08,0.00039987389584229767
3285246914299291124,2021-08,0.00047366076750507993
4170463992215954403,2021-07,0.0008198595833370402
4170463992215954403,2021-08,0.0015160007199059903
1536087798470875922,2021-07,0.08534218770806096
1536087798470875922,2021-07,0.09479432161202118
1536087798470875922,2021-07,0.09347476970070304
1536087798470875922,2021-08,0.07234341797670081
1536087798470875922,2021-08,0.06323600751456432
1536087798470875922,2021-08,0.05155808220037905
1536087798470875922,2021-08,0.06844181263656991
1536087798470875922,2021-08,0.06844181263656991
1536087798470875922,2021-08,0.04888146467331613
1536087798470875922,2021-08,0.07143550699571288
4675067298171588603,2021-07,0.05355002267926078
4675067298171588603,2021-07,0.05704617283630881
4675067298171588603,2021-07,0.05355002267926078
4675067298171588603,2021-08,0.03398585624134828
4675067298171588603,2021-08,0.03625363643936976
2346482557594782345,2021-07,0.008765851576730972
2346482557594782345,2021-07,0.011192448641476723
2346482557594782345,2021-08,0.006201537518307889
5058298901476893676,2021-07,0.0012945965692562334
5058298901476893676,2021-07,0.0012945965692562334
5058298901476893676,2021-07,0.0012945965692562334
5058298901476893676,2021-08,0.0012884256403464943
6217788509719675691,2021-07,0.002516883245835355
6217788509719675691,2021-07,0.0017342483043433702
6217788509719675691,2021-07,0.0029467067629987886
6217788509719675691,2021-07,0.0016314293259881254
6217788509719675691,2021-08,0.001214120312387294
6217788509719675691,2021-08,0.007595380752346721
4795152981525833467,2021-07,0.0017566004507670037
4795152981525833467,2021-07,0.002593023107561237
4795152981525833467,2021-08,0.0078065870632865455
4795152981525833467,2021-08,0.0015187153059583469
4785355632922927313,2021-07,0.05975645889158854
4785355632922927313,2021-07,0.0598644350623488
4785355632922927313,2021-07,0.05876463586392118
4785355632922927313,2021-08,0.12375347483117814
4785355632922927313,2021-08,0.10574695741184927
4785355632922927313,2021-08,0.10858516288734922
7268895973869107930,2021-07,0.013275065622368049
7268895973869107930,2021-07,0.016333979121811563
7710364735942975505,2021-07,0.0032781817137004063
7710364735942975505,2021-08,0.002327090146426626
7710364735942975505,2021-08,0.0020458305741417964
3095408468798675621,2021-07,0.0009657543070812017
3095408468798675621,2021-08,0.000320124963517082
7177785309735471560,2021-07,0.00012288096590272978
7177785309735471560,2021-07,6.1808439218938e-05
7177785309735471560,2021-07,8.123721754278349e-05
7177785309735471560,2021-08,0.0001159913067390744
8510653215962746781,2021-07,0.0013657184830989319
5358243820364010940,2021-07,0.0012874972941427792
5358243820364010940,2021-08,0.0016088758341922438
5358243820364010940,2021-08,0.0022229203744253793
5358243820364010940,2021-08,0.0008347555674564382
5358243820364010940,2021-08,0.0016088758341922438
6927178425683104769,2021-07,0.000581802479924756
6927178425683104769,2021-07,0.00045272814795216073
6927178425683104769,2021-08,0.0008716855786485285
6927178425683104769,2021-08,0.0007310702350418617
1269153452773908541,2021-07,0.000983859319743824
1269153452773908541,2021-08,0.001835875567324108
2006188298374001315,2021-07,0.00333290946866711
7325545718770538459,2021-07,0.0001810849642789485
7325545718770538459,2021-07,0.00015641871617453595
7325545718770538459,2021-07,0.00015641871617453595
7325545718770538459,2021-07,0.00015641871617453595
7325545718770538459,2021-07,0.00014721955857502936
7325545718770538459,2021-07,0.00014721955857502936
7325545718770538459,2021-07,0.00014166000926735364
7325545718770538459,2021-07,0.00017424675618927236
7325545718770538459,2021-07,0.00015641871617453595
7325545718770538459,2021-07,0.00021268709465203255
7325545718770538459,2021-08,0.0003444801738603413
7325545718770538459,2021-08,0.00021221021667463375
7325545718770538459,2021-08,0.00020459310472815024
7325545718770538459,2021-08,0.00020867565882580328
7325545718770538459,2021-08,0.00018808062797684728
7325545718770538459,2021-08,0.00022950508909205095
7325545718770538459,2021-08,0.00020867565882580328
8464809590757561185,2021-07,0.0042583715746023695
8464809590757561185,2021-07,0.0016366119840316483
8464809590757561185,2021-08,0.0016697182567578055
8464809590757561185,2021-08,0.0017891596345899095
8464809590757561185,2021-08,0.0017076056463259418
8748106677402909629,2021-07,0.011731245776913694
312543480920432545,2021-07,0.00022285372123829035
312543480920432545,2021-07,0.0001574009495570204
312543480920432545,2021-07,0.00017050211175311688
312543480920432545,2021-08,0.00023931904840789983
312543480920432545,2021-08,0.0003368089945054595
1059336566956767188,2021-07,0.006321354189854048
6186737197674630993,2021-07,0.0011486013599890208
6186737197674630993,2021-08,0.0005908936932211495
6186737197674630993,2021-08,0.003994251712629569
6186737197674630993,2021-08,0.0007576566268776494
5606267905834401873,2021-07,0.0006422692163483526
5606267905834401873,2021-08,0.003716964443426177
5606267905834401873,2021-08,0.003537647653982834
5606267905834401873,2021-08,0.003760192306405109
1097345589386012260,2021-07,0.00034310219593774235
1097345589386012260,2021-08,0.00026612050557526645
2763141362035716801,2021-07,0.002085243788881882
3022528659032597047,2021-07,0.004010725593477469
3022528659032597047,2021-07,0.004972719458978785
3022528659032597047,2021-08,0.2367132414677318
3022528659032597047,2021-08,0.011103401000830137
3022528659032597047,2021-08,0.008990551996399898
8015571584405428572,2021-07,0.0072589016422172
8015571584405428572,2021-08,0.04106003644845145
8015571584405428572,2021-08,0.005002467043351242
8015571584405428572,2021-08,0.0049997359523391285
6721448955097663572,2021-07,0.0043384293398579035
6721448955097663572,2021-07,0.004234617868464425
6721448955097663572,2021-07,0.0037141624762177124
6721448955097663572,2021-07,0.0029375172136101757
6721448955097663572,2021-07,0.004276549873763367
6721448955097663572,2021-08,0.0027781425083688205
6721448955097663572,2021-08,0.0025148965950141334
6721448955097663572,2021-08,0.002150572874235586
6721448955097663572,2021-08,0.0021705007555496004
6721448955097663572,2021-08,0.002039901190236852
6721448955097663572,2021-08,0.03278565376140757
3960251564708868781,2021-07,0.001295543930123227
3960251564708868781,2021-07,0.001322473144250954
3960251564708868781,2021-08,0.0015549849866983477
3960251564708868781,2021-08,0.0015549849866983477
3960251564708868781,2021-08,0.0013796418450233961
2022367282554149730,2021-07,0.002394260600060494
2022367282554149730,2021-07,0.0018812831859753134
2022367282554149730,2021-07,0.0016717322650012085
2022367282554149730,2021-07,0.0013133548831076524
2022367282554149730,2021-07,0.0018812831859753134
2022367282554149730,2021-08,0.001614103631771324
2022367282554149730,2021-08,0.0012680646883895242
2022367282554149730,2021-08,0.001614103631771324
2022367282554149730,2021-08,0.0012680646883895242
2022367282554149730,2021-08,0.05542891688669293
2022367282554149730,2021-08,0.0013357349093090724
2466177460692220853,2021-07,0.0009716003912944437
2466177460692220853,2021-08,0.0010837029954961401
2466177460692220853,2021-08,0.0008841164066425315
7397206777205091443,2021-07,0.008664871906472867
5613825020130267729,2021-07,0.0016485712733909361
5613825020130267729,2021-07,0.0011157750629248923
5613825020130267729,2021-07,0.002114509004422049
5613825020130267729,2021-08,0.0020361236509876435
5613825020130267729,2021-08,0.0012228437058565344
5726178124659661019,2021-07,0.002471077306869611
5726178124659661019,2021-07,0.003793532824342174
5726178124659661019,2021-07,0.002560531909200371
5726178124659661019,2021-08,0.0003537203695882605
5726178124659661019,2021-08,0.0005159502853867413
5726178124659661019,2021-08,0.00040982690271227615
5726178124659661019,2021-08,0.0005418494444948762
5726178124659661019,2021-08,0.0003537203695882605
5726178124659661019,2021-08,0.00037374524303949227
5726178124659661019,2021-08,0.00045926565513621154
835441927760881602,2021-07,0.07294313033007177
835441927760881602,2021-08,0.07294313033007177
835441927760881602,2021-08,0.07294313033007177
1329553496073467331,2021-07,0.001180193616575664
1329553496073467331,2021-08,0.0013230466603970255
5860276371789140450,2021-07,0.042868891818019624
5860276371789140450,2021-08,0.03209876035823639
5860276371789140450,2021-08,0.02966067200543616
5810778736737569699,2021-07,0.0020625087547176658
5810778736737569699,2021-08,0.03769732920279684
5810778736737569699,2021-08,0.46370220374524657
7468724002190465812,2021-07,0.011121666932812807
7468724002190465812,2021-08,0.0073640474704108096
2455576782104041698,2021-07,0.010272552341367855
2455576782104041698,2021-07,0.008833560580373183
2455576782104041698,2021-08,0.009140487637225516
2455576782104041698,2021-08,0.012121826351346971
2455576782104041698,2021-08,0.009140487637225516
4863405965754103821,2021-07,0.006972734446445897
4863405965754103821,2021-07,0.0070353584202998325
4863405965754103821,2021-07,0.006514534065299481
4863405965754103821,2021-08,0.006729868323200003
4863405965754103821,2021-08,0.006729868323200003
4863405965754103821,2021-08,0.008441124009964296
4863405965754103821,2021-08,0.007779932513163947
4863405965754103821,2021-08,0.007779932513163947
4863405965754103821,2021-08,0.007204387602680616
4863405965754103821,2021-08,0.010599049875568943
4863405965754103821,2021-08,0.007710732313781327
4863405965754103821,2021-08,0.007492019433378405
2983174282784691273,2021-07,0.005722196781062238
2983174282784691273,2021-07,0.006477440622010016
2983174282784691273,2021-08,0.0020631420847545996
2983174282784691273,2021-08,0.0018695202124142988
6969348581033924947,2021-07,0.0008651510171782225
6969348581033924947,2021-07,0.0007770778974615536
6969348581033924947,2021-07,0.0008651510171782225
6969348581033924947,2021-07,0.0007280830169162105
6969348581033924947,2021-07,0.000740001518857638
6969348581033924947,2021-08,0.0011049564772996105
6969348581033924947,2021-08,0.00030926343850905263
6969348581033924947,2021-08,0.00031558251246054727
6969348581033924947,2021-08,0.00029251514411689987
8603678028264007695,2021-07,0.006244385887486934
8603678028264007695,2021-08,0.006682101942178957
8603678028264007695,2021-08,0.004278590939009147
1088268935649917461,2021-07,0.01656883486386365
1088268935649917461,2021-08,0.5164196717861392
1088268935649917461,2021-08,0.01228248755471865
1717812527056208209,2021-07,0.4399035005992886
1717812527056208209,2021-07,0.4360901945427203
682352428813668634,2021-07,0.00364941186923902
682352428813668634,2021-07,0.002707154698787567
682352428813668634,2021-07,0.00364941186923902
682352428813668634,2021-08,0.0027352456655677132
682352428813668634,2021-08,0.004193824949593406
682352428813668634,2021-08,0.004193824949593406
6643358471662528195,2021-07,0.0002915011010365387
6643358471662528195,2021-08,0.018480645561858328
6643358471662528195,2021-08,0.00033563078345476966
1343530446996409207,2021-07,0.0012440407830551265
1343530446996409207,2021-08,0.0031870053861269834
1343530446996409207,2021-08,0.0017522266421484797
3750579377644235511,2021-07,0.07872453962098698
3750579377644235511,2021-07,0.09387333651868451
3750579377644235511,2021-07,0.0849973063894696
3750579377644235511,2021-08,0.08178464205402762
3832944730982767714,2021-07,0.0038199271740542136
3832944730982767714,2021-07,0.006186073744492194
6448580780254847411,2021-07,0.000768149119696888
6448580780254847411,2021-07,0.0011067185625431067
4853303856126909724,2021-07,0.9003124535968305
7712263029835111826,2021-07,0.09620970733283676
8901696535927078963,2021-07,0.0005664162234547881
8901696535927078963,2021-07,0.0006251749647961745
8901696535927078963,2021-07,0.0006724153008864487
8901696535927078963,2021-08,0.0007364656032124474
8901696535927078963,2021-08,0.0006829404134091659
8901696535927078963,2021-08,0.0006994341675279995
8901696535927078963,2021-08,0.0007529655444393618
8901696535927078963,2021-08,0.0007151050418620944
3095686599956852697,2021-07,0.0008283462820292285
3095686599956852697,2021-07,0.0005195338190912622
3095686599956852697,2021-07,0.0007827610296451607
3095686599956852697,2021-08,0.0035051138562345397
3095686599956852697,2021-08,0.004289596523395771
3095686599956852697,2021-08,0.004289596523395771
5880041582322293710,2021-07,0.0016542402666155941
5880041582322293710,2021-07,0.0007771335456241975
5880041582322293710,2021-07,0.0011810972538017221
5880041582322293710,2021-08,0.00019961173723869531
5880041582322293710,2021-08,0.0006497963502114585
5880041582322293710,2021-08,0.00020129706628363754
5880041582322293710,2021-08,0.0006497963502114585
5880041582322293710,2021-08,0.00027076135295547643
8918635099296971351,2021-07,0.023014984076914914
8918635099296971351,2021-08,0.01889783545694485
7347715771145302549,2021-07,0.00034748422945304875
7347715771145302549,2021-07,0.00030207396868289847
7347715771145302549,2021-08,0.00028955055420049866
7347715771145302549,2021-08,0.0003925491295024501
8196449005061156808,2021-07,0.0020164184663474705
8196449005061156808,2021-08,0.0017646006874023554
7910340581026492945,2021-07,0.0007838259675878068
7910340581026492945,2021-07,0.0006603926242065889
7910340581026492945,2021-07,0.0005992557610961849
7910340581026492945,2021-08,0.0007167902836159253
7910340581026492945,2021-08,0.0007167902836159253
7910340581026492945,2021-08,0.0004133238829080189
7910340581026492945,2021-08,0.0007051687848838197
7910340581026492945,2021-08,0.0005452930461208843
4588313530969303734,2021-07,0.029042795612079446
4588313530969303734,2021-07,0.029042795612079446
4588313530969303734,2021-08,0.028361839180434018
4588313530969303734,2021-08,0.028361839180434018
8229446069655666941,2021-07,0.008657946126903272
8229446069655666941,2021-07,0.9135059470204534
8229446069655666941,2021-07,0.007137971264595498
8229446069655666941,2021-07,0.0069506896651778645
1299146298565441811,2021-07,0.008959159777205657
1299146298565441811,2021-07,0.007911885522376802
1299146298565441811,2021-08,0.014803336970902272
2119292203323657032,2021-07,0.0006716105747635709
2119292203323657032,2021-08,0.006314327600772399
4740535838297269949,2021-07,0.00028813585171488316
4740535838297269949,2021-07,0.00033658239492610287
4740535838297269949,2021-08,0.0007574603888100032
8198518259946944874,2021-07,0.9327656163607073
4327694790333781288,2021-07,0.00019647406841755046
4327694790333781288,2021-07,0.0001975198544351367
4327694790333781288,2021-08,0.004947652577731545
4327694790333781288,2021-08,0.000139448853140608
4327694790333781288,2021-08,0.00013864048546023865
324916756972236008,2021-07,0.002844351283541286
324916756972236008,2021-08,0.002231588402040905
324916756972236008,2021-08,0.002422670860450269
324916756972236008,2021-08,0.002390688382483488
324916756972236008,2021-08,0.0016840157850797643
1788369195969129749,2021-07,0.0007446610149932388
1788369195969129749,2021-08,0.0008674923584128253
6284433051333854194,2021-07,0.001933465376625008
6284433051333854194,2021-08,0.0012836126410695544
6284433051333854194,2021-08,0.0008342259617850037
472772897496154354,2021-07,0.003705083422825473
472772897496154354,2021-08,0.004225734100623218
472772897496154354,2021-08,0.004279638031635162
472772897496154354,2021-08,0.005285730906086911
5108407319813072955,2021-07,0.0010207658779310957
5108407319813072955,2021-07,0.0019896460589505036
1253437108265925705,2021-07,0.0006930462789894582
1253437108265925705,2021-07,0.0004249204141304274
1253437108265925705,2021-07,0.0006226289367206245
1253437108265925705,2021-08,0.006602700156506954
2209806355660046187,2021-07,0.0021566254849479764
2209806355660046187,2021-08,0.0026145326640660414
1767360303789815418,2021-07,0.0019409382432812978
8080988579391900405,2021-07,0.0029313563069065323
8080988579391900405,2021-07,0.0020246972674330716
8080988579391900405,2021-08,0.004253032600035357
8080988579391900405,2021-08,0.004253032600035357
8348574220426911086,2021-07,0.0013705517327579654
8348574220426911086,2021-07,0.0013368662373019389
8348574220426911086,2021-07,0.0024837313649095087
8348574220426911086,2021-08,0.0015237106005581572
8348574220426911086,2021-08,0.001241548039146799
8348574220426911086,2021-08,0.001210348320673358
8348574220426911086,2021-08,0.001463340684283643
6547872039250784411,2021-07,0.6090013758009327
6547872039250784411,2021-08,0.7225145326547469
1543875954928694094,2021-07,0.005288221758514548
1543875954928694094,2021-07,0.004648774737952672
8576047157867370630,2021-07,0.0318750173504797
8576047157867370630,2021-08,0.03037840975063072
3357976326879346012,2021-07,0.05371616459230722
3357976326879346012,2021-08,0.036991974751651294
903093877129717133,2021-07,0.000322863612096023
903093877129717133,2021-07,0.00015576260810171554
903093877129717133,2021-07,0.0002651298317782042
903093877129717133,2021-08,0.0032561942871317333
8536980239903840341,2021-07,0.0015076661225804902
5875663709136533612,2021-07,0.010108622022253025
6238903426443761049,2021-07,0.009656197918045322
6238903426443761049,2021-07,0.009656197918045322
6238903426443761049,2021-08,0.008729342344635755
6238903426443761049,2021-08,0.018893283446383136
6238903426443761049,2021-08,0.0037688353693522787
6238903426443761049,2021-08,0.004059525498821395
3660744270380078352,2021-07,0.042323828661619066
3660744270380078352,2021-08,0.027903198558268734
2377020220794016532,2021-07,0.00545425505006761
2377020220794016532,2021-07,0.004989252841060058
2377020220794016532,2021-08,0.0054527125784309596
8287608084245946173,2021-07,0.00204599876505093
8287608084245946173,2021-07,0.009750923542362663
8287608084245946173,2021-08,0.0018253201526323949
8287608084245946173,2021-08,0.00209870281950226
8287608084245946173,2021-08,0.0015053400480877052
8287608084245946173,2021-08,0.001693991893273724
8287608084245946173,2021-08,0.00209870281950226
8287608084245946173,2021-08,0.002099251120636907
8287608084245946173,2021-08,0.0016390157728665533
8287608084245946173,2021-08,0.002229075519919307
8287608084245946173,2021-08,0.002099251120636907
6950439982480713649,2021-07,0.05036885107242977
6950439982480713649,2021-08,0.09504309200054686
5067621068959932809,2021-07,0.021462994549564157
5067621068959932809,2021-07,0.020171670831286834
5067621068959932809,2021-07,0.03882048287590198
5067621068959932809,2021-08,0.021421795488030713
5067621068959932809,2021-08,0.018382521301001372
5067621068959932809,2021-08,0.011040806338843528
5067621068959932809,2021-08,0.011040806338843528
5067621068959932809,2021-08,0.007359695524206852
5067621068959932809,2021-08,0.01229952895528874
5067621068959932809,2021-08,0.007359695524206852
8195468623809753777,2021-07,0.0030355128204183515
8195468623809753777,2021-07,0.0017551324918449987
8195468623809753777,2021-07,0.0008862840154111218
8195468623809753777,2021-07,0.0030355128204183515
8195468623809753777,2021-08,0.0016008351590509555
8195468623809753777,2021-08,0.003682434865014239
8195468623809753777,2021-08,0.003682434865014239
3632378524835692731,2021-07,0.00043217093828435565
3632378524835692731,2021-08,0.0005288612312044327
4980232475645447238,2021-07,0.0007911043482514369
4980232475645447238,2021-07,0.0012585438946629438
3829967475074118757,2021-07,0.5948181042107944
3829967475074118757,2021-07,0.8012127265163608
3829967475074118757,2021-08,0.1987899625104577
3829967475074118757,2021-08,0.17601367651516928
3829967475074118757,2021-08,0.16573774741763872
3829967475074118757,2021-08,0.18487466633316296
2371917341091102894,2021-07,0.021604737416185116
2371917341091102894,2021-07,0.040721516284644245
3571198145319411787,2021-07,0.0016514858349664736
8503092146854371576,2021-07,0.0004544188347068819
8503092146854371576,2021-08,0.0004011999106083564
1036256411320325774,2021-07,0.0057009709687356235
1036256411320325774,2021-08,0.001421149881568244
1036256411320325774,2021-08,0.0010837037835270092
1036256411320325774,2021-08,0.0017057426244166827
8123515208041701633,2021-07,0.007894979593988043
8123515208041701633,2021-08,0.7489098191588274
8123515208041701633,2021-08,0.006436824326367522
8123515208041701633,2021-08,0.00799546629572637
5958664040344043635,2021-07,0.0020795000663027877
5958664040344043635,2021-07,0.0019155332678193315
5958664040344043635,2021-08,0.0009426976693836805
8785648114090695180,2021-07,0.001062567301735631
7595945751692012281,2021-07,0.0024336541911432474
7595945751692012281,2021-08,0.035162211882575053
7595945751692012281,2021-08,0.0045524678893614475
7041489327620930099,2021-07,0.01797417799684175
7041489327620930099,2021-08,0.019836969711035702
7787306805605072964,2021-07,0.36698490228327457
7787306805605072964,2021-08,0.5528190521391085
6885171468891031140,2021-07,0.003671937315762384
6885171468891031140,2021-08,0.002936345251183327
6885171468891031140,2021-08,0.002936345251183327
1357573192598249600,2021-07,0.005363861235822297
1357573192598249600,2021-07,0.005406028091786438
1357573192598249600,2021-08,0.004145933786903817
1357573192598249600,2021-08,0.0042950840614448815
1357573192598249600,2021-08,0.008883383793984597
1357573192598249600,2021-08,0.005311736684131598
1357573192598249600,2021-08,0.004785933716362738
2032592272238235730,2021-07,0.0038308031508003304
2032592272238235730,2021-08,0.005646286749053536
2032592272238235730,2021-08,0.004252979715711958
2032592272238235730,2021-08,0.0073899238215716975
4210463673385510745,2021-07,0.007046664157825125
4210463673385510745,2021-07,0.008047659147199907
4210463673385510745,2021-07,0.007046664157825125
4210463673385510745,2021-08,0.007986343792590627
4210463673385510745,2021-08,0.014469871937575337
4210463673385510745,2021-08,0.007013138418814061
3204108603682323936,2021-07,0.0004033911873568665
3204108603682323936,2021-08,0.0009685234638458398
3204108603682323936,2021-08,0.0008246031834012778
3204108603682323936,2021-08,0.0008170576247354425
9127318190908282126,2021-07,0.0032964692001457635
9127318190908282126,2021-08,0.0016336996017920179
9127318190908282126,2021-08,0.0019352997193654903
4817816966382229074,2021-07,0.006436239637761525
4817816966382229074,2021-08,0.004978779307659431
7451017400765373278,2021-07,0.0006551563551611136
7451017400765373278,2021-08,0.00027223835831471845
7451017400765373278,2021-08,0.0002751261004675478
7451017400765373278,2021-08,0.004576241440507049
7451017400765373278,2021-08,0.00022668292278563574
7451017400765373278,2021-08,0.00030007897990295593
4524147234488547993,2021-07,0.01763741213515944
4524147234488547993,2021-07,0.018658088503758146
4524147234488547993,2021-08,0.03194413235781989
4524147234488547993,2021-08,0.023361596720401456
191536915328669008,2021-07,0.30794092144758095
3025708129948185495,2021-07,0.0013358352018529413
5856610998569876318,2021-07,0.001685797715141641
5856610998569876318,2021-07,0.0012167591865209241
5856610998569876318,2021-08,0.0010310659008326605
2467590416042313927,2021-07,0.0004236157258122422
2467590416042313927,2021-08,0.0007451507745392797
6055129522348042687,2021-07,0.012600385021484056
8548612698724688238,2021-07,0.00265988247599151
8548612698724688238,2021-08,0.20062701792527593
7395696797140470088,2021-07,0.00013126571875110918
7395696797140470088,2021-08,0.00011884884023168815
4724876423989598202,2021-07,0.0007246367917257961
4724876423989598202,2021-07,0.0010325713649924919
4724876423989598202,2021-08,0.0008681168847966817
4724876423989598202,2021-08,0.0006837488108410149
4724876423989598202,2021-08,0.0009199137423378759
6662531979151878793,2021-07,0.0036775759751641822
2380458252615213706,2021-07,0.024196878053041018
2380458252615213706,2021-08,0.03483527728432318
6784879562354696650,2021-07,0.002110946675655842
8535586342375301953,2021-07,0.002232763878347684
8535586342375301953,2021-07,0.0019261507553036893
8535586342375301953,2021-08,0.02049301835101345
8535586342375301953,2021-08,0.0018415032141209705
3263212305228307743,2021-07,0.00039184915465619225
3263212305228307743,2021-07,0.00042427027087260844
3263212305228307743,2021-07,0.00032659550164247176
3263212305228307743,2021-08,0.00024211348027514866
5999145415800242177,2021-07,0.0054473327653520726
5999145415800242177,2021-08,0.005639801125597751
5999145415800242177,2021-08,0.008387708652051278
6012031176108922616,2021-07,0.012560281064557243
6012031176108922616,2021-08,0.17711319607512296
3279078057358159966,2021-07,0.017753983190797566
3279078057358159966,2021-08,0.02130308200910465
3807130563335796378,2021-07,0.0382709944715866
3807130563335796378,2021-08,0.08446773367777761
121658372387044248,2021-07,0.0032866783106322356
121658372387044248,2021-08,0.004246104371035844
121658372387044248,2021-08,0.004422644259295685
121658372387044248,2021-08,0.004368774890860055
4614484019183480654,2021-07,0.002474751060160554
4614484019183480654,2021-08,0.002507708959344286
4614484019183480654,2021-08,0.0027019397719636844
4614484019183480654,2021-08,0.002268420711171594
5753677550753111444,2021-07,7.513535900719878e-05
5753677550753111444,2021-07,0.00010714734903599376
5753677550753111444,2021-08,3.779071844504288e-05
5753677550753111444,2021-08,4.436420966173423e-05
1683619849073499603,2021-07,0.0027167554041354586
1683619849073499603,2021-08,0.0017225471529797554
2530707686830644666,2021-07,0.01098313082295172
2530707686830644666,2021-07,0.010917017508673226
2530707686830644666,2021-07,0.006425724870026343
2530707686830644666,2021-08,0.012096705296103766
7085295800541340563,2021-07,0.004918828431116457
7085295800541340563,2021-07,0.004198337819162132
7085295800541340563,2021-08,0.03749104060109966
7085295800541340563,2021-08,0.0056523219894148
7085295800541340563,2021-08,0.007434314479009806
7367321179169390502,2021-07,0.5568089807864794
5635781225931111684,2021-07,0.00743860144449149
5635781225931111684,2021-07,0.007190339435577734
5635781225931111684,2021-08,0.0073781550894393136
4537268360654655629,2021-07,0.02416462155281889
4537268360654655629,2021-08,0.024891817222759835
4993499380140734678,2021-07,0.0038279933049975155
6394935036014530592,2021-07,0.004550438394097135
6394935036014530592,2021-07,0.004550438394097135
6394935036014530592,2021-07,0.005581421484685764
6394935036014530592,2021-08,0.0026019023769388457
717981637594591016,2021-07,0.00023115926630848347
717981637594591016,2021-08,0.00031457221456223186
717981637594591016,2021-08,0.0002875263861284554
5048392903148444335,2021-07,0.010814185954544971
5048392903148444335,2021-07,0.010605364777936633
5048392903148444335,2021-08,0.00765284359413103
6521201759558790083,2021-07,0.0010899966052913442
5162636608292907782,2021-07,0.0345541032309072
5162636608292907782,2021-08,0.014047846158220599
5162636608292907782,2021-08,0.014047846158220599
5162636608292907782,2021-08,0.6959235711414701
5162636608292907782,2021-08,0.018957038054860726
8909740532547211288,2021-07,0.0005550539452730699
8909740532547211288,2021-07,0.0007088043107131989
8909740532547211288,2021-08,0.0008754200883487252
8909740532547211288,2021-08,0.0008754200883487252
8909740532547211288,2021-08,0.0010173321850833065
8909740532547211288,2021-08,0.001125988784214344
411246418132008456,2021-07,0.031246820422564773
86110062990790869,2021-07,0.01215893725686461
86110062990790869,2021-08,0.009296751887339883
86110062990790869,2021-08,0.009296751887339883
8162017568751362437,2021-07,0.03153367270088826
314309872114206760,2021-07,0.0029214987935380033
314309872114206760,2021-07,0.0022175833450903326
314309872114206760,2021-08,0.01295331549453266
314309872114206760,2021-08,0.01219015987045649
314309872114206760,2021-08,0.01295331549453266
314309872114206760,2021-08,0.01219015987045649
3631603567749349715,2021-07,0.001333262663005135
3631603567749349715,2021-08,0.0011805939987676545
93982185886107798,2021-07,0.01265399153412376
93982185886107798,2021-08,0.007990884867640243
93982185886107798,2021-08,0.006821232454354402
8487807876567995441,2021-07,0.001801055404966742
8487807876567995441,2021-07,0.001980708146639212
8487807876567995441,2021-08,0.0008691119641452076
3355881107559250653,2021-07,0.0005920595507019857
3355881107559250653,2021-07,0.0006652762728038864
3355881107559250653,2021-07,0.0015666149782822072
3355881107559250653,2021-07,0.000591971519914758
3355881107559250653,2021-07,0.0006612891629665815
3355881107559250653,2021-07,0.00116443861860283
3355881107559250653,2021-07,0.0012926433058509336
3355881107559250653,2021-07,0.001253508361777422
3355881107559250653,2021-08,0.0007534528892931956
3355881107559250653,2021-08,0.0008416634702630742
3355881107559250653,2021-08,0.0007534528892931956
3355881107559250653,2021-08,0.0016033022840655745
3355881107559250653,2021-08,0.0021048037527783246
3355881107559250653,2021-08,0.0008767818687164232
7492389223353246125,2021-07,0.016136777857625018
1078687383992817574,2021-07,0.2392411690012062
1078687383992817574,2021-08,0.19634772470619605
1078687383992817574,2021-08,0.2348171711041399
1078687383992817574,2021-08,0.32518681437253283
1078687383992817574,2021-08,0.32518681437253283
1078687383992817574,2021-08,0.19634772470619605
1078687383992817574,2021-08,0.1882554829692749
5383359512938607117,2021-07,0.007818332385693958
8724731934863284019,2021-07,0.04597209922512365
8724731934863284019,2021-07,0.011279840778938385
8724731934863284019,2021-08,0.01492730254060388
7269781193318890653,2021-07,0.0005271272410347043
7269781193318890653,2021-07,0.0005344512193557988
7269781193318890653,2021-08,0.0004246532718880479
4769364850030443969,2021-07,0.03262766716808754
4769364850030443969,2021-08,0.23387436520302926
4769364850030443969,2021-08,0.044676235152298495
7686361238195690925,2021-07,0.0008157192992061511
7686361238195690925,2021-07,0.004069332657336665
7686361238195690925,2021-07,0.0011343408881834757
7686361238195690925,2021-08,0.0005205335376839538
7686361238195690925,2021-08,0.0009621428937480008
7686361238195690925,2021-08,0.0005205335376839538
2092588065958607289,2021-07,0.0011058823153416836
2092588065958607289,2021-07,0.001548924314886504
2092588065958607289,2021-07,0.002478364213975333
2092588065958607289,2021-08,0.0008971926397974983
2092588065958607289,2021-08,0.0008971926397974983
2092588065958607289,2021-08,0.0008971926397974983
2092588065958607289,2021-08,0.013588338832200548
2092588065958607289,2021-08,0.0006238687888640618
2092588065958607289,2021-08,0.001171935242438307
2092588065958607289,2021-08,0.0020108980509904208
2092588065958607289,2021-08,0.0008971926397974983
2092588065958607289,2021-08,0.0020111966626072124
2092588065958607289,2021-08,0.0006238687888640618
2092588065958607289,2021-08,0.0008971926397974983
2092588065958607289,2021-08,0.0020111966626072124
5726884001073147293,2021-07,0.020812619024928543
7398738404146260251,2021-07,0.000973765764455708
7182085930008391174,2021-07,0.012511682612585872
7182085930008391174,2021-08,0.012034617499503653
7182085930008391174,2021-08,0.010686066792868399
1611146298923153842,2021-07,0.005811004409859391
1611146298923153842,2021-07,0.017997798187302044
1611146298923153842,2021-07,0.005778233379952906
1611146298923153842,2021-08,0.0043780149116374005
1611146298923153842,2021-08,0.002836099056841725
1553628056929342565,2021-07,0.005951186842771647
1553628056929342565,2021-07,0.006042818091988729
1553628056929342565,2021-07,0.009239675462791617
1553628056929342565,2021-08,0.04028693555277521
1553628056929342565,2021-08,0.006306710568945447
1553628056929342565,2021-08,0.006943031962835206
4432551314797496562,2021-07,0.9459786419209544
8385636129786687263,2021-07,0.0018882276174742227
8385636129786687263,2021-08,0.001393304558344805
1874387298050692165,2021-07,0.002613116851193375
4850722092974676955,2021-07,0.003530532839815428
4850722092974676955,2021-08,0.004173635932703033
4334472256949955221,2021-07,0.01283888495393449
4334472256949955221,2021-08,0.011537998584752206
4334472256949955221,2021-08,0.014266896259871892
5306165689101138983,2021-07,0.0012446276488198389
3140918607946425426,2021-07,0.0021183080896775173
3140918607946425426,2021-07,0.0046321582448856985
3140918607946425426,2021-08,0.0038091965257500545
3140918607946425426,2021-08,0.003761596566104142
3140918607946425426,2021-08,0.0038112222238917953
3140918607946425426,2021-08,0.0036772584373390266
3382609338395832683,2021-07,0.0718728302568331
3382609338395832683,2021-07,0.03544502529692161
3382609338395832683,2021-08,0.03157039235824611
3382609338395832683,2021-08,0.03993527537727051
9108733472015251498,2021-07,0.003242274475687918
7963861799566207637,2021-07,1.279650963804422e-05
7963861799566207637,2021-07,7.894258239764897e-06
7963861799566207637,2021-08,8.392339358738324e-05
3183208564139585182,2021-07,0.9473546475642999
963687627963462983,2021-07,0.00039808504172387415
963687627963462983,2021-08,0.00032632385585800377
963687627963462983,2021-08,0.00030634008788282547
4530631557358349711,2021-07,0.0005965250121454248
4530631557358349711,2021-07,0.0006231295849372275
4530631557358349711,2021-08,0.0005256151325324802
4530631557358349711,2021-08,0.0004581297137646711
4489904752023469353,2021-07,0.07356423902661353
4489904752023469353,2021-08,0.055687733199211234
4489904752023469353,2021-08,0.045643958859449024
8248484932270772248,2021-07,0.034799290077202415
8248484932270772248,2021-08,0.038641497252821615
2333404192508932057,2021-07,0.0019243739654149035
2333404192508932057,2021-07,0.0020267270037674753
2333404192508932057,2021-08,0.001655322843099113
8784237149961904,2021-07,0.0015345488267831334
8784237149961904,2021-08,0.0029544187868063717
8784237149961904,2021-08,0.0015648204302687102
8784237149961904,2021-08,0.002078161206568513
7992317448197179816,2021-07,0.006909150027555612
7992317448197179816,2021-08,0.007504634823053633
7992317448197179816,2021-08,0.007360936201473333
6276792736652545216,2021-07,0.005550874784463786
6276792736652545216,2021-08,0.004173215869955312
6276792736652545216,2021-08,0.003960506466584791
6204723742351094322,2021-07,0.0005154401966616035
6204723742351094322,2021-08,0.002536959845607968
705648002974742140,2021-07,0.023610771746173768
705648002974742140,2021-08,0.00296726224243801
798425422240919854,2021-07,0.0001076951259222771
798425422240919854,2021-07,0.00012214265909180774
798425422240919854,2021-08,0.00014892515623230498
798425422240919854,2021-08,0.00013318603360408396
798425422240919854,2021-08,0.00016133485014076858
5432443358006556295,2021-07,0.02767684080648645
5432443358006556295,2021-08,0.010972656430692382
5432443358006556295,2021-08,0.022772792346877062
4395946187332973749,2021-07,0.0003494214056696929
4395946187332973749,2021-08,0.00025553044269319657
5752688018135006198,2021-07,0.006367108953004429
5752688018135006198,2021-08,0.004990776931593548
5752688018135006198,2021-08,0.007283178594826978
6633838062940819075,2021-07,0.003410089121197755
6633838062940819075,2021-07,0.003410089121197755
6633838062940819075,2021-07,0.003155845207816608
6633838062940819075,2021-08,0.0028561052515654107
2598475569074240783,2021-07,0.012579906206221417
7750874287225529604,2021-07,0.007611129709883451
7750874287225529604,2021-08,0.006110124485829155
7750874287225529604,2021-08,0.007128663006272201
7750874287225529604,2021-08,0.007617354261530935
4635578010631860111,2021-07,0.0038389668877832055
4820852183212661131,2021-07,0.008661013428831195
4820852183212661131,2021-08,0.009449494894051443
5078307295214858596,2021-07,0.006493549409589452
8559143756893267192,2021-07,0.3184602036874094
3511416927745338332,2021-07,0.0005803982139157907
3511416927745338332,2021-08,0.00019510920589985837
5607900901204647807,2021-07,0.002578666941817666
7664272163315705419,2021-07,0.018900293073623894
7664272163315705419,2021-08,0.00746912044922656
2088532321693492263,2021-07,0.09224680753386415
2088532321693492263,2021-08,0.3071278617873856
2088532321693492263,2021-08,0.018951867022819115
6858769421191999702,2021-07,0.006832068560574342
6858769421191999702,2021-08,0.011347213041344636
6858769421191999702,2021-08,0.00603236809203588
1692423451726508456,2021-07,0.0056509588658191535
8255085612985072878,2021-07,0.000686261949475696
8255085612985072878,2021-07,0.0027297787604439183
8255085612985072878,2021-08,0.001966475254485713
7176848230239877915,2021-07,0.002371981713023078
7176848230239877915,2021-08,0.0017769546056774234
7176848230239877915,2021-08,0.0017769546056774234
5855956854975734380,2021-07,0.04422727713066229
5855956854975734380,2021-08,0.03017248001394497
1998941557906036376,2021-07,0.05649912945971131
1998941557906036376,2021-08,0.012464128816968609
7816319470107777265,2021-07,0.010233704784798986
295375823203017296,2021-07,0.0007199312674303636
6828316696355015040,2021-07,0.006985999375433269
6828316696355015040,2021-08,0.005768255330622283
8252215766413781202,2021-07,0.0007820926119407843
8252215766413781202,2021-08,0.0009581694692345723
3970610368027129821,2021-07,0.0028749841722927006
3970610368027129821,2021-08,0.002250578325733883
7141263195360679278,2021-07,0.031239393462224867
7141263195360679278,2021-08,0.13287219706560727
7141263195360679278,2021-08,0.09554074694837414
2003221759676247813,2021-07,0.0038283386113051312
2003221759676247813,2021-08,0.0010859568012039462
2735662700719640627,2021-07,0.026683680093116117
4052557282157719526,2021-07,0.00660188189101932
4052557282157719526,2021-08,0.002622821116267632
4052557282157719526,2021-08,0.004525646422832543
3258345688897172820,2021-07,0.02539858284094502
7462607259426026440,2021-07,0.00769378362621726
7462607259426026440,2021-08,0.010947350437598875
4556737702757145073,2021-07,0.0028574181005225708
4556737702757145073,2021-08,0.002970426984611699
4556737702757145073,2021-08,0.0029299773426206314
6926309382371178621,2021-07,0.00034924973895575665
8961924617442201922,2021-07,0.000608191590373818
8961924617442201922,2021-08,0.0004672807244832395
8961924617442201922,2021-08,0.002262294735700265
8961924617442201922,2021-08,0.0089720564562901
8961924617442201922,2021-08,0.000826683597481546
8552039412779393821,2021-07,0.002615237611210377
8552039412779393821,2021-08,0.004266924805301557
8552039412779393821,2021-08,0.004266924805301557
622073912578471754,2021-07,0.059343174477380335
1613152204777372951,2021-07,0.005000957340829348
6164364689409425900,2021-07,0.0009451723300513311
6091519986999196884,2021-07,0.0007872275035489424
6091519986999196884,2021-08,0.000739712682674659
6091519986999196884,2021-08,0.0007006201652873693
8374461419511631785,2021-07,0.003980815825359413
8374461419511631785,2021-08,0.007212147904141651
3421433989501830226,2021-07,0.028530055223260062
3713742318997880410,2021-07,0.0009916813069200988
3713742318997880410,2021-07,0.0009833330629650686
3713742318997880410,2021-08,0.0008018642490553858
3713742318997880410,2021-08,0.0007084105235806057
1368430815953333691,2021-07,0.14556369546607956
4183921942053157552,2021-07,0.005688263433792317
4183921942053157552,2021-08,0.009065894478688906
4183921942053157552,2021-08,0.009894827915378964
4183921942053157552,2021-08,0.009894827915378964
2900002014851776114,2021-07,0.18079589489099843
1778014915038250584,2021-07,0.1578665348607943
1778014915038250584,2021-07,0.18433641875890397
1778014915038250584,2021-08,0.12075209296504778
1420529738304793615,2021-07,0.037603441129981735
7818340804682162328,2021-07,0.04447252799566158
4661684997487171886,2021-07,0.0017823167187138388
4661684997487171886,2021-07,0.004491939253395604
4661684997487171886,2021-08,0.004307800781009304
4661684997487171886,2021-08,0.004307800781009304
4661684997487171886,2021-08,0.004307800781009304
4661684997487171886,2021-08,0.004307800781009304
4661684997487171886,2021-08,0.004661329709152729
851897122328714307,2021-07,0.0012449467859604036
851897122328714307,2021-07,0.0012628282848351651
851897122328714307,2021-08,0.001238958423685221
851897122328714307,2021-08,0.001502314993203469
257162352336759783,2021-07,0.0010266544264323132
257162352336759783,2021-08,0.0014838976784903087
5371387005775513675,2021-07,0.01660762456598264
5371387005775513675,2021-08,0.025445415422243534
5371387005775513675,2021-08,0.01757214823581569
662944582644865942,2021-07,0.011946926211719902
662944582644865942,2021-08,0.006795786398422899
662944582644865942,2021-08,0.007274694135238857
662944582644865942,2021-08,0.006795786398422899
1696462947583294958,2021-07,0.000670062325534317
1696462947583294958,2021-08,0.0007348023200320605
6817075905797098547,2021-07,0.012967864174220155
6817075905797098547,2021-08,0.004769005765828949
6817075905797098547,2021-08,0.004769005765828949
6817075905797098547,2021-08,0.03471883600616976
6817075905797098547,2021-08,0.004769005765828949
6817075905797098547,2021-08,0.005560787885719551
2201150681962815877,2021-07,0.0024861680259609825
7637066986811047950,2021-07,0.001759338666602619
7637066986811047950,2021-08,0.0011011348437220086
4571290108043699959,2021-07,0.0004181669589949274
4571290108043699959,2021-08,0.000798764240870703
5562543665139612149,2021-07,0.05349405732356194
2814790209436551216,2021-07,0.013491335952433375
2814790209436551216,2021-08,0.005319880537189149
2814790209436551216,2021-08,0.010459821036663368
8646472172649019955,2021-07,0.11000960429415603
8646472172649019955,2021-08,0.13983035364964433
4919908458022265747,2021-07,0.007651775110372703
4919908458022265747,2021-08,0.0035970933964551716
8049805689946244047,2021-07,0.012218627533566236
8049805689946244047,2021-08,0.012208259291993828
8049805689946244047,2021-08,0.010288500244407275
8049805689946244047,2021-08,0.012208259291993828
1292049196559782171,2021-07,0.0007016656127016735
1292049196559782171,2021-08,0.00073955083984532
1292049196559782171,2021-08,0.0006667574907171821
1292049196559782171,2021-08,0.0005135389588285079
1292049196559782171,2021-08,0.0005881701480900481
7810985951121711480,2021-07,0.016364028802248406
7810985951121711480,2021-08,0.012818723743881
6098833389547425063,2021-07,0.0073242400370305515
6098833389547425063,2021-08,0.005960404966889309
8376902089871279815,2021-07,0.00014112659842096295
8013668117699219722,2021-07,0.01246510932284424
8013668117699219722,2021-08,0.013033121767871218
6471448246085839373,2021-07,0.0011561597621890815
6471448246085839373,2021-08,0.0017309294568233768
1308019675417057675,2021-07,0.009062630799675852
1308019675417057675,2021-07,0.009113858410552877
1308019675417057675,2021-08,0.006288464906542177
1235244772550233980,2021-07,0.0001910189685476839
1235244772550233980,2021-08,0.0001638076569492964
1235244772550233980,2021-08,0.00018009983775629226
5477900120643078645,2021-07,0.017312462883765953
5477900120643078645,2021-08,0.00794188537223258
5477900120643078645,2021-08,0.008654144381425786
5477900120643078645,2021-08,0.007677300852341934
6796564304742670823,2021-07,0.15369741457776281
3538481420098344176,2021-07,0.3805025756099759
3538481420098344176,2021-08,0.03657307754651598
7444686668183702737,2021-07,0.001750065976637723
7444686668183702737,2021-08,0.006700902870981937
7444686668183702737,2021-08,0.0015325439210230499
3192341047315717823,2021-07,0.047920484727132805
3192341047315717823,2021-08,0.03488157049686519
2179772649873197365,2021-07,0.31001512561234773
7442192566700924647,2021-07,0.0006995806932104349
6134696632487351445,2021-07,0.0005785393171453022
6134696632487351445,2021-08,0.0010664201811245867
8874257794774679816,2021-07,0.002501454963140104
2382123267535341265,2021-08,0.004395287732718959
2382123267535341265,2021-08,0.005558839327943371
2382123267535341265,2021-08,0.004311857014494842
2382123267535341265,2021-08,0.005789641332984343
3275327267689584006,2021-08,0.3659353908324898
3275327267689584006,2021-08,0.3659353908324898
3275327267689584006,2021-08,0.3659353908324898
6216982347344525048,2021-08,0.0036203653615533675
6216982347344525048,2021-08,0.003582302824059836
2780030912070252968,2021-08,0.1044474962187554
8245393384938410770,2021-08,0.0007480884485947571
7920896580423665241,2021-08,0.009363746491418763
7920896580423665241,2021-08,0.003928560463302807
7920896580423665241,2021-08,0.011144492146725884
1430896989654626045,2021-08,0.002061403629873901
1430896989654626045,2021-08,0.0018432787539327412
9099218788416728596,2021-08,0.9227038818814417
9099218788416728596,2021-08,0.8325397438359707
5795100045494475994,2021-08,0.0030782100195359072
5795100045494475994,2021-08,0.0030782100195359072
8915958534285799867,2021-08,0.039823032524868206
7403979270048469991,2021-08,0.0011068069062813415
7403979270048469991,2021-08,0.0006876900412183923
7590999900861381526,2021-08,0.002105075172563817
8843432852270832388,2021-08,0.012047896551343968
5029701292539093910,2021-08,0.01615451975295767
5029701292539093910,2021-08,0.01615451975295767
2290083177086946553,2021-08,0.004842513913788684
2290083177086946553,2021-08,0.006266994371058411
2290083177086946553,2021-08,0.005083218767012158
1414132620714431952,2021-08,0.3287632394489084
3036967290595689189,2021-08,0.0003496796298872787
2870813069335519467,2021-08,0.015250514402350727
7751080728852739823,2021-08,0.0008658640356539622
7751080728852739823,2021-08,0.0006790243737266611
4762256864594914240,2021-08,0.001543623756720785
4762256864594914240,2021-08,0.0014659218309876572
3386019519917828299,2021-08,0.002716718812025306
3386019519917828299,2021-08,0.002884935962589072
6532139198609901627,2021-08,0.0009176578913216664
6532139198609901627,2021-08,0.0007301001672893366
8067924767167570288,2021-08,0.012420589323113091
8067924767167570288,2021-08,0.020555907752495627
8067924767167570288,2021-08,0.02097477538323894
1945147145527703963,2021-08,0.0006678445567330583
1945147145527703963,2021-08,0.0006678445567330583
1945147145527703963,2021-08,0.0006678445567330583
3333870869270823799,2021-08,0.02756781010293381
2250817603281429928,2021-08,0.0010226281169949624
2250817603281429928,2021-08,0.000877770094283082
9038299527164672091,2021-08,0.02375991626281439
8715120689636420963,2021-08,0.0003938288491202712
984915269987074754,2021-08,0.00022456975456641275
984915269987074754,2021-08,0.0003085306740032025
984915269987074754,2021-08,0.00036395049552762684
2012477868296377155,2021-08,0.008073368952379268
2012477868296377155,2021-08,0.004233554399833542
2012477868296377155,2021-08,0.004233554399833542
2012477868296377155,2021-08,0.00833787194996953
6100972975033180377,2021-08,0.0030721630701011386
8511588642284189303,2021-08,0.0907852645845509
8511588642284189303,2021-08,0.0907852645845509
8511588642284189303,2021-08,0.12151047706046038
7206599058451025691,2021-08,0.0011248754828423913
7206599058451025691,2021-08,0.0011248754828423913
4392369075438855735,2021-08,0.015499258633829678
4392369075438855735,2021-08,0.015499258633829678
4392369075438855735,2021-08,0.015499258633829678
3447213159487287154,2021-08,0.07846484250008484
3447213159487287154,2021-08,0.20927832358218673
3447213159487287154,2021-08,0.18745729769181482
1579681122696922043,2021-08,0.0063321637827446365
1579681122696922043,2021-08,0.0047412792588573385
2687720147676132707,2021-08,0.002851952820641236
2687720147676132707,2021-08,0.0033763376255256995
683445437387317282,2021-08,0.000548979498794433
683445437387317282,2021-08,0.00031414378029048296
3903290047715748290,2021-08,0.7329560515177059
7970976988071755401,2021-08,0.02510883352533713
7970976988071755401,2021-08,0.5768639172120749
7970976988071755401,2021-08,0.03355183729122301
8083157716178259762,2021-08,0.0047956445559227245
8083157716178259762,2021-08,0.002621227986895392
8083157716178259762,2021-08,0.0027189021663645784
8343941262792249232,2021-08,0.006749238309143921
8343941262792249232,2021-08,0.004643274220599568
8343941262792249232,2021-08,0.004498505474323072
5225029212547588718,2021-08,0.004057657816500198
170089315547146305,2021-08,0.01770588922982462
170089315547146305,2021-08,0.01057072699903405
170089315547146305,2021-08,0.12965055987551208
170089315547146305,2021-08,0.02919000320474763
3724562776372632620,2021-08,0.003808358231755352
1000372849175668062,2021-08,0.003303814658226053
1000372849175668062,2021-08,0.003194912551531543
5200455618694210402,2021-08,0.005186709356145887
2619109825960703851,2021-08,0.00984604212845767
6337915293429442229,2021-08,0.015700822058742455
1951407691087813358,2021-08,0.0006510466547685352
1951407691087813358,2021-08,0.0008005297477303305
1951407691087813358,2021-08,0.0006290121145344788
7471183491728700531,2021-08,0.12116513572184129
7471183491728700531,2021-08,0.10694471183485652
7330131219998265639,2021-08,0.00042895221169331893
5465001651966355821,2021-08,0.003087326616111336
5465001651966355821,2021-08,0.0020232600385976874
5465001651966355821,2021-08,0.003638518382816627
5883155883105348987,2021-08,0.01614030328605681
4090195792518021727,2021-08,0.006711912345368159
4090195792518021727,2021-08,0.0059126899765636525
4090195792518021727,2021-08,0.0059126899765636525
18719614953021044,2021-08,0.25843981959682305
1533755281771668509,2021-08,0.0001766393077912387
837142477962609471,2021-08,0.004677970043745599
6456490958004500912,2021-08,0.020933072453666678
5460280878923715699,2021-08,0.00726090944938717
5460280878923715699,2021-08,0.1670206521803619
1757249986361236700,2021-08,0.000781232721406142
6909701795322574613,2021-08,0.01623387163022483
1115703227712697214,2021-08,0.0002512132615097603
107343823625119033,2021-08,0.004153667038963239
107343823625119033,2021-08,0.020583463149825957
107343823625119033,2021-08,0.004342960771882012
107343823625119033,2021-08,0.003954619347945286
4956614249204803652,2021-08,0.0044718637055931945
4956614249204803652,2021-08,0.0038164111426059817
4008627434689715639,2021-08,0.09638358117025872
4008627434689715639,2021-08,0.09916581342570617
4008627434689715639,2021-08,0.1088139651555831
4008627434689715639,2021-08,0.1088139651555831
4008627434689715639,2021-08,0.09775370153189587
2772135008486239291,2021-08,0.26177845450844145
5558533999208199371,2021-08,0.49588112389966293
4130617254899676131,2021-08,0.4477793405307638
4130617254899676131,2021-08,0.03166687179061844
3543162424793477785,2021-08,0.06495836239328615
3543162424793477785,2021-08,0.03331879576583055
4512887927067894301,2021-08,0.4459347506011109
1044946691507317745,2021-08,0.0032042046096899
7031913170099381454,2021-08,0.07192407064549317
2407532237672094312,2021-08,0.6725131916506308
2407532237672094312,2021-08,0.038036495415698236
5687511145009775604,2021-08,0.8396509340901708
696014079855281037,2021-08,0.00626319596892502
1708019696828098378,2021-08,0.3274665449504904
1708019696828098378,2021-08,0.28163873167014997
9206030810342980458,2021-08,0.040596719837050814
9206030810342980458,2021-08,0.010997578667908065
2778852475840838977,2021-08,0.020200194876226134
1106971614386004604,2021-08,0.634611125600884
3045840317107313913,2021-08,0.002722704151902538
3045840317107313913,2021-08,0.0017029180192188514
6754039979151386401,2021-08,0.0010907637357870906
6754039979151386401,2021-08,0.000934642507530551
6754039979151386401,2021-08,0.0006363889104035699
8004409125524742779,2021-08,0.0003949333841591982
8004409125524742779,2021-08,0.0006184081435971548
8004409125524742779,2021-08,0.0003265946740855643
1741049493106216406,2021-08,0.12369957589621644
4335865859049992260,2021-08,0.001731084130607639
4335865859049992260,2021-08,0.0020236532442254227
4335865859049992260,2021-08,0.002995376683642132
8623308321032624474,2021-08,0.6631114876130154
8623308321032624474,2021-08,0.06187775024235379
3516294920850464913,2021-08,0.007408108701619904
1052398277967427422,2021-08,0.4970573443465881
1334091158016312155,2021-08,0.023003315635090938
6486277549325701534,2021-08,0.0025100412582228396
6486277549325701534,2021-08,0.0025100412582228396
6486277549325701534,2021-08,0.0025100412582228396
1423952977138155129,2021-08,0.0015999906553487817
1423952977138155129,2021-08,0.0013694248120229011
1956406515279457110,2021-08,0.03717988445146446
1956406515279457110,2021-08,0.00975429810215423
1956406515279457110,2021-08,0.012599717553015073
7142043104834932013,2021-08,0.01662650203921852
7142043104834932013,2021-08,0.02030352521406492
2785178201607654410,2021-08,0.08470713835931483
3472934456083131714,2021-08,0.002070780234242672
3472934456083131714,2021-08,0.007240952997757789
5487870288449327165,2021-08,0.008871843882593902
6528158819463595826,2021-08,0.00038257981388513813
8163895533020293251,2021-08,0.6389369662111078
8163895533020293251,2021-08,0.6079497642225158
4660230701075746534,2021-08,0.13232010521888526
4660230701075746534,2021-08,0.10439880361019828
6842075380768862290,2021-08,0.004912484606290887
7911162482760986289,2021-08,0.27196046248569006
8729164666041467296,2021-08,0.005934709421177384
521351744568531135,2021-08,0.00366938486752321
1166653268490470189,2021-08,0.0056360311124702515
1166653268490470189,2021-08,0.0056360311124702515
7076661330300123587,2021-08,0.00805022065967543
531805620371082364,2021-08,0.009837313668201737
4165983075385227812,2021-08,0.0011334957988363818
4165983075385227812,2021-08,0.002459521710328959
4165983075385227812,2021-08,0.001180618289816477
665505091521986356,2021-08,0.0007599641088735392
1687017009357941608,2021-08,0.017510260802087865
2773493808492482979,2021-08,0.0018941007939214302
4662079815415471798,2021-08,0.050856550893669895
5574997762710520717,2021-08,0.006015905263615207
1207306324957395736,2021-08,0.7248281083407314
3915426102465954493,2021-08,0.0019103208102373864
1093053069479288753,2021-08,0.016461742481799276
4569866309119931805,2021-08,0.009168543002130191
4351694415353093046,2021-08,0.42513909542901046
5255460548789019114,2021-08,0.0051097479073038965
8826489829259520138,2021-08,0.0005868473679316
3592461881055047578,2021-08,0.023845913358283437
6987942592445950913,2021-08,0.0004852881746387605
1467843186411742274,2021-08,0.003999731947414175
1467843186411742274,2021-08,0.00339204287459848
39547025441582855,2021-08,0.0011463119323245818
39547025441582855,2021-08,0.000877182523181496
873223039957991123,2021-08,0.007475257454927217
7671566034617837932,2021-08,0.00062588304674229
7671566034617837932,2021-08,0.00046346201145729625
7671566034617837932,2021-08,0.00046346201145729625
5689766561863956319,2021-08,0.006864584157228008
7260748352873493818,2021-08,0.0017244052223915948
4284129442855564250,2021-08,0.0035395345173787735
1069093308328204542,2021-08,0.0016745871269337866
326257359176916767,2021-08,0.0006059610226795931
6615694774618628402,2021-08,0.013117794756264973
6615694774618628402,2021-08,0.013117794756264973
7524505197759784814,2021-08,0.08036008518725593
6598561842700412652,2021-08,0.7465366250582343
6598561842700412652,2021-08,0.6650557784009157
6598561842700412652,2021-08,0.6727903350840929
6598561842700412652,2021-08,0.614065631988349
69766362497027920,2021-08,0.013227196740376257
6865071386683133124,2021-08,0.005308527665665753
6865071386683133124,2021-08,0.0064393416960718585
6020593949794792044,2021-08,0.03284416825840633
1698828605814171242,2021-08,0.0018181457869604833
1698828605814171242,2021-08,0.0021585145846537103
8707474618041058293,2021-08,0.06590025524479864
6731795019313479942,2021-08,0.0010343707518911543
6941381638534728190,2021-08,0.00048570537356494424
5854364934896993687,2021-08,0.0007429090805615366
2678966409665050034,2021-08,0.0006277213484422029
8706851346184249504,2021-08,0.001409814240077116
988707525807573448,2021-08,0.004202830827925543
8736788139020105764,2021-08,0.5927392011156605
7061868716439556791,2021-08,0.8772769775770797
4677213860368191144,2021-08,0.0069590249002074375
4677213860368191144,2021-08,0.0069590249002074375
8463871205935856285,2021-08,0.022182256219239093
8463871205935856285,2021-08,0.016354167109293966
7944852965555666513,2021-08,0.003003377445148684
3361278050140871809,2021-08,0.31852984151575103
5373371196946859811,2021-08,0.008700228699618381
5373371196946859811,2021-08,0.012957011299156902
2386535178006664233,2021-08,0.6955863999427343
2308217045093677129,2021-08,0.03377696433243545
4831988987853936627,2021-08,0.000538150773296844
8292458529987016717,2021-08,0.04394682069217405
8292458529987016717,2021-08,0.027246249251432528
2805743565496207618,2021-08,0.030595199047211596
6968106554514688300,2021-08,0.0029466366748342565
8994944800097997361,2021-08,0.005668847777950749
8994944800097997361,2021-08,0.006042636350609403
8994944800097997361,2021-08,0.006042636350609403
4874157215501489741,2021-08,0.00010084630395061034
6636325081217917184,2021-08,0.06150772671296483
5540361570968095722,2021-08,0.0031008020269661027
7848910047105468475,2021-08,0.5311695301965179
8449503736717242889,2021-08,0.48628101277489
7708030042671632236,2021-08,0.003059117434729003
7708030042671632236,2021-08,0.0029245039967050125
8859064595603380512,2021-08,0.0017589377459416723
5082813456193598086,2021-08,0.002485748556130256
6704528044328834201,2021-08,0.0007311595381422953
2499050168966442376,2021-08,0.11792656225099908
7138126049219817285,2021-08,0.001632791558677567
9142266044170177362,2021-08,0.04681671114008727
2508429106201166689,2021-08,0.0008559385578731622
7719481195372677540,2021-08,0.0026203677707311197
8398000036517692656,2021-08,0.23808978541670575
1285245417998627607,2021-08,0.8867433287778029
1997130697107291654,2021-08,0.04278028157109328
6724017568171288443,2021-08,0.0008609376959760459
5136739522477907100,2021-08,0.004810473820071292
3148228961195376491,2021-08,0.04507965800170295
1827463638348028912,2021-08,0.00878373898308408
6213213514675778388,2021-08,0.011195512092411883
1396078312562623766,2021-08,0.08589041336106326
2092588065958607289,2021-08,0.0010871061609770366
2092588065958607289,2021-08,0.0012868157013978046
2092588065958607289,2021-08,0.0013960633121669636
2092588065958607289,2021-08,0.001214829067347533
2092588065958607289,2021-09,0.0006704654584612763
2092588065958607289,2021-09,0.0006125558626695548
2092588065958607289,2021-09,0.0006125558626695548
2092588065958607289,2021-09,0.0003463033079750485
2092588065958607289,2021-09,0.0006704654584612763
2092588065958607289,2021-09,0.0006704654584612763
2092588065958607289,2021-09,0.0005993074845490964
8004409125524742779,2021-08,0.0003265946740855643
8004409125524742779,2021-09,0.0004898152516449487
8004409125524742779,2021-09,0.0005353486593497501
8004409125524742779,2021-09,0.00036643413126716766
1308019675417057675,2021-08,0.008515284912522134
1308019675417057675,2021-08,0.008515284912522134
1308019675417057675,2021-09,0.029211061262909253
1308019675417057675,2021-09,0.009908132031530861
1687017009357941608,2021-08,0.015334147456495816
5220206408301580591,2021-08,0.030133067164055997
1088268935649917461,2021-08,0.026633463520557298
1088268935649917461,2021-08,0.012007931124637702
683445437387317282,2021-08,0.0004921072106163467
683445437387317282,2021-08,0.0003197687741291808
683445437387317282,2021-09,0.00041898295503384376
3447213159487287154,2021-08,0.15779448798346288
2499050168966442376,2021-08,0.04981172378787439
2499050168966442376,2021-09,0.507655707546198
8529899700094903171,2021-08,0.002014448649701473
8529899700094903171,2021-08,0.003271581913879456
8529899700094903171,2021-08,0.002014448649701473
8529899700094903171,2021-08,0.003921640695634412
8529899700094903171,2021-08,0.005038200714384725
8529899700094903171,2021-08,0.0034583680313155928
8529899700094903171,2021-08,0.002014448649701473
8529899700094903171,2021-08,0.002014448649701473
8529899700094903171,2021-08,0.002014448649701473
8529899700094903171,2021-08,0.0020840642185355426
8529899700094903171,2021-08,0.011494510266013806
8529899700094903171,2021-08,0.002014448649701473
8529899700094903171,2021-08,0.0037099264165028063
8529899700094903171,2021-08,0.003462835170673981
8529899700094903171,2021-08,0.002014448649701473
8529899700094903171,2021-08,0.0020840642185355426
8529899700094903171,2021-08,0.0020840642185355426
8529899700094903171,2021-08,0.0020840642185355426
8529899700094903171,2021-09,0.0010681339616924505
8529899700094903171,2021-09,0.0010591426812156723
8529899700094903171,2021-09,0.0010591426812156723
8529899700094903171,2021-09,0.0015055426324305586
8529899700094903171,2021-09,0.0010591426812156723
8529899700094903171,2021-09,0.0015055426324305586
8529899700094903171,2021-09,0.0010681339616924505
8529899700094903171,2021-09,0.0010681339616924505
8529899700094903171,2021-09,0.0011292600162708076
8529899700094903171,2021-09,0.0010681339616924505
8529899700094903171,2021-09,0.0015055426324305586
7221446976321358973,2021-08,0.0030499393826312724
7221446976321358973,2021-09,0.002415134528390215
7221446976321358973,2021-09,0.005555073505020877
6594970822995540982,2021-08,0.6081634337649761
6594970822995540982,2021-09,0.021882324222122846
1156053485989336481,2021-08,0.010806057004226318
1156053485989336481,2021-08,0.010846723969401728
1156053485989336481,2021-08,0.010319031136461255
1156053485989336481,2021-08,0.010785929075398184
1156053485989336481,2021-08,0.01047374374181686
1156053485989336481,2021-08,0.010415017356258783
1156053485989336481,2021-08,0.010415017356258783
1156053485989336481,2021-08,0.010415017356258783
1156053485989336481,2021-08,0.01026116323050293
1156053485989336481,2021-08,0.010415017356258783
1156053485989336481,2021-08,0.010415017356258783
1156053485989336481,2021-08,0.010415017356258783
1156053485989336481,2021-08,0.010319031136461255
1156053485989336481,2021-08,0.010319031136461255
1156053485989336481,2021-08,0.01047374374181686
1156053485989336481,2021-08,0.010319031136461255
1156053485989336481,2021-08,0.01047374374181686
1156053485989336481,2021-08,0.011330625556579862
1156053485989336481,2021-08,0.010319031136461255
1156053485989336481,2021-08,0.010319031136461255
1156053485989336481,2021-08,0.008631434781589849
1156053485989336481,2021-08,0.010319031136461255
1156053485989336481,2021-08,0.011330625556579862
1156053485989336481,2021-08,0.01047374374181686
1156053485989336481,2021-08,0.01047374374181686
1156053485989336481,2021-08,0.010319031136461255
1156053485989336481,2021-08,0.01026116323050293
1156053485989336481,2021-08,0.010415017356258783
1156053485989336481,2021-08,0.010415017356258783
1156053485989336481,2021-08,0.010319031136461255
1156053485989336481,2021-08,0.01047374374181686
1156053485989336481,2021-08,0.010319031136461255
1156053485989336481,2021-08,0.010319031136461255
1156053485989336481,2021-09,0.023177073437287084
1156053485989336481,2021-09,0.023650838774983342
1156053485989336481,2021-09,0.023306065515323784
1156053485989336481,2021-09,0.020432461999392432
1156053485989336481,2021-09,0.023519984432614938
1156053485989336481,2021-09,0.023177073437287084
1156053485989336481,2021-09,0.023519984432614938
1156053485989336481,2021-09,0.023177073437287084
1156053485989336481,2021-09,0.023306065515323784
1156053485989336481,2021-09,0.8600874815563826
1156053485989336481,2021-09,0.023650838774983342
1156053485989336481,2021-09,0.023650838774983342
1156053485989336481,2021-09,0.023650838774983342
1156053485989336481,2021-09,0.8600874815563826
1156053485989336481,2021-09,0.8600874815563826
1156053485989336481,2021-09,0.023306065515323784
1156053485989336481,2021-09,0.023650838774983342
1156053485989336481,2021-09,0.37406691642156886
1156053485989336481,2021-09,0.023650838774983342
1156053485989336481,2021-09,0.023650838774983342
1156053485989336481,2021-09,0.023306065515323784
1156053485989336481,2021-09,0.023306065515323784
1156053485989336481,2021-09,0.0203190435780685
1156053485989336481,2021-09,0.023177073437287084
1156053485989336481,2021-09,0.023306065515323784
1156053485989336481,2021-09,0.023650838774983342
1156053485989336481,2021-09,0.025557925644078324
1156053485989336481,2021-09,0.023650838774983342
1156053485989336481,2021-09,0.023306065515323784
1156053485989336481,2021-09,0.023306065515323784
8926565682509268383,2021-08,0.0016717417182587966
8926565682509268383,2021-08,0.001630959409646078
8926565682509268383,2021-08,0.0011651821637910264
8926565682509268383,2021-08,0.0019936028514044367
8926565682509268383,2021-08,0.001630959409646078
8926565682509268383,2021-08,0.000988655156664447
8926565682509268383,2021-08,0.0016717417182587966
8926565682509268383,2021-09,0.002891635513281213
8926565682509268383,2021-09,0.005040305552117601
8926565682509268383,2021-09,0.006465994652627961
8926565682509268383,2021-09,0.00838810118881299
8926565682509268383,2021-09,0.003916394055002295
8926565682509268383,2021-09,0.00838810118881299
8926565682509268383,2021-09,0.006006263404454481
8926565682509268383,2021-09,0.004032997684765118
8926565682509268383,2021-09,0.7227482159386545
8926565682509268383,2021-09,0.008581729613942081
8926565682509268383,2021-09,0.004032997684765118
5517114603826429870,2021-08,0.0031355777973335885
5517114603826429870,2021-08,0.0017315148498323026
1118514612547157551,2021-08,0.013709577176152433
1118514612547157551,2021-08,0.017791472370040383
1118514612547157551,2021-09,0.025601051672031153
1118514612547157551,2021-09,0.02621739914071255
5108407319813072955,2021-08,0.004211036558130649
5108407319813072955,2021-08,0.0013600150988689144
5108407319813072955,2021-08,0.0020343226206637954
5108407319813072955,2021-09,0.0013634764247107847
5481711897502154955,2021-08,0.008756488385499816
5481711897502154955,2021-08,0.010539309331466918
5481711897502154955,2021-08,0.008756488385499816
5481711897502154955,2021-09,0.005261282688105562
5481711897502154955,2021-09,0.005614668118750732
5481711897502154955,2021-09,0.0038189496236931083
5880041582322293710,2021-08,0.00020823685765685034
5880041582322293710,2021-08,0.00011477483398951064
5880041582322293710,2021-08,0.0004997884531459678
5880041582322293710,2021-08,0.000291769585259973
5880041582322293710,2021-08,0.0007001931128234027
5880041582322293710,2021-08,0.00020823685765685034
5880041582322293710,2021-08,0.0004997884531459678
5880041582322293710,2021-08,0.00011477483398951064
5880041582322293710,2021-09,0.0006171105093651829
5880041582322293710,2021-09,0.00208683501045139
5880041582322293710,2021-09,0.0012800805077175226
4862285428951244424,2021-08,4.382094139686157e-05
4862285428951244424,2021-08,4.211084402787183e-05
4862285428951244424,2021-08,4.344689119199028e-05
4862285428951244424,2021-08,4.150122533571682e-05
4862285428951244424,2021-09,5.39822689115038e-05
4862285428951244424,2021-09,5.6999574662134306e-05
4850722092974676955,2021-08,0.0119347714176962
4850722092974676955,2021-08,0.003685896007220103
4850722092974676955,2021-09,0.0023869457148128063
8163895533020293251,2021-08,0.5398200235390506
8163895533020293251,2021-08,0.5871458143559963
8163895533020293251,2021-08,0.5422032476052304
8163895533020293251,2021-08,0.6468818591367765
8163895533020293251,2021-08,0.6874056362855455
8163895533020293251,2021-08,0.6540834221655186
8163895533020293251,2021-08,0.6575860898336394
8163895533020293251,2021-09,0.5854192354231843
8163895533020293251,2021-09,0.5290753151210645
8163895533020293251,2021-09,0.561039521853297
5761480994209806499,2021-08,0.00021690521229527103
5761480994209806499,2021-08,0.00039989125280373393
5761480994209806499,2021-08,0.00031741378509442833
5761480994209806499,2021-08,0.00029815168166660443
5761480994209806499,2021-08,0.000193552784388252
5761480994209806499,2021-08,0.000193552784388252
5761480994209806499,2021-08,0.00021690521229527103
5761480994209806499,2021-08,0.00021690521229527103
5761480994209806499,2021-08,0.00015232886346972085
5761480994209806499,2021-08,0.0002511791381221871
5761480994209806499,2021-08,0.00021670581000291577
5761480994209806499,2021-08,0.00021449137753948321
5761480994209806499,2021-08,0.0002546480215166275
5761480994209806499,2021-08,0.00031737513137588977
5761480994209806499,2021-08,0.00018522264693169872
5761480994209806499,2021-08,0.00015327025108825094
5761480994209806499,2021-08,0.00021690521229527103
5761480994209806499,2021-08,0.0003346450485124324
5761480994209806499,2021-08,0.00015327025108825094
5761480994209806499,2021-09,0.0001762032587527775
5761480994209806499,2021-09,0.00022203148820738752
5761480994209806499,2021-09,0.00041579179395518354
5761480994209806499,2021-09,0.00016119832480394653
5761480994209806499,2021-09,0.006750438651707843
5761480994209806499,2021-09,0.00016119832480394653
5761480994209806499,2021-09,0.0001544940068973026
5761480994209806499,2021-09,0.00017765989019288302
5761480994209806499,2021-09,0.0001544940068973026
5761480994209806499,2021-09,0.0001603993587449984
5761480994209806499,2021-09,0.0002352646954059225
5761480994209806499,2021-09,0.0001658087653219094
5761480994209806499,2021-09,0.0001957892275615305
5761480994209806499,2021-09,0.00021830641237475913
5761480994209806499,2021-09,0.00026430849991240514
5761480994209806499,2021-09,0.0010373363501846905
5761480994209806499,2021-09,0.00016119832480394653
5761480994209806499,2021-09,0.0001860422736337091
5761480994209806499,2021-09,0.00021786500661960352
5761480994209806499,2021-09,0.00021786500661960352
5761480994209806499,2021-09,0.0001860422736337091
5761480994209806499,2021-09,0.0002009009651546386
5761480994209806499,2021-09,0.0002352646954059225
4935929591787890253,2021-08,0.0025918601569021207
4935929591787890253,2021-08,0.003034715533533375
4935929591787890253,2021-08,0.0026425175820788635
4935929591787890253,2021-09,0.0026606405599488
4935929591787890253,2021-09,0.0021688359272652013
4935929591787890253,2021-09,0.0024018142265102016
5522764880180045081,2021-08,0.017938711730589453
5522764880180045081,2021-08,0.018194135961507204
5522764880180045081,2021-08,0.019233059362703586
5522764880180045081,2021-09,0.007787431181046221
8409181491723988567,2021-08,0.001349256762943995
8409181491723988567,2021-08,0.0014923697318294001
8409181491723988567,2021-08,0.0005820494547748343
8409181491723988567,2021-09,0.0014357483842897811
6582676833651678345,2021-08,0.00011554645489524886
6582676833651678345,2021-08,0.00011838715813269843
6582676833651678345,2021-08,0.00010298623348326332
6582676833651678345,2021-09,0.00011122232773999027
6582676833651678345,2021-09,0.00010843330649450669
6582676833651678345,2021-09,0.00015409465264802597
6582676833651678345,2021-09,0.00015409465264802597
6582676833651678345,2021-09,0.00010508756905699733
6582676833651678345,2021-09,0.00017254743607356986
8487807876567995441,2021-08,0.001207399986382368
8487807876567995441,2021-08,0.0013992261496839214
8487807876567995441,2021-09,0.0005484332802021206
8487807876567995441,2021-09,0.0004225997964117981
8733525963966339207,2021-08,0.3977554199220075
8733525963966339207,2021-08,0.3155955186404301
8733525963966339207,2021-08,0.36592860304431885
8733525963966339207,2021-09,0.4313227861556679
8733525963966339207,2021-09,0.4313227861556679
4045739494965095560,2021-08,0.0003543131316722813
4045739494965095560,2021-08,0.0003763296203217763
4045739494965095560,2021-08,0.0003073187770413859
4045739494965095560,2021-08,0.0003623887896158507
4045739494965095560,2021-08,0.0005226891740980379
4045739494965095560,2021-09,0.0004187179132274442
4045739494965095560,2021-09,0.0003789372404425812
4045739494965095560,2021-09,0.0005227222497456567
4045739494965095560,2021-09,0.000445697520201658
4045739494965095560,2021-09,0.0004202435209024275
4045739494965095560,2021-09,0.00038695144150261085
4045739494965095560,2021-09,0.0004187179132274442
4045739494965095560,2021-09,0.00027428364125910815
4045739494965095560,2021-09,0.000445697520201658
4045739494965095560,2021-09,0.0006516169437217528
1613152204777372951,2021-08,0.009963216192584149
1613152204777372951,2021-08,0.007601296114244352
8826489829259520138,2021-08,0.0005715484814610315
8826489829259520138,2021-08,0.0007501005128754628
8826489829259520138,2021-08,0.0005903068888910948
8826489829259520138,2021-09,0.00038777808545127613
8826489829259520138,2021-09,0.0003935232005452485
3382624494518753363,2021-08,0.4099945782267538
3382624494518753363,2021-09,0.1427267554945123
8564920972266217847,2021-08,0.005225986578019403
8564920972266217847,2021-09,0.0014714586738778866
5794903898038236832,2021-08,0.003020531401483442
5794903898038236832,2021-08,0.006151456452353856
5794903898038236832,2021-09,0.017058838321453062
3118152790263512426,2021-08,0.0068222937798921735
3118152790263512426,2021-08,0.005687636322619488
3118152790263512426,2021-08,0.010927203244047308
3118152790263512426,2021-08,0.005579513839826015
3118152790263512426,2021-08,0.00610007244510566
3118152790263512426,2021-09,0.01467018254194395
3118152790263512426,2021-09,0.013276024113384492
8348574220426911086,2021-08,0.0018621022575930474
8348574220426911086,2021-08,0.002515351462756669
8348574220426911086,2021-08,0.002000921504580886
8348574220426911086,2021-09,0.005967756828898605
8464809590757561185,2021-08,0.001654826221752955
8464809590757561185,2021-08,0.0014935707878122302
8464809590757561185,2021-08,0.0016777483800902934
8464809590757561185,2021-08,0.0016538041949337022
8464809590757561185,2021-08,0.0017567596657678737
8464809590757561185,2021-09,0.0029456306356453695
7707459425750676368,2021-08,0.03358157991749905
7707459425750676368,2021-08,0.6494883188809903
7707459425750676368,2021-09,0.02873441858194884
2025898153078562640,2021-08,0.004283411499356833
2025898153078562640,2021-08,0.0035133791170572715
7910340581026492945,2021-08,0.0007506269151294941
7910340581026492945,2021-08,0.0006833189921828657
7910340581026492945,2021-08,0.0007363335758456738
7910340581026492945,2021-08,0.0005395453547051699
7910340581026492945,2021-09,0.07219129420681718
7910340581026492945,2021-09,0.0005456725908093786
7910340581026492945,2021-09,0.0007528834499720598
8505870778358741102,2021-08,0.01682665579313423
8505870778358741102,2021-08,0.0035043062095703615
8505870778358741102,2021-09,0.013224004943306998
8505870778358741102,2021-09,0.0030627251566312267
6145308913889808258,2021-08,0.09211136146446362
9184785003280841216,2021-08,0.0010922597653148405
9184785003280841216,2021-08,0.001031987301554425
9184785003280841216,2021-08,0.0013031949906963571
9184785003280841216,2021-08,0.0016866823284946812
9184785003280841216,2021-08,0.0010399656145957646
9184785003280841216,2021-08,0.001270757567012566
9184785003280841216,2021-09,0.001976391929620093
9184785003280841216,2021-09,0.0013345433112744965
7177785309735471560,2021-08,0.00013904616808127043
7177785309735471560,2021-08,0.0001960977183949512
7177785309735471560,2021-08,0.0001105493096058785
7177785309735471560,2021-09,0.0002279410297732983
7177785309735471560,2021-09,0.040160667478499716
7177785309735471560,2021-09,0.0001853493517632723
7177785309735471560,2021-09,0.00020418864820526277
7177785309735471560,2021-09,0.0003432063091749829
8835646476961190471,2021-08,0.04775173639416976
8835646476961190471,2021-08,0.04775173639416976
8835646476961190471,2021-09,0.04702502167057187
6061850657256270336,2021-08,0.0007651670706504853
6061850657256270336,2021-08,0.0007651670706504853
6061850657256270336,2021-09,0.000550221582103406
6061850657256270336,2021-09,0.000550221582103406
6061850657256270336,2021-09,0.005974166107895031
4679462479444735708,2021-08,0.0031034558466892076
4679462479444735708,2021-08,0.0037264815063917014
4679462479444735708,2021-08,0.0031034558466892076
4679462479444735708,2021-08,0.0031034558466892076
4679462479444735708,2021-08,0.0032668701331721997
4679462479444735708,2021-08,0.0011524941971707721
4679462479444735708,2021-08,0.004900225720396606
4679462479444735708,2021-09,0.003747167676266226
4679462479444735708,2021-09,0.005784406365210377
4679462479444735708,2021-09,0.003760357066078828
4679462479444735708,2021-09,0.004423613860050636
7818340804682162328,2021-08,0.021606020482790204
7818340804682162328,2021-08,0.02481883363141366
7818340804682162328,2021-09,0.21175091121422907
7818340804682162328,2021-09,0.01318160651354897
7818340804682162328,2021-09,0.015025773243732195
5757271354816214865,2021-08,0.6574959063682062
5757271354816214865,2021-08,0.6713987482580238
5757271354816214865,2021-09,0.42095503146142926
8784237149961904,2021-08,0.002874002670508377
8784237149961904,2021-08,0.0016742613497775943
8784237149961904,2021-08,0.0015360943097887352
8784237149961904,2021-08,0.001249190716860953
8784237149961904,2021-08,0.0010903441524406144
8784237149961904,2021-09,0.0010037939025335848
8784237149961904,2021-09,0.0026686314496005485
4414438591613884911,2021-08,0.004213133803644963
4414438591613884911,2021-08,0.0043606140799423
4414438591613884911,2021-08,0.0036599413295916095
4414438591613884911,2021-09,0.004276103513476467
4414438591613884911,2021-09,0.009206662934284928
3970610368027129821,2021-08,0.00356995761524489
3970610368027129821,2021-09,0.004207184583819394
3829967475074118757,2021-08,0.18675894198854162
3829967475074118757,2021-08,0.19858696665026157
3829967475074118757,2021-08,0.20680086703865333
3829967475074118757,2021-08,0.21614503655988468
3829967475074118757,2021-08,0.19493473503970823
3829967475074118757,2021-08,0.2161936395517124
3829967475074118757,2021-09,0.69994259321619
8889055492416898333,2021-08,0.06122070858249459
8889055492416898333,2021-08,0.017384721363860475
8889055492416898333,2021-09,0.008165603288477617
8889055492416898333,2021-09,0.01543977718053044
8889055492416898333,2021-09,0.009634195118900393
7436628409157313756,2021-08,0.0017160431057709024
7436628409157313756,2021-08,0.0017160431057709024
7436628409157313756,2021-09,0.0044704666289370094
7436628409157313756,2021-09,0.004808255613114218
2191990606593345695,2021-08,0.009580098830277058
2191990606593345695,2021-08,0.01814869127716322
2191990606593345695,2021-08,0.009226186195842834
3408536439470975134,2021-08,0.0001509520855299336
3408536439470975134,2021-08,0.00015685748477671892
3408536439470975134,2021-08,0.00011098911186293958
3408536439470975134,2021-08,0.00016891659531894537
3408536439470975134,2021-08,0.00011952231059938528
3408536439470975134,2021-09,7.039382043333362e-05
3408536439470975134,2021-09,7.896659620047422e-05
3408536439470975134,2021-09,0.0001447061509252267
3408536439470975134,2021-09,0.0001447061509252267
3408536439470975134,2021-09,0.0001447061509252267
3408536439470975134,2021-09,0.0001447061509252267
3408536439470975134,2021-09,0.0001447061509252267
3408536439470975134,2021-09,0.0001447061509252267
3408536439470975134,2021-09,7.69458057670685e-05
170089315547146305,2021-08,0.03805595885768983
170089315547146305,2021-08,0.12573727287932204
170089315547146305,2021-08,0.12789024967264712
170089315547146305,2021-08,0.02077524269343584
170089315547146305,2021-08,0.06621868176018327
170089315547146305,2021-08,0.029931757921849253
170089315547146305,2021-08,0.059499313490732425
170089315547146305,2021-08,0.0121514001058117
170089315547146305,2021-09,0.02342020789743016
170089315547146305,2021-09,0.012284910656707454
3161361581909316305,2021-08,0.017787948610853588
8535586342375301953,2021-08,0.0030647844206719357
8535586342375301953,2021-08,0.0029857204730415862
8535586342375301953,2021-08,0.0017784592721095495
8535586342375301953,2021-09,0.0011504353055353355
8939476669690489534,2021-08,0.009151530889199238
8939476669690489534,2021-08,0.012000441795071277
8939476669690489534,2021-08,0.01110907898058568
8939476669690489534,2021-09,0.0006634904724782769
7457803471605010846,2021-08,0.0008120328398756823
7457803471605010846,2021-08,0.0007268159809323733
7457803471605010846,2021-08,0.0009496120963362353
7457803471605010846,2021-09,0.0019408746002499415
3192341047315717823,2021-08,0.042018845814512255
3192341047315717823,2021-08,0.04173813894934629
3263212305228307743,2021-08,0.0001517360769326003
3263212305228307743,2021-08,0.0001451637465852679
3263212305228307743,2021-08,0.0001291251684308338
3263212305228307743,2021-08,0.0002022679271940694
3263212305228307743,2021-08,0.0002022679271940694
3263212305228307743,2021-08,0.00018905864075862246
3263212305228307743,2021-08,0.0001517360769326003
3263212305228307743,2021-09,0.00021580568969681906
3263212305228307743,2021-09,0.00028511538465420834
4050525344257805036,2021-08,0.03435617753554001
1292049196559782171,2021-08,0.0009703590799769425
1292049196559782171,2021-08,0.0008118220897062431
1292049196559782171,2021-08,0.0008118220897062431
1292049196559782171,2021-09,0.0008644220418562702
4956614249204803652,2021-08,0.6120971440567744
4956614249204803652,2021-08,0.002899202946686829
4956614249204803652,2021-08,0.0038862055671503
4956614249204803652,2021-08,0.0038862055671503
4956614249204803652,2021-09,0.033454103404818566
4956614249204803652,2021-09,0.033454103404818566
4956614249204803652,2021-09,0.03127689439818569
5465001651966355821,2021-08,0.002405006875240969
5465001651966355821,2021-08,0.003487012027998499
5465001651966355821,2021-08,0.003087326616111336
5465001651966355821,2021-09,0.0027569663782000963
4723919748432185874,2021-08,0.0039974528974853
4723919748432185874,2021-08,0.0039974528974853
4723919748432185874,2021-08,0.0037874151254889653
4723919748432185874,2021-08,0.004436817002909371
4723919748432185874,2021-09,0.0034335032597627583
4723919748432185874,2021-09,0.003380448813212053
4723919748432185874,2021-09,0.003536291860417715
4723919748432185874,2021-09,0.0034563396423755843
8173830874846355280,2021-08,0.00012059663605042555
8173830874846355280,2021-08,0.0001316739588200888
8173830874846355280,2021-08,0.00012059663605042555
8173830874846355280,2021-08,0.00012439091844290064
8173830874846355280,2021-08,0.00012439091844290064
8173830874846355280,2021-08,7.953489640058388e-05
8173830874846355280,2021-08,0.00018283204877292926
8173830874846355280,2021-08,0.00012059663605042555
8173830874846355280,2021-08,0.0002250267691806627
8173830874846355280,2021-08,0.00012059663605042555
8173830874846355280,2021-08,0.00012266883411885999
8173830874846355280,2021-08,0.00012439091844290064
8173830874846355280,2021-09,0.0001014369307743789
8173830874846355280,2021-09,0.0001014369307743789
8173830874846355280,2021-09,8.845547172188725e-05
8173830874846355280,2021-09,0.00010286098205032698
8173830874846355280,2021-09,0.00010048342052662202
8173830874846355280,2021-09,0.00010888359021439803
8173830874846355280,2021-09,0.00014734144736855515
8173830874846355280,2021-09,0.0001014369307743789
8173830874846355280,2021-09,0.00010286098205032698
8173830874846355280,2021-09,9.200162987807869e-05
4489904752023469353,2021-08,0.057684739976452
4489904752023469353,2021-08,0.0736058114200194
4489904752023469353,2021-09,0.06133942081320655
4489904752023469353,2021-09,0.048100929024366745
1658487213084590146,2021-08,0.06933857476346136
2290083177086946553,2021-08,0.00903897506432745
2290083177086946553,2021-08,0.00997431825981648
2290083177086946553,2021-09,0.018103685628324723
2290083177086946553,2021-09,0.018911468898518788
1253437108265925705,2021-08,0.0005867449377979084
1253437108265925705,2021-09,0.0004736851269329295
5122095358293179297,2021-08,0.9022519640688516
5122095358293179297,2021-08,0.566704946054946
5122095358293179297,2021-08,0.12241868971521047
5122095358293179297,2021-08,0.003409473209842014
5122095358293179297,2021-08,0.005075817393419067
7708030042671632236,2021-08,0.0016538952453354137
8376902089871279815,2021-08,0.00012967629695544603
8376902089871279815,2021-09,0.0002104405216801319
8376902089871279815,2021-09,0.0002104405216801319
8343941262792249232,2021-08,0.004190508170451438
8343941262792249232,2021-08,0.004498505474323072
8343941262792249232,2021-08,0.006092376450343024
8343941262792249232,2021-09,0.017912960268066234
8343941262792249232,2021-09,0.009626409246887596
4717717003637613480,2021-08,0.00036665639628315064
4717717003637613480,2021-08,0.0002776642087471646
4717717003637613480,2021-08,0.00034220823107190357
4717717003637613480,2021-08,0.00036602712450690777
4717717003637613480,2021-09,0.0019894726525354063
2408009918678280470,2021-08,0.006233098524658399
2408009918678280470,2021-08,0.004990934368457164
2408009918678280470,2021-09,0.02080959594354844
2408009918678280470,2021-09,0.030300138520343002
2408009918678280470,2021-09,0.027361209303529966
2408009918678280470,2021-09,0.02080959594354844
2408009918678280470,2021-09,0.015764289452426902
2408009918678280470,2021-09,0.027361209303529966
2408009918678280470,2021-09,0.027361209303529966
2408009918678280470,2021-09,0.02199609939981737
2408009918678280470,2021-09,0.04940188455215238
6276792736652545216,2021-08,0.003973497914568433
6276792736652545216,2021-09,0.0018637986029937479
6276792736652545216,2021-09,0.0023487632977178927
6276792736652545216,2021-09,0.0023487632977178927
6276792736652545216,2021-09,0.0026767143618600647
3750579377644235511,2021-08,0.09416891923707849
3750579377644235511,2021-08,0.35672446764835725
69766362497027920,2021-08,0.014412564547727628
69766362497027920,2021-09,0.03160163534408946
69766362497027920,2021-09,0.03081434028644038
69766362497027920,2021-09,0.0314500557288643
7325545718770538459,2021-08,0.00013402448055502953
7325545718770538459,2021-08,0.00016004946778210062
7325545718770538459,2021-08,0.00013338150102115305
7325545718770538459,2021-08,0.00014425285672455945
7325545718770538459,2021-08,0.00016004946778210062
7325545718770538459,2021-08,0.00014423139877897922
7325545718770538459,2021-08,0.00012077821214169
7325545718770538459,2021-08,0.00028854513427541584
7325545718770538459,2021-09,9.430322856035437e-05
7325545718770538459,2021-09,0.00017106701598975702
7325545718770538459,2021-09,0.00013680402177140518
7325545718770538459,2021-09,0.00012494858145497035
7325545718770538459,2021-09,0.00012494858145497035
7325545718770538459,2021-09,9.430322856035437e-05
7325545718770538459,2021-09,0.0001046306080381124
7325545718770538459,2021-09,0.00012494858145497035
7325545718770538459,2021-09,9.430322856035437e-05
7325545718770538459,2021-09,8.7195907978237e-05
7325545718770538459,2021-09,9.430322856035437e-05
7325545718770538459,2021-09,0.0001046306080381124
3997247264680905799,2021-08,0.0009775553568635163
3997247264680905799,2021-08,0.0007965181057918489
3997247264680905799,2021-08,0.0007965181057918489
3997247264680905799,2021-08,0.0007689107987977397
3997247264680905799,2021-09,0.000631078482399714
3997247264680905799,2021-09,0.0006867404040475172
3997247264680905799,2021-09,0.000648012652588496
7710364735942975505,2021-08,0.001767168666691827
7710364735942975505,2021-08,0.001868400830102467
7710364735942975505,2021-09,0.0033721799269280173
6100972975033180377,2021-08,0.002948298922458996
6100972975033180377,2021-09,0.0023552281973611045
1276604410881911401,2021-08,0.0058275353476138336
1276604410881911401,2021-08,0.004759529586036845
1276604410881911401,2021-08,0.006633437030456315
1276604410881911401,2021-08,0.006022324579753844
1276604410881911401,2021-08,0.004918796642027253
1276604410881911401,2021-08,0.006235663589042773
1276604410881911401,2021-08,0.005472057414861956
1276604410881911401,2021-08,0.006034015896919776
1276604410881911401,2021-08,0.006034015896919776
1276604410881911401,2021-08,0.005270867921078837
1276604410881911401,2021-08,0.005233009390544752
1276604410881911401,2021-08,0.006034015896919776
1276604410881911401,2021-09,0.013890428728667857
1276604410881911401,2021-09,0.011826489059586212
1276604410881911401,2021-09,0.011515870280932004
1276604410881911401,2021-09,0.011145387298172984
1276604410881911401,2021-09,0.011446128715012714
1276604410881911401,2021-09,0.011515870280932004
1276604410881911401,2021-09,0.011446128715012714
4661684997487171886,2021-08,0.0013272434269874047
4661684997487171886,2021-08,0.0007196002020956408
4661684997487171886,2021-09,0.000733930962884384
4661684997487171886,2021-09,0.0011932647343794887
4661684997487171886,2021-09,0.001229469391413574
4661684997487171886,2021-09,0.0013947873027440826
7590999900861381526,2021-08,0.002753020772253707
7590999900861381526,2021-09,0.004506678960722326
819552547620904652,2021-08,0.10937806444716855
819552547620904652,2021-08,0.11396128658284922
819552547620904652,2021-08,0.10973819366596403
819552547620904652,2021-08,0.10937806444716855
3156852928909455203,2021-08,0.0017860554050756782
3156852928909455203,2021-08,0.0018747827445425933
3156852928909455203,2021-09,0.0016679187424815255
2598475569074240783,2021-08,0.014321923147706547
6030285068945261052,2021-08,0.00025059656557323875
6030285068945261052,2021-08,0.00025142513332304867
6030285068945261052,2021-08,0.00025142513332304867
6030285068945261052,2021-08,0.00034304094112496493
6030285068945261052,2021-09,0.00023181136403200374
6030285068945261052,2021-09,0.00022273373602149508
6030285068945261052,2021-09,0.00020182469637205995
8843432852270832388,2021-08,0.008121789507496311
8843432852270832388,2021-09,0.0075144438690126466
1033361676287635885,2021-08,0.009461592655701156
1033361676287635885,2021-08,0.008985702421583128
1033361676287635885,2021-08,0.008985702421583128
1033361676287635885,2021-09,0.007910710024864041
1033361676287635885,2021-09,0.008977825231539418
1956406515279457110,2021-08,0.00975429810215423
1956406515279457110,2021-08,0.012599717553015073
1956406515279457110,2021-08,0.00975429810215423
1956406515279457110,2021-08,0.012844536349416113
1956406515279457110,2021-09,0.024271924672747726
1956406515279457110,2021-09,0.024271924672747726
1956406515279457110,2021-09,0.024737858215639796
4795152981525833467,2021-08,0.0025633953202944277
4795152981525833467,2021-08,0.00227824011295083
4795152981525833467,2021-08,0.004168998828879217
4795152981525833467,2021-08,0.0016192749244775776
4795152981525833467,2021-09,0.0028394288637744744
4795152981525833467,2021-09,0.005017901976791676
4795152981525833467,2021-09,0.005290534908598461
314309872114206760,2021-08,0.006787914709313616
314309872114206760,2021-08,0.006787914709313616
314309872114206760,2021-08,0.006787914709313616
314309872114206760,2021-08,0.007038935283569657
314309872114206760,2021-09,0.006126934879412205
314309872114206760,2021-09,0.005274313683447993
314309872114206760,2021-09,0.006126934879412205
314309872114206760,2021-09,0.006126934879412205
314309872114206760,2021-09,0.006126934879412205
2407532237672094312,2021-08,0.03674852132114684
2407532237672094312,2021-08,0.0477349400851321
792560389712312178,2021-08,0.0022595308850032504
792560389712312178,2021-08,0.002216326022088355
792560389712312178,2021-09,0.001797766501794083
792560389712312178,2021-09,0.002866539538424098
6238903426443761049,2021-08,0.0037181264818499744
6238903426443761049,2021-08,0.0037181264818499744
6238903426443761049,2021-08,0.0037181264818499744
6238903426443761049,2021-08,0.004018109292271534
6238903426443761049,2021-08,0.0039647184967845925
6238903426443761049,2021-09,0.041765276307613446
6238903426443761049,2021-09,0.008511461481873851
6238903426443761049,2021-09,0.008511461481873851
6238903426443761049,2021-09,0.01844397234394065
531805620371082364,2021-08,0.00801789677606547
531805620371082364,2021-09,0.33419496721145253
2771214050521171719,2021-08,0.00045383622333766135
2771214050521171719,2021-08,0.0005645516116026204
2771214050521171719,2021-09,0.0028453829229515195
4995217181024687397,2021-08,0.00017857142557573593
4995217181024687397,2021-08,0.00012131996251105546
4995217181024687397,2021-09,0.0001231669842950959
4995217181024687397,2021-09,0.00016966737478210924
4995217181024687397,2021-09,0.00017340714288091913
4995217181024687397,2021-09,0.00014695489896421267
4995217181024687397,2021-09,0.00014695489896421267
8107542605807471599,2021-08,0.8254043011907929
8107542605807471599,2021-09,0.8587363418273064
7908414709866823255,2021-08,0.0004888499763943255
7908414709866823255,2021-08,0.0018172718817733161
7908414709866823255,2021-08,0.0002989281901719979
7908414709866823255,2021-08,0.0004888499763943255
7908414709866823255,2021-08,0.0004888499763943255
7908414709866823255,2021-08,0.0005207281995772779
7908414709866823255,2021-09,0.001292902705398581
7908414709866823255,2021-09,0.0007948352988949032
7908414709866823255,2021-09,0.0016652355792573473
6349142675790687765,2021-08,0.2707528647289931
6349142675790687765,2021-08,0.4089262157992413
6349142675790687765,2021-08,0.2707528647289931
6349142675790687765,2021-08,0.4089262157992413
6349142675790687765,2021-08,0.3561105152836776
6349142675790687765,2021-08,0.2707528647289931
6349142675790687765,2021-08,0.3309796373669869
6349142675790687765,2021-09,0.16413625353829936
6349142675790687765,2021-09,0.3038277111377532
7911162482760986289,2021-08,0.33270876683582473
7911162482760986289,2021-09,0.2682495866914107
6817075905797098547,2021-08,0.00437114665507409
6817075905797098547,2021-08,0.005097211864760757
6471448246085839373,2021-08,0.0015040329856237846
6471448246085839373,2021-08,0.001864194186423577
6471448246085839373,2021-08,0.001864194186423577
6471448246085839373,2021-09,0.002405887527104743
4863405965754103821,2021-08,0.008606330761481542
4863405965754103821,2021-08,0.008914815254599496
4863405965754103821,2021-09,0.008019730776091114
4863405965754103821,2021-09,0.007474887895983298
2022367282554149730,2021-08,0.0012298444009223664
2022367282554149730,2021-08,0.001822731215466822
2022367282554149730,2021-08,0.002155198985031854
2022367282554149730,2021-08,0.001039975962799123
2022367282554149730,2021-08,0.001039975962799123
2022367282554149730,2021-09,0.0010595611825036481
2022367282554149730,2021-09,0.0019333074990197572
5067621068959932809,2021-08,0.012127026105810013
5067621068959932809,2021-08,0.018908497455845885
5067621068959932809,2021-08,0.030490781950620813
5067621068959932809,2021-09,0.016374373266768525
5067621068959932809,2021-09,0.016374373266768525
5067621068959932809,2021-09,0.016374373266768525
5067621068959932809,2021-09,0.04003201299542712
5067621068959932809,2021-09,0.01052056598914352
5067621068959932809,2021-09,0.016374373266768525
8123515208041701633,2021-08,0.006731519175740038
8123515208041701633,2021-08,0.00834611256299668
8123515208041701633,2021-08,0.0069557151660825526
5974858472822751652,2021-08,0.00441218496214449
5974858472822751652,2021-09,0.00149132379048138
5974858472822751652,2021-09,0.0012189059776313456
6715993871935527857,2021-08,0.1951349007279602
6715993871935527857,2021-08,0.1951349007279602
1553628056929342565,2021-08,0.007602295454060974
1553628056929342565,2021-08,0.008108359673758924
1553628056929342565,2021-09,0.010789224580428955
7403979270048469991,2021-08,0.0004630958072081009
7403979270048469991,2021-08,0.00045082091800762017
7403979270048469991,2021-09,0.000670100149625943
7403979270048469991,2021-09,0.0006800580189138922
7403979270048469991,2021-09,0.0012062007349361529
2083323809219952960,2021-08,0.0014037171382327712
2083323809219952960,2021-08,0.0009806890619588162
2083323809219952960,2021-08,0.0012585014020844267
2083323809219952960,2021-08,0.0010707770333790241
2083323809219952960,2021-08,0.0014913477940307605
2083323809219952960,2021-08,0.0011477711261275725
2083323809219952960,2021-09,0.0007318955132485785
2083323809219952960,2021-09,0.0007318955132485785
2083323809219952960,2021-09,0.000687745235567117
2083323809219952960,2021-09,0.0006371376262279035
2083323809219952960,2021-09,0.0006371376262279035
4166581859919473627,2021-08,0.011406866624862233
4166581859919473627,2021-08,0.011426407292350142
4166581859919473627,2021-08,0.011701826910381906
4166581859919473627,2021-08,0.011099908364786812
7215093571368368138,2021-08,0.5879189397529752
7215093571368368138,2021-08,0.1618451294119089
7215093571368368138,2021-08,0.23661086322363328
7215093571368368138,2021-08,0.5879189397529752
7215093571368368138,2021-09,0.7213468984095919
7215093571368368138,2021-09,0.7213468984095919
7215093571368368138,2021-09,0.3599531399111446
7215093571368368138,2021-09,0.6457007877644759
7957786135641291906,2021-08,0.6212458624392069
7957786135641291906,2021-08,0.7245274676675958
4008627434689715639,2021-08,0.07254221244556351
4008627434689715639,2021-08,0.15048522302497583
4008627434689715639,2021-08,0.10188074447708403
4008627434689715639,2021-09,0.09704779702187753
4008627434689715639,2021-09,0.09668437601112145
4008627434689715639,2021-09,0.07944121110618654
4008627434689715639,2021-09,0.12429498074890039
4008627434689715639,2021-09,0.10086667404750531
1003144834589372198,2021-08,0.00023929001803175797
1003144834589372198,2021-08,0.0007629530587261991
1003144834589372198,2021-08,0.00025283745769538285
1003144834589372198,2021-09,0.0015237087400248373
1003144834589372198,2021-09,0.0006822618531308318
1003144834589372198,2021-09,0.000870348928571376
1003144834589372198,2021-09,0.0006493435092554316
226405871752897670,2021-08,0.0023228440311718525
226405871752897670,2021-08,0.0023228440311718525
226405871752897670,2021-08,0.006106975392967665
226405871752897670,2021-08,0.0060351641765998155
226405871752897670,2021-09,0.012446519592769427
226405871752897670,2021-09,0.010338961821233695
8013668117699219722,2021-08,0.02170946884386531
8013668117699219722,2021-08,0.011366815315594175
8013668117699219722,2021-08,0.029409704315040194
8013668117699219722,2021-09,0.01910972827282282
8013668117699219722,2021-09,0.019219741821934956
2943087245123311166,2021-08,0.0019443350271978097
2943087245123311166,2021-08,0.004835807029014252
2943087245123311166,2021-08,0.007205182343829493
2943087245123311166,2021-09,0.005740936730588027
2214132103234633622,2021-08,0.004872045405677322
2214132103234633622,2021-09,0.0007068695812807825
2214132103234633622,2021-09,0.0005737192439520934
2214132103234633622,2021-09,0.0007068695812807825
2214132103234633622,2021-09,0.0007068695812807825
2214132103234633622,2021-09,0.0008347825939548178
1953058402621337677,2021-08,0.0034485373854013443
1953058402621337677,2021-08,0.0026166971910991984
1953058402621337677,2021-09,0.0038581299689536995
6486277549325701534,2021-08,0.0025700264514210576
6486277549325701534,2021-08,0.0025700264514210576
6486277549325701534,2021-09,0.001291594664927162
6486277549325701534,2021-09,0.001291594664927162
6486277549325701534,2021-09,0.001291594664927162
6486277549325701534,2021-09,0.0013815504622591334
4850936440093751199,2021-08,0.003489760854331137
4850936440093751199,2021-08,0.004263883782332988
4850936440093751199,2021-08,0.004407966655021059
4820852183212661131,2021-08,0.012590389427526287
4820852183212661131,2021-08,0.007086681190435916
4820852183212661131,2021-09,0.0063434258969661894
4820852183212661131,2021-09,0.6230119165950422
4820852183212661131,2021-09,0.004472945494237162
8729164666041467296,2021-08,0.003999322026495898
8729164666041467296,2021-08,0.003581821154306216
924957821424248698,2021-08,0.0004034071183452657
924957821424248698,2021-08,0.0004376021856300083
924957821424248698,2021-09,0.0007441608597639034
7787306805605072964,2021-08,0.673848417118318
2532435113844289043,2021-08,0.0003912623064933719
2532435113844289043,2021-08,0.0002537855218405308
2532435113844289043,2021-08,0.0002968439673580289
2532435113844289043,2021-08,0.00030068870242825355
2532435113844289043,2021-08,0.0002968439673580289
2532435113844289043,2021-08,0.0002537855218405308
2532435113844289043,2021-08,0.0002968439673580289
2532435113844289043,2021-09,0.000560833143729926
2532435113844289043,2021-09,0.0005021683344244517
2532435113844289043,2021-09,0.0005133004155539578
2532435113844289043,2021-09,0.000391647729461824
2532435113844289043,2021-09,0.0003967198794150397
2532435113844289043,2021-09,0.0005133004155539578
2532435113844289043,2021-09,0.000391647729461824
2532435113844289043,2021-09,0.000724835778923059
2532435113844289043,2021-09,0.0005133004155539578
2532435113844289043,2021-09,0.000391647729461824
2532435113844289043,2021-09,0.0005543969647829856
2532435113844289043,2021-09,0.0006013009857373064
3931892303497206092,2021-08,0.027627946440699665
3931892303497206092,2021-08,0.022839454271346767
3931892303497206092,2021-08,0.021497230979261612
3931892303497206092,2021-09,0.008677860377386746
3931892303497206092,2021-09,0.010116806729874079
324916756972236008,2021-08,0.004769199211076741
324916756972236008,2021-08,0.005557131846587892
324916756972236008,2021-09,0.008262194167109065
324916756972236008,2021-09,0.006477264279271455
324916756972236008,2021-09,0.007039906663990982
3634047863995720708,2021-08,0.0022432876076324683
7442192566700924647,2021-08,0.0011524845428547076
5613825020130267729,2021-08,0.0008377492710562539
5613825020130267729,2021-08,0.000932546069007971
5613825020130267729,2021-09,0.0013950424691673217
5613825020130267729,2021-09,0.00133235497670325
6098833389547425063,2021-08,0.00984958827917359
6098833389547425063,2021-08,0.008428524027319103
6098833389547425063,2021-08,0.009118739593623335
6098833389547425063,2021-09,0.006675875245091271
3660744270380078352,2021-08,0.058681670949038194
3660744270380078352,2021-08,0.02754626305425793
3660744270380078352,2021-08,0.026537190713448087
3660744270380078352,2021-08,0.026365999541070762
3660744270380078352,2021-09,0.029151581963027445
3660744270380078352,2021-09,0.011094300701650572
3660744270380078352,2021-09,0.031431969092209446
3660744270380078352,2021-09,0.01973879857594135
1454789421854453615,2021-08,0.007567466374555876
1454789421854453615,2021-08,0.005162484838144903
1454789421854453615,2021-08,0.0024687901764556585
1454789421854453615,2021-09,0.07210536276576407
1454789421854453615,2021-09,0.005266619312375088
1454789421854453615,2021-09,0.0058592589276544845
1454789421854453615,2021-09,0.005266619312375088
1454789421854453615,2021-09,0.0057454942770324485
1454789421854453615,2021-09,0.003857846079544617
2128970218770090704,2021-08,0.00177050306596405
2128970218770090704,2021-09,0.004308603287069807
2128970218770090704,2021-09,0.0034721492318998213
2128970218770090704,2021-09,0.003849006991384065
2128970218770090704,2021-09,0.0036154984244123663
2128970218770090704,2021-09,0.007683912067262327
3807130563335796378,2021-08,0.04376324751681463
3807130563335796378,2021-08,0.040906763644433616
968199235777440720,2021-08,0.004227532420006708
968199235777440720,2021-08,0.00445855694682347
968199235777440720,2021-08,0.003262648108838378
968199235777440720,2021-08,0.005117833824593393
968199235777440720,2021-08,0.0035692315549246617
968199235777440720,2021-09,0.003888444241451633
968199235777440720,2021-09,0.006094955849510619
968199235777440720,2021-09,0.0024409611357686938
968199235777440720,2021-09,0.006094955849510619
968199235777440720,2021-09,0.004463797813460838
968199235777440720,2021-09,0.00415064572258243
968199235777440720,2021-09,0.00642463794534844
8609938720215175911,2021-08,0.005705142605229575
8609938720215175911,2021-08,0.005402578894362829
8609938720215175911,2021-08,0.006160802932345063
8609938720215175911,2021-08,0.0074462347086813405
8609938720215175911,2021-09,0.004942665377310981
8609938720215175911,2021-09,0.004576685063425761
8609938720215175911,2021-09,0.008764592707367614
988707525807573448,2021-08,0.0004849644732992739
2903869860445366876,2021-08,0.01638199302616996
2903869860445366876,2021-08,0.013337149616254138
2903869860445366876,2021-08,0.013779267773240594
2903869860445366876,2021-08,0.013779267773240594
2903869860445366876,2021-08,0.012753459742051143
6969348581033924947,2021-08,0.0003049939408952408
6969348581033924947,2021-08,0.0003049939408952408
6969348581033924947,2021-08,0.00024203686460407857
6969348581033924947,2021-08,0.0003049939408952408
6969348581033924947,2021-08,0.00048157059453169515
6969348581033924947,2021-08,0.0003049939408952408
6969348581033924947,2021-08,0.00030212250799364475
6969348581033924947,2021-09,0.0009468601655020389
6969348581033924947,2021-09,0.0007522485078164973
6969348581033924947,2021-09,0.0009667224399269588
6969348581033924947,2021-09,0.0009411097250271105
6969348581033924947,2021-09,0.0009667224399269588
3536704882799524586,2021-08,0.007948307750761188
3536704882799524586,2021-08,0.009997695194441962
3631603567749349715,2021-08,0.0005625410296783422
3631603567749349715,2021-08,0.0010717366162752832
5029701292539093910,2021-08,0.019486659074286226
5029701292539093910,2021-08,0.02083622650074746
5029701292539093910,2021-09,0.024702296196221978
8332840690177201182,2021-08,0.36517542770224654
2302464746243069589,2021-08,0.0037693154884860594
2302464746243069589,2021-08,0.0035761803650765566
2302464746243069589,2021-09,0.004114159147113406
6964108750473070287,2021-08,0.0006224100727044159
6964108750473070287,2021-08,0.000813707395343369
6964108750473070287,2021-08,0.000813707395343369
6964108750473070287,2021-08,0.0006626751221451935
6964108750473070287,2021-08,0.0006719287925093508
6964108750473070287,2021-08,0.0006626751221451935
6964108750473070287,2021-08,0.0006626751221451935
6964108750473070287,2021-08,0.0008784322831391367
6964108750473070287,2021-08,0.0008687063694177823
6964108750473070287,2021-08,0.0006730967186291632
6964108750473070287,2021-08,0.0006644877440162544
6964108750473070287,2021-08,0.0006626751221451935
6964108750473070287,2021-08,0.0006224100727044159
6964108750473070287,2021-08,0.0006626751221451935
6964108750473070287,2021-09,0.0007083114636019296
6964108750473070287,2021-09,0.000935183178418545
6964108750473070287,2021-09,0.0005028874742759916
6964108750473070287,2021-09,0.0005028874742759916
6964108750473070287,2021-09,0.0024192608647740275
6964108750473070287,2021-09,0.0010660050835095008
6964108750473070287,2021-09,0.0009672841234648714
6964108750473070287,2021-09,0.0006395384776752092
6964108750473070287,2021-09,0.0005028874742759916
6964108750473070287,2021-09,0.0005028874742759916
6964108750473070287,2021-09,0.0007083114636019296
6964108750473070287,2021-09,0.0005107974460316603
6964108750473070287,2021-09,0.0005511695151380348
6964108750473070287,2021-09,0.0011286063235885907
6964108750473070287,2021-09,0.0006771124055956571
6964108750473070287,2021-09,0.0011286063235885907
6964108750473070287,2021-09,0.0007083114636019296
6964108750473070287,2021-09,0.0005028874742759916
6964108750473070287,2021-09,0.0005028874742759916
6964108750473070287,2021-09,0.0005028874742759916
6964108750473070287,2021-09,0.0007083114636019296
6964108750473070287,2021-09,0.0007083114636019296
3960251564708868781,2021-08,0.0013515500933323056
3960251564708868781,2021-08,0.0015549849866983477
3960251564708868781,2021-09,0.0015465305746794084
3960251564708868781,2021-09,0.001933811157210483
4740535838297269949,2021-08,0.000622830419900548
4740535838297269949,2021-09,0.0004106929886852293
4740535838297269949,2021-09,0.036673949714763614
4740535838297269949,2021-09,0.0005237229519502217
5440313607363845188,2021-08,0.00013911854741847552
5440313607363845188,2021-08,0.00012069220871032101
5440313607363845188,2021-09,0.0001476328721246898
5810778736737569699,2021-08,0.006774829600904944
5810778736737569699,2021-08,0.013594844248044455
8185063234515056194,2021-08,0.0014550861054058349
8185063234515056194,2021-09,0.0011953181791890136
8185063234515056194,2021-09,0.002017487507923044
682352428813668634,2021-08,0.003372732034476395
682352428813668634,2021-08,0.003372732034476395
682352428813668634,2021-08,0.003372732034476395
682352428813668634,2021-08,0.003372732034476395
682352428813668634,2021-08,0.002425971537349332
682352428813668634,2021-09,0.0018106570119832235
682352428813668634,2021-09,0.0018106570119832235
682352428813668634,2021-09,0.0018106570119832235
682352428813668634,2021-09,0.0018106570119832235
682352428813668634,2021-09,0.0018106570119832235
682352428813668634,2021-09,0.00227173423518446
682352428813668634,2021-09,0.0018106570119832235
696014079855281037,2021-08,0.00626319596892502
696014079855281037,2021-09,0.009965300478167956
696014079855281037,2021-09,0.009965300478167956
696014079855281037,2021-09,0.009725164356677784
696014079855281037,2021-09,0.010074942259132086
6842075380768862290,2021-08,0.003897549466961736
6842075380768862290,2021-08,0.004997764066669989
1117184216453911295,2021-08,0.009993857426860804
1117184216453911295,2021-08,0.022479518195852942
1117184216453911295,2021-09,0.2871215711947644
3838562409581494430,2021-08,0.001387075403496795
2346482557594782345,2021-08,0.005667572715355148
2346482557594782345,2021-09,0.01279467794882463
2346482557594782345,2021-09,0.013695157559581153
2346482557594782345,2021-09,0.013560008925632281
2346482557594782345,2021-09,0.013560008925632281
1430896989654626045,2021-08,0.0006856471594546459
1430896989654626045,2021-08,0.0008819649511458526
7696655736121386405,2021-08,0.012110470477869981
2493688222671282470,2021-08,0.005003458086752893
2493688222671282470,2021-08,0.0036543335699066536
2493688222671282470,2021-09,0.0037709245455816013
2493688222671282470,2021-09,0.003769049927774031
5082813456193598086,2021-08,0.0029565557310215875
5082813456193598086,2021-08,0.006194499255431979
5082813456193598086,2021-09,0.0028237844875053154
5082813456193598086,2021-09,0.0037876043758170766
5082813456193598086,2021-09,0.0036786903821426986
7398738404146260251,2021-08,0.005092074003406821
7398738404146260251,2021-09,0.012334308784703188
7398738404146260251,2021-09,0.011783955468731112
7398738404146260251,2021-09,0.014617955247823633
7398738404146260251,2021-09,0.019162045807934434
4556737702757145073,2021-08,0.0034240517138077993
4556737702757145073,2021-09,0.015159156518930295
4556737702757145073,2021-09,0.002888621180572865
4556737702757145073,2021-09,0.0072910183125095345
4556737702757145073,2021-09,0.00728358994751502
6091519986999196884,2021-08,0.0007461437094329978
6091519986999196884,2021-08,0.000889287955614335
6091519986999196884,2021-08,0.0010629488181432259
8716163053080758848,2021-08,0.0041360899230796664
8716163053080758848,2021-08,0.0023647026351439728
8716163053080758848,2021-08,0.0024011330890778113
8716163053080758848,2021-08,0.004601181391660646
8716163053080758848,2021-09,0.004358443797381655
8716163053080758848,2021-09,0.01501486648802186
8716163053080758848,2021-09,0.004464825592389001
8716163053080758848,2021-09,0.004358443797381655
8716163053080758848,2021-09,0.0022515562711918967
8716163053080758848,2021-09,0.0033487422582577065
4524147234488547993,2021-08,0.011053373712061216
4524147234488547993,2021-08,0.011745083526142239
5606267905834401873,2021-08,0.0038882235691415842
5606267905834401873,2021-08,0.003584472196040234
5606267905834401873,2021-08,0.0039300629637409835
5606267905834401873,2021-09,0.002893683756618369
5606267905834401873,2021-09,0.0030959447406201093
5606267905834401873,2021-09,0.003164659243877907
6213213514675778388,2021-08,0.01647214153473511
1343530446996409207,2021-08,0.0021240020642235287
1343530446996409207,2021-08,0.0012745535503623747
1343530446996409207,2021-08,0.0012745535503623747
1343530446996409207,2021-09,0.0021803761112198163
6164364689409425900,2021-08,0.0003374557433922782
3355881107559250653,2021-08,0.0007569820396159179
3355881107559250653,2021-08,0.0009519592086742888
3355881107559250653,2021-08,0.0013469074860056381
3355881107559250653,2021-08,0.001148417521612339
3355881107559250653,2021-08,0.0013469074860056381
3355881107559250653,2021-08,0.0010813007922172398
3355881107559250653,2021-08,0.00039722245753635887
3355881107559250653,2021-08,0.0005624622770345866
3355881107559250653,2021-08,0.0007569820396159179
3355881107559250653,2021-08,0.00039722245753635887
3355881107559250653,2021-09,0.00038487696763423324
3355881107559250653,2021-09,0.00040563026160314326
3355881107559250653,2021-09,0.00040563026160314326
3355881107559250653,2021-09,0.000806621134515364
3355881107559250653,2021-09,0.000806621134515364
3355881107559250653,2021-09,0.0008201220892790962
3355881107559250653,2021-09,0.0008479084569210049
66220087398241662,2021-08,0.007417243312779981
66220087398241662,2021-09,0.006285078433021943
66220087398241662,2021-09,0.006285078433021943
66220087398241662,2021-09,0.006285078433021943
2645324649046215594,2021-08,0.001861534661823388
2645324649046215594,2021-08,0.0020886610816301366
2645324649046215594,2021-08,0.0019624748135056375
2645324649046215594,2021-08,0.001861534661823388
2645324649046215594,2021-09,0.0015369960867034286
2645324649046215594,2021-09,0.0015350406583045546
7330131219998265639,2021-08,0.00047746558024451557
7330131219998265639,2021-08,0.005203489411026014
7330131219998265639,2021-09,0.05941679850974196
7330131219998265639,2021-09,0.0007578831424695007
7330131219998265639,2021-09,0.0015124551176278495
8080988579391900405,2021-08,0.0026452445288465375
8080988579391900405,2021-09,0.0010335030884598912
5999145415800242177,2021-08,0.007671694189880934
5999145415800242177,2021-08,0.007537529964141357
5999145415800242177,2021-09,0.005331985560402054
5999145415800242177,2021-09,0.004057918747676188
7395696797140470088,2021-08,0.00012620507474858954
7395696797140470088,2021-08,0.00015785928710328206
7395696797140470088,2021-08,0.000526489798427627
7395696797140470088,2021-09,0.0002063586888071291
7395696797140470088,2021-09,0.00014693397071224352
7395696797140470088,2021-09,0.00010133999652364629
7395696797140470088,2021-09,0.00013468954721339993
417157680860985231,2021-08,1.0862738561883155e-05
417157680860985231,2021-08,1.3735975164627122e-05
417157680860985231,2021-09,2.566500606446476e-05
417157680860985231,2021-09,2.7002907043044643e-05
417157680860985231,2021-09,3.231712719431924e-05
417157680860985231,2021-09,3.8271462056716876e-05
7485107528960607346,2021-08,0.01907107955211869
7485107528960607346,2021-08,0.03147664060009968
7485107528960607346,2021-09,0.01729383763089025
7485107528960607346,2021-09,0.1610659855794522
7485107528960607346,2021-09,0.015004868519204446
8350724667410677464,2021-08,0.035403232869903635
8350724667410677464,2021-08,0.03727268435100264
8350724667410677464,2021-08,0.03405169333612348
8350724667410677464,2021-08,0.03727268435100264
8350724667410677464,2021-09,0.3153846559186055
8350724667410677464,2021-09,0.06320826143355902
5078284853636449041,2021-08,0.009086930207328363
5577659616907513811,2021-08,0.4803531823935362
5577659616907513811,2021-08,0.4685115658525019
5577659616907513811,2021-08,0.4485916014582877
5577659616907513811,2021-08,0.39916624068170836
5577659616907513811,2021-09,0.7440049546049269
1299146298565441811,2021-08,0.009074809317337012
3093415403379897112,2021-08,0.0015333633884433624
3093415403379897112,2021-08,0.0007409733476341687
3093415403379897112,2021-08,0.003962548757718801
3093415403379897112,2021-09,0.0029835829365835796
1357573192598249600,2021-08,0.006237415516468722
1357573192598249600,2021-08,0.004831440353912069
1357573192598249600,2021-09,0.004930728099942738
1357573192598249600,2021-09,0.004739044212752198
1357573192598249600,2021-09,0.0048739174091495755
4527499691197377217,2021-08,0.003931032774361495
2673576168790933175,2021-08,0.008965592017998724
3140918607946425426,2021-08,0.005066722761509189
3140918607946425426,2021-08,0.005066722761509189
3140918607946425426,2021-09,0.004132587996988463
3140918607946425426,2021-09,0.004066220558605949
2983174282784691273,2021-08,0.002024334999125074
2983174282784691273,2021-08,0.0025563233678678474
2983174282784691273,2021-08,0.002024334999125074
2983174282784691273,2021-08,0.005850082561880521
2983174282784691273,2021-09,0.005143314608511435
2983174282784691273,2021-09,0.005592081785726825
2983174282784691273,2021-09,0.004509746942160916
7347715771145302549,2021-08,0.000350782888145745
7347715771145302549,2021-08,0.000737685180980287
7347715771145302549,2021-08,0.0002856703159969561
7347715771145302549,2021-09,0.00030240529915939734
7347715771145302549,2021-09,0.0038236995162781286
4831939798545673038,2021-08,0.00661354344428871
5409960473983330744,2021-08,0.007601549326287918
5409960473983330744,2021-09,0.38415650221168185
5409960473983330744,2021-09,0.012109108955434317
6916556752218696485,2021-08,0.003128964014521629
6916556752218696485,2021-08,0.004214928947465967
6916556752218696485,2021-08,0.004214928947465967
6916556752218696485,2021-08,0.0034737169714204753
6916556752218696485,2021-08,0.0035773669198480807
6916556752218696485,2021-08,0.00230513381775889
6916556752218696485,2021-09,0.0074166666206895125
6916556752218696485,2021-09,0.00667809802214745
6916556752218696485,2021-09,0.01015748311021268
6916556752218696485,2021-09,0.012045575072122677
6916556752218696485,2021-09,0.011930580984854083
6916556752218696485,2021-09,0.013966578863175963
6916556752218696485,2021-09,0.014551360510603809
6916556752218696485,2021-09,0.0074166666206895125
6916556752218696485,2021-09,0.006536950204742852
6916556752218696485,2021-09,0.006343366260151688
6916556752218696485,2021-09,0.015810150748231402
6916556752218696485,2021-09,0.006343366260151688
6916556752218696485,2021-09,0.008063308156408197
6916556752218696485,2021-09,0.006906406444827691
6615694774618628402,2021-08,0.02026307492063969
6615694774618628402,2021-08,0.017819321785828127
6615694774618628402,2021-08,0.011618222984491453
6615694774618628402,2021-09,0.0513138042020763
7692330898726665144,2021-08,0.0016427094170039754
7692330898726665144,2021-08,0.0014566404615068624
7692330898726665144,2021-09,0.0011030637547434772
7692330898726665144,2021-09,0.0009818423835037875
7692330898726665144,2021-09,0.0008470099760675099
7646606457278894341,2021-08,0.01227243823577712
7646606457278894341,2021-08,0.010365775059429766
7646606457278894341,2021-09,0.005134405353605559
3382609338395832683,2021-08,0.02810749123065647
3382609338395832683,2021-08,0.058536840459039605
8067924767167570288,2021-08,0.013520045440873455
8067924767167570288,2021-09,0.016319001402015917
8480109508191086169,2021-08,0.000567180857337332
8480109508191086169,2021-09,0.031403606213947034
8480109508191086169,2021-09,0.0003987292919227374
2573553293518763494,2021-08,0.001794347941195292
2573553293518763494,2021-08,0.0024430287840591317
2573553293518763494,2021-09,0.002614312469250228
2573553293518763494,2021-09,0.004626861661168653
2573553293518763494,2021-09,0.003447507241994452
2573553293518763494,2021-09,0.00487220717227544
2573553293518763494,2021-09,0.018544584110725015
2573553293518763494,2021-09,0.0027990502789691217
2573553293518763494,2021-09,0.004531587790324138
2573553293518763494,2021-09,0.0033983917116980995
660382477567765256,2021-08,0.008039341185270695
660382477567765256,2021-09,0.006393760251136684
660382477567765256,2021-09,0.006749705607111013
660382477567765256,2021-09,0.006661829255655205
660382477567765256,2021-09,0.006509101981193614
8049805689946244047,2021-08,0.009435169988180803
8049805689946244047,2021-08,0.013120744966695751
8049805689946244047,2021-09,0.013784383844576895
7968118679747232249,2021-08,0.11590859384197741
7968118679747232249,2021-09,0.07177856227516992
459290606780222306,2021-08,0.00011474550714635151
459290606780222306,2021-08,0.00011925388401544393
459290606780222306,2021-08,0.00016916424990035559
459290606780222306,2021-08,0.00012580794309072563
459290606780222306,2021-08,0.00016807292005275982
459290606780222306,2021-09,0.00042614616924198037
459290606780222306,2021-09,0.0005635379421444891
459290606780222306,2021-09,0.0003527332518458885
459290606780222306,2021-09,0.0003243672569720248
459290606780222306,2021-09,0.0005635379421444891
459290606780222306,2021-09,0.00043629154484722094
6978269497652315763,2021-08,0.01433396490671727
1536087798470875922,2021-08,0.05506972048434101
1536087798470875922,2021-09,0.07939925531225826
1536087798470875922,2021-09,0.09333661541380543
1129657311668961746,2021-08,0.03402733202583368
1129657311668961746,2021-09,0.02408460035250056
1129657311668961746,2021-09,0.022959751243660696
7895753719321668294,2021-08,0.0005842930770764541
7895753719321668294,2021-09,0.00047096729657013133
7895753719321668294,2021-09,0.0004408601036450672
524026009392362402,2021-08,0.0015139740796573887
524026009392362402,2021-08,0.0011554122010402203
7776069961364493674,2021-08,0.0017735887707021171
7776069961364493674,2021-09,0.0007850803736566367
4530631557358349711,2021-08,0.00040209412325989066
4530631557358349711,2021-08,0.0003524793304474037
4530631557358349711,2021-09,0.0004546364693039898
1273229638516517354,2021-08,0.046996008897885154
1273229638516517354,2021-08,0.046996008897885154
1273229638516517354,2021-09,0.022455482956860888
187117706370645370,2021-08,0.05574759856449353
187117706370645370,2021-08,0.018275624636492037
187117706370645370,2021-08,0.019832799453166378
187117706370645370,2021-09,0.005413370989489764
187117706370645370,2021-09,0.009987298650065318
187117706370645370,2021-09,0.007943550431934626
187117706370645370,2021-09,0.007957032744484551
187117706370645370,2021-09,0.010327182967328206
187117706370645370,2021-09,0.00964296889103379
187117706370645370,2021-09,0.012338050779488118
4569866309119931805,2021-08,0.012509988394310851
4569866309119931805,2021-09,0.0041176151833163975
2382123267535341265,2021-08,0.005486633934866299
2382123267535341265,2021-08,0.005459235673653219
2382123267535341265,2021-08,0.004861603861892151
2382123267535341265,2021-09,0.004585312718266497
5799279645678609726,2021-08,0.026069401499890104
5799279645678609726,2021-09,0.10716543640459934
5726178124659661019,2021-08,0.0007680332278037923
5726178124659661019,2021-08,0.0019678714303403688
5726178124659661019,2021-08,0.00062189271977145
5726178124659661019,2021-08,0.0007416306681391469
5726178124659661019,2021-08,0.00046259086213441196
5726178124659661019,2021-08,0.00043960078665413187
5726178124659661019,2021-08,0.00046259086213441196
5726178124659661019,2021-08,0.00043960078665413187
5726178124659661019,2021-08,0.0007416306681391469
5726178124659661019,2021-08,0.00043960078665413187
5726178124659661019,2021-09,0.0005642946330722162
5726178124659661019,2021-09,0.0005211605463121861
5726178124659661019,2021-09,0.000553895731413838
5726178124659661019,2021-09,0.0005642946330722162
5726178124659661019,2021-09,0.000553895731413838
257162352336759783,2021-08,0.0018014947458649788
257162352336759783,2021-08,0.0018014947458649788
257162352336759783,2021-08,0.0017596312243944134
7269781193318890653,2021-08,0.0004990166936614004
835441927760881602,2021-08,0.07294313033007177
835441927760881602,2021-08,0.07294313033007177
835441927760881602,2021-09,0.054915239723915384
835441927760881602,2021-09,0.054915239723915384
835441927760881602,2021-09,0.054915239723915384
5714540197488862003,2021-08,0.16662109022677826
5714540197488862003,2021-09,0.040566654722076524
5714540197488862003,2021-09,0.04882617926190926
7751080728852739823,2021-08,0.006524084650351568
7751080728852739823,2021-08,0.0010977625515413525
7751080728852739823,2021-08,0.0007266975873923217
7751080728852739823,2021-09,0.0001894441875902116
5687511145009775604,2021-08,0.030574942514950357
5687511145009775604,2021-09,0.027567387649089184
3204108603682323936,2021-08,0.001405365057295098
6053752047545474051,2021-08,0.0022412408209231383
6053752047545474051,2021-08,0.0010859106742865108
6053752047545474051,2021-08,0.0020751069023798173
6053752047545474051,2021-08,0.0015190664913226682
6053752047545474051,2021-09,0.001816998159230963
6053752047545474051,2021-09,0.0019248417397160086
6053752047545474051,2021-09,0.0020309724304950153
6053752047545474051,2021-09,0.0013629470158922098
6053752047545474051,2021-09,0.0020309724304950153
6053752047545474051,2021-09,0.001355383070456532
6053752047545474051,2021-09,0.0009720272802672778
6053752047545474051,2021-09,0.0017220296345717566
8292458529987016717,2021-08,0.017477295438879055
2333404192508932057,2021-08,0.0013129024605596238
2333404192508932057,2021-08,0.00125230747510178
2333404192508932057,2021-09,0.00020448901117503998
2333404192508932057,2021-09,0.0008536564126073081
2333404192508932057,2021-09,0.0008536564126073081
2333404192508932057,2021-09,0.000694830608266143
2333404192508932057,2021-09,0.0002849478950864705
9156666134024889730,2021-08,0.006345209253637225
9156666134024889730,2021-08,0.003436263134405491
9156666134024889730,2021-08,0.006015042179716609
9156666134024889730,2021-08,0.005056883085378998
9156666134024889730,2021-09,0.0032587439722641227
9156666134024889730,2021-09,0.25908984482139635
837142477962609471,2021-08,0.006413564956430214
837142477962609471,2021-08,0.006318987204043002
837142477962609471,2021-09,0.0068164349375446865
837142477962609471,2021-09,0.0018077344053652686
6528158819463595826,2021-08,0.0003521417427329197
6528158819463595826,2021-08,0.0003250908593511065
6528158819463595826,2021-09,0.00031094052866835
4347826483121154490,2021-08,9.134224446334796e-05
4347826483121154490,2021-08,0.0002239572081368926
4347826483121154490,2021-08,8.312434083138346e-05
4347826483121154490,2021-08,0.0001385672176861915
4347826483121154490,2021-08,0.00011008878424291115
4347826483121154490,2021-08,0.00012135882297687858
4347826483121154490,2021-08,0.0001385672176861915
4347826483121154490,2021-08,0.00010093723090518363
4347826483121154490,2021-09,7.771145087593845e-05
4347826483121154490,2021-09,7.771145087593845e-05
4347826483121154490,2021-09,7.771145087593845e-05
4347826483121154490,2021-09,7.771145087593845e-05
4347826483121154490,2021-09,7.771145087593845e-05
4347826483121154490,2021-09,5.854379931065131e-05
4347826483121154490,2021-09,9.095854656351541e-05
4347826483121154490,2021-09,9.828699697700554e-05
4347826483121154490,2021-09,7.253275350978357e-05
4347826483121154490,2021-09,0.0002037259277161809
7478791630746523220,2021-08,0.18908035723565567
7478791630746523220,2021-08,0.07629486172633365
7478791630746523220,2021-09,0.11164129100137943
7478791630746523220,2021-09,0.11196941694532554
3045840317107313913,2021-08,0.0018044466198118482
3045840317107313913,2021-09,0.0007761404217890159
3045840317107313913,2021-09,0.01626718517748634
3045840317107313913,2021-09,0.001324830660871924
2687720147676132707,2021-08,0.0035374378211736725
2687720147676132707,2021-08,0.002551993845159479
4980232475645447238,2021-08,0.0013393425587455304
4980232475645447238,2021-08,0.0006153218861969751
4980232475645447238,2021-09,0.0014154178103125154
6759864637454708017,2021-08,0.0039911818123694095
6759864637454708017,2021-08,0.003978850231935849
6759864637454708017,2021-08,0.00568014141979911
6759864637454708017,2021-09,0.008454467162084292
6759864637454708017,2021-09,0.008173351427434436
5162636608292907782,2021-08,0.01764333357725823
5162636608292907782,2021-08,0.01773589328939246
5162636608292907782,2021-09,0.024306593940977735
5162636608292907782,2021-09,0.024306593940977735
5162636608292907782,2021-09,0.024306593940977735
8994944800097997361,2021-08,0.005004908933136335
8994944800097997361,2021-08,0.005335154060219996
8994944800097997361,2021-09,0.0024610301753930797
8994944800097997361,2021-09,0.002741591255730237
8994944800097997361,2021-09,0.002644088119299737
8994944800097997361,2021-09,0.0023734812867998757
8994944800097997361,2021-09,0.0020511689437150574
7665801401860589626,2021-08,0.00351898091071491
7665801401860589626,2021-08,0.003285621928724114
7665801401860589626,2021-09,0.0027587497079174577
49632905576538927,2021-08,0.00034461573481140676
621182491555347581,2021-08,0.003840940068598312
621182491555347581,2021-08,0.003840940068598312
621182491555347581,2021-08,0.007774960798306798
621182491555347581,2021-09,0.015196133195411427
621182491555347581,2021-09,0.00989510107103233
7492389223353246125,2021-08,0.022635324541159782
7492389223353246125,2021-08,0.01999290672942636
7492389223353246125,2021-09,0.023603322899212097
7492389223353246125,2021-09,0.01839705522690885
7492389223353246125,2021-09,0.021259982623887053
8060154314331993193,2021-08,0.027256950503845453
8060154314331993193,2021-08,0.026393660262889525
7930925883736021864,2021-08,0.011120986159830546
7930925883736021864,2021-08,0.011131933546223815
7930925883736021864,2021-08,0.0056395193319769546
7930925883736021864,2021-08,0.018777931651594387
7930925883736021864,2021-08,0.005573911665968856
7930925883736021864,2021-09,0.011343992063717811
7930925883736021864,2021-09,0.004293509611393211
7930925883736021864,2021-09,0.004396735593679291
7930925883736021864,2021-09,0.005223858974214382
4724876423989598202,2021-08,0.0007113639523201136
4724876423989598202,2021-08,0.0008259940818645407
4724876423989598202,2021-08,0.00037710263857507767
4724876423989598202,2021-08,0.0005588272902566038
4724876423989598202,2021-09,0.0011908460601044966
4724876423989598202,2021-09,0.0013748018009036688
4724876423989598202,2021-09,0.0005357021535843412
3977861004707764824,2021-08,0.0025092870266135545
3977861004707764824,2021-08,0.0030317478645446243
3977861004707764824,2021-08,0.004219612445412564
3977861004707764824,2021-08,0.008283690816773475
3977861004707764824,2021-08,0.007733373058956882
3977861004707764824,2021-09,0.003931070931368731
3977861004707764824,2021-09,0.003971223207724621
3977861004707764824,2021-09,0.003944999789809479
3977861004707764824,2021-09,0.003971223207724621
3977861004707764824,2021-09,0.0039051116138743803
3977861004707764824,2021-09,0.0022767122999136215
3977861004707764824,2021-09,0.0031936342787882055
6448234172949059931,2021-08,0.16506769366047502
8287608084245946173,2021-08,0.0026554982892571903
8287608084245946173,2021-08,0.0029094110829637728
8287608084245946173,2021-08,0.0020676465417317565
8287608084245946173,2021-09,0.00398050749564551
8287608084245946173,2021-09,0.00398050749564551
8287608084245946173,2021-09,0.002794641678588601
8287608084245946173,2021-09,0.002794641678588601
8287608084245946173,2021-09,0.016671832101183063
8229446069655666941,2021-08,0.0031646933696578526
8229446069655666941,2021-08,0.607910562778956
1998941557906036376,2021-08,0.012649348248669668
1998941557906036376,2021-09,0.01115163533924414
1998941557906036376,2021-09,0.008986156490393386
4104959289203999917,2021-08,0.0015498093017453924
1036256411320325774,2021-08,0.0011669349658193036
1036256411320325774,2021-08,0.0027981481659358795
1036256411320325774,2021-08,0.0019177089793101865
1036256411320325774,2021-08,0.0015302580725167195
1036256411320325774,2021-09,0.005882941755861158
1036256411320325774,2021-09,0.00531976648104608
1036256411320325774,2021-09,0.006986270008039278
1036256411320325774,2021-09,0.00531976648104608
1036256411320325774,2021-09,0.007239058515881001
3543162424793477785,2021-08,0.011789534440402122
3543162424793477785,2021-08,0.007553815603268987
3543162424793477785,2021-09,0.03105419075322131
3543162424793477785,2021-09,0.028754117194191325
5048392903148444335,2021-08,0.009223676799664278
5048392903148444335,2021-08,0.008344587685829514
5048392903148444335,2021-08,0.008675718267483933
5048392903148444335,2021-09,0.009533495878554512
8646472172649019955,2021-08,0.287247811084017
8646472172649019955,2021-08,0.27086741095916156
8646472172649019955,2021-09,0.21181784224420308
8646472172649019955,2021-09,0.26974728243809337
2012477868296377155,2021-08,0.008776824872003958
2012477868296377155,2021-08,0.004457403971320107
2929243640075785940,2021-08,0.0043086532102895305
2929243640075785940,2021-08,0.003950144557373888
2451708306555441014,2021-08,0.0041051994631600254
2451708306555441014,2021-08,0.0037072543736036594
2451708306555441014,2021-09,0.0038701248156340507
2451708306555441014,2021-09,0.0036093986515148783
2451708306555441014,2021-09,0.00507288550699515
2451708306555441014,2021-09,0.004911250184374647
2250817603281429928,2021-08,0.0012040545771417133
2250817603281429928,2021-08,0.0010084394244140476
2250817603281429928,2021-09,0.0009103587616667299
8271604276097280304,2021-08,0.007846436745831548
4593070249039532001,2021-08,0.0010284831826110911
4593070249039532001,2021-08,0.001079734432206836
4593070249039532001,2021-09,0.0007192717575428083
5897410907783139228,2021-08,0.0005450044411327578
5897410907783139228,2021-08,0.0009955712836678936
5897410907783139228,2021-09,0.000569168051154871
5897410907783139228,2021-09,0.0002942574221978846
2530707686830644666,2021-08,0.0125354772336591
2530707686830644666,2021-09,0.01142942091679759
340285351737204923,2021-08,0.019839049997527388
340285351737204923,2021-09,0.026820317501241805
340285351737204923,2021-09,0.026510221110604564
340285351737204923,2021-09,0.026820317501241805
340285351737204923,2021-09,0.022985016078079033
340285351737204923,2021-09,0.026820317501241805
7067471043900250355,2021-08,0.013149944519012396
7067471043900250355,2021-08,0.8848533950616189
7067471043900250355,2021-08,0.9594223559761146
7067471043900250355,2021-08,0.013149944519012396
7067471043900250355,2021-08,0.013149944519012396
3248432590399829766,2021-08,0.000911380066643901
3248432590399829766,2021-08,0.0006800702551021867
3248432590399829766,2021-08,0.0007943061487156946
7176848230239877915,2021-08,0.000826051953887762
761746217261797478,2021-08,0.0001969799652690699
761746217261797478,2021-09,0.00010881642155222407
761746217261797478,2021-09,0.00015025322552937844
761746217261797478,2021-09,0.00015355121024770182
7041489327620930099,2021-08,0.0322645276361449
7041489327620930099,2021-09,0.018868754088797988
5958664040344043635,2021-08,0.0007076411845569684
5958664040344043635,2021-09,0.002086212568359633
4327694790333781288,2021-08,0.00023606855511047913
1078687383992817574,2021-08,0.23918666527421786
1078687383992817574,2021-08,0.19415328645040572
1078687383992817574,2021-08,0.23918666527421786
1078687383992817574,2021-08,0.1400373411161901
1078687383992817574,2021-09,0.10144585234410498
1078687383992817574,2021-09,0.1197527911039735
1078687383992817574,2021-09,0.10394348311518714
1078687383992817574,2021-09,0.17900741928778935
2619109825960703851,2021-08,0.010768184825681952
2619109825960703851,2021-08,0.010768184825681952
2619109825960703851,2021-09,0.008388112774134251
2619109825960703851,2021-09,0.008388112774134251
175003104385133396,2021-08,0.006582467420293132
175003104385133396,2021-09,0.007243484078865564
2397171153213063761,2021-08,0.0045928151481780715
2397171153213063761,2021-08,0.0056720009733378035
2397171153213063761,2021-08,0.005559159193273607
2397171153213063761,2021-08,0.0044236529145983295
2397171153213063761,2021-09,0.0058890223245225085
2397171153213063761,2021-09,0.005144714398620375
2397171153213063761,2021-09,0.2994888618949372
2397171153213063761,2021-09,0.005164073142401995
2397171153213063761,2021-09,0.005164073142401995
5176940320835464459,2021-08,0.00021234685967177168
5176940320835464459,2021-08,0.00029512508021443663
5176940320835464459,2021-08,0.00018674707584816859
5176940320835464459,2021-08,0.00021333429717990712
5176940320835464459,2021-08,0.00012510801680677193
5176940320835464459,2021-08,0.00022685354297871408
5176940320835464459,2021-08,0.00027920322549662734
5176940320835464459,2021-09,0.0002140321820896229
5176940320835464459,2021-09,0.00016839100201806792
5176940320835464459,2021-09,0.00016897166864935685
5176940320835464459,2021-09,0.00013020107383337166
5176940320835464459,2021-09,0.00011571547715985113
5176940320835464459,2021-09,0.00077570500497001
5176940320835464459,2021-09,0.000137496732438542
5176940320835464459,2021-09,0.00013020107383337166
5176940320835464459,2021-09,0.000108873400063407
2768068015169423097,2021-08,0.03654236581563705
2768068015169423097,2021-08,0.03654236581563705
7970976988071755401,2021-08,0.034694722400588546
7970976988071755401,2021-08,0.024837939679582942
7970976988071755401,2021-08,0.034694722400588546
7970976988071755401,2021-09,0.026137513047200495
7970976988071755401,2021-09,0.03496163731476535
7930644815080409701,2021-08,0.0024705637728139416
7930644815080409701,2021-09,0.005350125541669608
8874257794774679816,2021-08,0.0019758997974225114
8874257794774679816,2021-08,0.004891191183408249
8874257794774679816,2021-09,0.004161918492312996
8874257794774679816,2021-09,0.004161918492312996
8874257794774679816,2021-09,0.004161918492312996
8874257794774679816,2021-09,0.0033929808134380663
7949169060790541229,2021-08,0.0015274393858167076
7949169060790541229,2021-09,0.0012088729016472327
7949169060790541229,2021-09,0.001153859281876945
4210463673385510745,2021-08,0.015413296093557103
4210463673385510745,2021-08,0.009207896450562494
4210463673385510745,2021-09,0.018151991874127412
4210463673385510745,2021-09,0.030389217012206825
5855956854975734380,2021-08,0.024615705716783794
5753677550753111444,2021-08,7.641764314930528e-05
5753677550753111444,2021-08,6.111788408731635e-05
5753677550753111444,2021-09,0.00011062182551400704
8909740532547211288,2021-08,0.0008754200883487252
8909740532547211288,2021-08,0.0010173321850833065
8909740532547211288,2021-09,0.0010078061775019448
8909740532547211288,2021-09,0.0007835162809802559
8909740532547211288,2021-09,0.0010102715526767432
345447888460137901,2021-08,0.004344629727659278
345447888460137901,2021-09,0.0026467785291496753
6662531979151878793,2021-08,0.004811828156650178
6662531979151878793,2021-09,0.005293104602772478
1616952665234409442,2021-08,0.02903042543659097
1616952665234409442,2021-08,0.03528004501536306
1616952665234409442,2021-08,0.032124179588635275
2808145376905474927,2021-08,0.0021301810902797074
2808145376905474927,2021-08,0.0018156782254060671
2808145376905474927,2021-09,0.003021266319729211
2808145376905474927,2021-09,0.0025197193807183524
7471183491728700531,2021-08,0.14984796929737015
7471183491728700531,2021-08,0.16425739841148929
5373371196946859811,2021-08,0.013326144048636222
5373371196946859811,2021-08,0.012570953993124174
5373371196946859811,2021-08,0.012957011299156902
5373371196946859811,2021-09,0.01783254880775564
5373371196946859811,2021-09,0.012360190898032744
6941381638534728190,2021-08,0.0003633228970436477
6941381638534728190,2021-08,0.0004143154869880071
6941381638534728190,2021-09,0.0003719104354562055
8213533889694327948,2021-08,0.0001058844668564883
8213533889694327948,2021-08,0.0001320519330451731
8213533889694327948,2021-08,0.0001320519330451731
8213533889694327948,2021-08,9.738570513445747e-05
8213533889694327948,2021-09,6.082385911099239e-05
8213533889694327948,2021-09,7.836363705856491e-05
8213533889694327948,2021-09,7.947622995830673e-05
6020593949794792044,2021-08,0.05664357592075568
6020593949794792044,2021-09,0.05328281541723972
3285246914299291124,2021-08,0.0008097996160960385
3285246914299291124,2021-09,0.000528699030740812
3285246914299291124,2021-09,0.0005707786485974744
3285246914299291124,2021-09,0.000537888764074312
3285246914299291124,2021-09,0.00045996264604839594
3511416927745338332,2021-08,0.00012207788710296306
3511416927745338332,2021-09,0.0007131689759336875
1997130697107291654,2021-08,0.04208539381115056
864510931144626280,2021-08,0.004352023754130591
5726884001073147293,2021-08,0.026171610517051032
8559143756893267192,2021-08,0.24813671979396534
8559143756893267192,2021-08,0.23550913010258956
7085295800541340563,2021-08,0.004174871197533402
7085295800541340563,2021-08,0.0032947731527370044
7085295800541340563,2021-08,0.005031419872586029
7085295800541340563,2021-09,0.04407246424009312
1958660709350677213,2021-08,0.24605188294304836
1958660709350677213,2021-09,0.20633519546303958
1958660709350677213,2021-09,0.20039942281105244
1958660709350677213,2021-09,0.09194187441938476
1958660709350677213,2021-09,0.03371361544293844
312543480920432545,2021-08,0.0003643300004681408
312543480920432545,2021-08,0.0002654782340768708
312543480920432545,2021-08,0.0005353820742493184
312543480920432545,2021-08,0.00024939111115438925
312543480920432545,2021-08,0.0002452035765990372
312543480920432545,2021-09,0.00021497450060274442
312543480920432545,2021-09,0.0005393611766329101
312543480920432545,2021-09,0.0002233865588063423
312543480920432545,2021-09,0.00021693418710647794
312543480920432545,2021-09,0.00022012937172523797
5786895437851445408,2021-08,0.05255655695975033
6914631631926429447,2021-08,0.0009896155952076391
274692171162531764,2021-08,0.009851935248217437
274692171162531764,2021-08,0.009851935248217437
274692171162531764,2021-08,0.007866049617908355
274692171162531764,2021-09,0.009995985317623352
274692171162531764,2021-09,0.00946456845764816
274692171162531764,2021-09,0.00946456845764816
274692171162531764,2021-09,0.00946456845764816
274692171162531764,2021-09,0.00946456845764816
2088532321693492263,2021-08,0.028040764077900238
2088532321693492263,2021-08,0.025997370469683395
2088532321693492263,2021-09,0.5615408612472305
2088532321693492263,2021-09,0.1222343263461129
4335865859049992260,2021-08,0.001731084130607639
4335865859049992260,2021-09,0.004802239235445024
4335865859049992260,2021-09,0.009366691624066555
2209806355660046187,2021-08,0.0025152846938019764
3218226066162129945,2021-08,0.021421729725286085
3218226066162129945,2021-09,0.3642571703868386
3218226066162129945,2021-09,0.3642571703868386
6985631100944640910,2021-08,0.041727846445762336
5358243820364010940,2021-08,0.0029255459118253946
5358243820364010940,2021-08,0.005904653860039509
5358243820364010940,2021-08,0.002756389858274943
4588313530969303734,2021-08,0.02867003632568664
4588313530969303734,2021-08,0.02867003632568664
4588313530969303734,2021-09,0.026425011605312736
2033394215069562776,2021-08,0.011885197558300675
2033394215069562776,2021-08,0.011885197558300675
2033394215069562776,2021-09,0.0068240048902652225
2033394215069562776,2021-09,0.010472350089146668
662944582644865942,2021-08,0.01405741119203065
662944582644865942,2021-09,0.01021253580723084
662944582644865942,2021-09,0.025631834000415687
662944582644865942,2021-09,0.02010322832272475
662944582644865942,2021-09,0.0153469490355204
662944582644865942,2021-09,0.00945939019700599
4874157215501489741,2021-08,9.673874893125431e-05
4874157215501489741,2021-08,0.0001005090051951339
4874157215501489741,2021-08,9.665798756563576e-05
4874157215501489741,2021-09,0.0003704274456154288
2371917341091102894,2021-08,0.017648686662939103
2819054834565698513,2021-08,0.0040104662065906125
2819054834565698513,2021-08,0.0040104662065906125
2819054834565698513,2021-09,0.005559286501314975
2819054834565698513,2021-09,0.0080355827115832
2819054834565698513,2021-09,0.004533375030181268
4675067298171588603,2021-08,0.03837004193478048
4675067298171588603,2021-08,0.045933150358912204
4675067298171588603,2021-08,0.04895773707205805
3118683330911759410,2021-08,0.10852191114288989
3118683330911759410,2021-09,0.10828238001278662
5460280878923715699,2021-08,0.008182634871580939
5460280878923715699,2021-08,0.007499202252359615
5460280878923715699,2021-09,0.0033907424440730925
7268895973869107930,2021-08,0.0095997828770569
7268895973869107930,2021-08,0.011877604858499523
7268895973869107930,2021-09,0.013682398898462785
7268895973869107930,2021-09,0.013682398898462785
1141681690629134039,2021-08,0.005110156645586251
8715120689636420963,2021-08,0.0009826072682863568
940214356651040716,2021-08,0.0638006188429315
940214356651040716,2021-09,0.06825281274240606
940214356651040716,2021-09,0.06825281274240606
295375823203017296,2021-08,0.00036291711988151117
295375823203017296,2021-09,0.0006608114820252034
5528372913947954503,2021-08,0.0025611590122542427
5528372913947954503,2021-09,0.002781481139267626
9108733472015251498,2021-08,0.0019026381657374814
3591324331706630867,2021-08,0.027679586223741934
3591324331706630867,2021-08,0.0177534241792975
3591324331706630867,2021-09,0.016224065171277467
8603678028264007695,2021-08,0.004783369442420874
8603678028264007695,2021-09,0.0055542181506535405
8603678028264007695,2021-09,0.00316570017872644
6858769421191999702,2021-08,0.00904255966105439
6858769421191999702,2021-08,0.0078346056087807
6858769421191999702,2021-09,0.007085489365762929
6858769421191999702,2021-09,0.009046764949489465
8596605705893456305,2021-08,0.2920533256076128
8596605705893456305,2021-09,0.3649808308044908
8596605705893456305,2021-09,0.5761185804538357
8596605705893456305,2021-09,0.6128347613473968
8596605705893456305,2021-09,0.3707606352415104
8596605705893456305,2021-09,0.455213924695697
8596605705893456305,2021-09,0.3587663493197506
8596605705893456305,2021-09,0.3587663493197506
5888474320320735000,2021-08,0.7260918748957448
5888474320320735000,2021-08,0.6797309291706656
5888474320320735000,2021-09,0.5258774405059636
5888474320320735000,2021-09,0.7011260570502953
5888474320320735000,2021-09,0.7097155777499504
6795467882769787169,2021-08,0.00215072274763902
6795467882769787169,2021-08,0.00215072274763902
6795467882769787169,2021-09,0.0020671453496472294
6795467882769787169,2021-09,0.00028560364310239636
6795467882769787169,2021-09,0.00033785793095482755
6828316696355015040,2021-08,0.0045693985833319675
6828316696355015040,2021-08,0.0045693985833319675
6828316696355015040,2021-08,0.0034740154251574167
6828316696355015040,2021-09,0.004937646634362591
6828316696355015040,2021-09,0.004267180909145104
1477629972594346481,2021-08,0.016640361875729735
1477629972594346481,2021-08,0.022294437416306236
1477629972594346481,2021-09,0.007959514366892935
1543875954928694094,2021-08,0.0052748090963659336
1543875954928694094,2021-08,0.0026734219358362002
1543875954928694094,2021-08,0.004131983869824139
1543875954928694094,2021-09,0.004624096116435082
5477900120643078645,2021-08,0.007677300852341934
5477900120643078645,2021-08,0.007178396132838525
5477900120643078645,2021-08,0.00794188537223258
5432443358006556295,2021-08,0.006402625693712848
5462970244186515758,2021-08,0.0004603926428619389
5462970244186515758,2021-08,0.0007859037352336272
5462970244186515758,2021-09,0.000374945933054385
5462970244186515758,2021-09,0.0006570854781198211
5462970244186515758,2021-09,0.0005860100306918734
5462970244186515758,2021-09,0.000374945933054385
5462970244186515758,2021-09,0.00042277812216292486
665854826624598350,2021-08,0.0043665973034859975
665854826624598350,2021-08,0.0043665973034859975
665854826624598350,2021-08,0.005363602116281226
665854826624598350,2021-08,0.0043665973034859975
665854826624598350,2021-08,0.004276684153811765
665854826624598350,2021-09,0.004292866514844322
665854826624598350,2021-09,0.0031221603233931835
1738460583932152602,2021-08,0.16811385688494673
5864443060004179363,2021-08,0.0010873014039481793
5864443060004179363,2021-08,0.0012065896340866641
5864443060004179363,2021-09,0.013031777082401916
5864443060004179363,2021-09,0.0016385379445595456
5864443060004179363,2021-09,0.0009295888232621207
5864443060004179363,2021-09,0.000971101860612129
5864443060004179363,2021-09,0.0008331316565282839
5864443060004179363,2021-09,0.0010289706233510617
2508429106201166689,2021-08,0.0005703079244642216
2508429106201166689,2021-09,0.0009900448099327832
2508429106201166689,2021-09,0.0005843250833116599
1272921915900711149,2021-08,0.0021038233595619335
1272921915900711149,2021-08,0.0021232654035341185
1272921915900711149,2021-09,0.0031526915589250165
7719481195372677540,2021-08,0.003077348193369716
7719481195372677540,2021-09,0.0011154634654165073
7719481195372677540,2021-09,0.0016299534527153899
1097345589386012260,2021-08,0.00032600302959059723
5166128847048245697,2021-08,0.00039392308399661247
5166128847048245697,2021-09,0.0008439711243988122
5166128847048245697,2021-09,0.0020427629936040355
1192891347324061812,2021-08,0.00033636318443442466
1192891347324061812,2021-08,0.00045279680653121756
1192891347324061812,2021-08,0.00045279680653121756
1192891347324061812,2021-09,0.000506717439932873
1192891347324061812,2021-09,0.000506717439932873
1192891347324061812,2021-09,0.0004779895904538975
1192891347324061812,2021-09,0.000506717439932873
1192891347324061812,2021-09,0.000506717439932873
1192891347324061812,2021-09,0.000506717439932873
1192891347324061812,2021-09,0.0005058440025453944
1683619849073499603,2021-08,0.0022269577154588054
1683619849073499603,2021-08,0.002361651281333759
1683619849073499603,2021-08,0.002778603664944768
1683619849073499603,2021-08,0.0018630801481141135
1683619849073499603,2021-09,0.002168862602120709
1683619849073499603,2021-09,0.0029785302919896734
1683619849073499603,2021-09,0.002168862602120709
8195468623809753777,2021-08,0.0025679592703745204
8195468623809753777,2021-09,0.001129232963155215
5883155883105348987,2021-08,0.08866294169314193
5883155883105348987,2021-08,0.03244182067018201
5883155883105348987,2021-09,0.5064885776568588
5883155883105348987,2021-09,0.0418148976416607
5883155883105348987,2021-09,0.03489663148861452
4571290108043699959,2021-08,0.0005121967060023473
4571290108043699959,2021-08,0.0007674684640121243
4571290108043699959,2021-09,0.0008081940551088196
4571290108043699959,2021-09,0.0006444658353590415
4571290108043699959,2021-09,0.0008669442348818526
4571290108043699959,2021-09,0.0006769696831010292
4571290108043699959,2021-09,0.0008864079912494115
4571290108043699959,2021-09,0.0006626460723815965
465309249432033993,2021-08,0.0026735209218619
465309249432033993,2021-08,0.00368009089374217
465309249432033993,2021-08,0.0024225759732708504
465309249432033993,2021-08,0.0037653088042655866
465309249432033993,2021-08,0.0169159175274478
465309249432033993,2021-09,0.05336522420545772
9206030810342980458,2021-08,0.008040597006521384
9206030810342980458,2021-08,0.013744016924491871
9206030810342980458,2021-08,0.01010250733956227
9206030810342980458,2021-09,0.005863827501017413
9206030810342980458,2021-09,0.006613395990802339
6330043096034525408,2021-08,0.12170641885025772
6330043096034525408,2021-08,0.13709526101872158
6330043096034525408,2021-08,0.12159440897395578
6330043096034525408,2021-08,0.12481703247205304
6330043096034525408,2021-09,0.33236134322948285
6330043096034525408,2021-09,0.05448979240477384
6330043096034525408,2021-09,0.5786859292204637
6330043096034525408,2021-09,0.05573526067697046
6330043096034525408,2021-09,0.05470364754160104
6330043096034525408,2021-09,0.05478056665257239
3724562776372632620,2021-08,0.003808358231755352
3724562776372632620,2021-09,0.0016822145365166655
7142043104834932013,2021-08,0.011818284890334993
7142043104834932013,2021-09,0.03458749521976785
6681781879793693802,2021-08,0.0009816943939767516
7535160686416710323,2021-08,0.0015609763687217445
7535160686416710323,2021-08,0.0015451343503765367
7535160686416710323,2021-08,0.0015609763687217445
7535160686416710323,2021-09,0.0007704186234869707
7770458886439606839,2021-08,0.05580802808643684
7770458886439606839,2021-08,0.06424907072008061
7770458886439606839,2021-08,0.056699287864390734
7770458886439606839,2021-09,0.09086802124193193
7770458886439606839,2021-09,0.08436733223780227
7770458886439606839,2021-09,0.1707266065998205
7770458886439606839,2021-09,0.15768210655155618
7770458886439606839,2021-09,0.17351684622064
7770458886439606839,2021-09,0.15312996666192405
5304536516981778801,2021-08,0.0024555532363130443
5304536516981778801,2021-08,0.0014905007580414368
5304536516981778801,2021-08,0.002402995398757544
5304536516981778801,2021-08,0.0010391995494429562
5304536516981778801,2021-09,0.0011812058879257415
5304536516981778801,2021-09,0.002825632114567091
5304536516981778801,2021-09,0.0011812058879257415
5304536516981778801,2021-09,0.0015379182213012895
3279078057358159966,2021-08,0.017881015357576066
3279078057358159966,2021-08,0.017990173456013295
3279078057358159966,2021-09,0.015146267922570997
6337915293429442229,2021-08,0.01810415477638786
7992317448197179816,2021-08,0.00912713946168708
7992317448197179816,2021-08,0.008962295474026116
7992317448197179816,2021-09,0.008178581832258213
710593997981520423,2021-08,0.015311043050305694
5611787644735474299,2021-08,0.000607846410654465
5611787644735474299,2021-08,0.0002420097763181933
5611787644735474299,2021-08,0.000607846410654465
5611787644735474299,2021-08,0.0002904446889383089
5611787644735474299,2021-08,0.0002937789619725158
5611787644735474299,2021-08,0.0005029206143359875
5611787644735474299,2021-09,0.00047571943049791487
5611787644735474299,2021-09,0.0004811796134212948
5611787644735474299,2021-09,0.0003939534405531787
5611787644735474299,2021-09,0.00040095026762354986
5611787644735474299,2021-09,0.0003613752058476708
5611787644735474299,2021-09,0.00040095026762354986
5611787644735474299,2021-09,0.0007886332833389121
5611787644735474299,2021-09,0.00044065425433821885
5611787644735474299,2021-09,0.0004811796134212948
3822753345985951756,2021-08,0.011400305617501851
3822753345985951756,2021-08,0.013713001548130257
3822753345985951756,2021-08,0.010911728214066097
3822753345985951756,2021-09,0.0024984951327320353
1028630885537616736,2021-08,0.005066201658872294
6217788509719675691,2021-08,0.0019777150739792135
6217788509719675691,2021-09,0.001705456701729949
6217788509719675691,2021-09,0.046868173541259675
6217788509719675691,2021-09,0.002421986566200321
6217788509719675691,2021-09,0.002421986566200321
6217788509719675691,2021-09,0.0014902380396675649
1827463638348028912,2021-08,0.009486786006952389
3095686599956852697,2021-08,0.004039844246385099
3095686599956852697,2021-08,0.005726472350132606
2951563549197799278,2021-08,0.0021568512926677928
7944852965555666513,2021-08,0.001632802930302754
7944852965555666513,2021-09,0.0023975769242424744
7963861799566207637,2021-08,0.00023768615098196144
7963861799566207637,2021-08,0.00020773566569935644
7963861799566207637,2021-09,2.5278716919890357e-05
7963861799566207637,2021-09,2.363517123025528e-05
7963861799566207637,2021-09,4.591748965213714e-05
2735662700719640627,2021-08,0.02322263752756858
6271697692808086495,2021-08,0.004014316705462558
6271697692808086495,2021-09,0.005958381005400154
6271697692808086495,2021-09,0.00577966244979645
6885171468891031140,2021-08,0.0013839977660867287
6885171468891031140,2021-08,0.0006235368600875823
6885171468891031140,2021-09,0.0013719935326497726
6885171468891031140,2021-09,0.0007043550371415367
6754039979151386401,2021-08,0.0017977204395897791
8609211777002937758,2021-08,0.0013329994183059306
8609211777002937758,2021-08,0.0014094166195243966
8609211777002937758,2021-09,0.0019079217434583588
1044946691507317745,2021-08,0.0020219344381519435
1044946691507317745,2021-08,0.0025456613727539595
1044946691507317745,2021-09,0.0032498866168451583
1044946691507317745,2021-09,0.0032006851005248337
1044946691507317745,2021-09,0.003930004703006693
107343823625119033,2021-08,0.004239684116153772
107343823625119033,2021-09,0.009640128693614608
9052787288251876909,2021-08,0.0009396038416690941
9052787288251876909,2021-09,0.0005068093209904357
8090492548102964782,2021-08,0.08503718625940551
8090492548102964782,2021-09,0.07905563460043011
8196449005061156808,2021-08,0.002742749175811487
8196449005061156808,2021-09,0.003467353358438391
5635781225931111684,2021-08,0.005017021740213654
5635781225931111684,2021-09,0.0031930366550390896
5635781225931111684,2021-09,0.0031986490389390976
5635781225931111684,2021-09,0.0030905954817807054
5635781225931111684,2021-09,0.0031564061117613836
4071158585850879204,2021-08,0.0045455805439074595
4071158585850879204,2021-09,0.0023385704534357905
4071158585850879204,2021-09,0.004079887325425811
4071158585850879204,2021-09,0.004079887325425811
1617695035450525647,2021-08,5.558451086339336e-05
1617695035450525647,2021-09,0.0001070818422449098
1617695035450525647,2021-09,0.00013585495356640382
1617695035450525647,2021-09,9.950281986389953e-05
1617695035450525647,2021-09,0.0002542477739599175
1617695035450525647,2021-09,0.00010138598761422404
1617695035450525647,2021-09,0.00010112107379503246
1617695035450525647,2021-09,9.268079986349746e-05
5986344948775572227,2021-08,0.4856967489710117
1977574645216036803,2021-08,0.2974891090865787
1977574645216036803,2021-09,0.2880839503931583
8918635099296971351,2021-08,0.013675924050192507
2310272650667756227,2021-08,0.49893411372682955
5303720405946805990,2021-08,0.0005746797028063917
5303720405946805990,2021-08,0.0004476427527907569
5303720405946805990,2021-08,0.000273945156458904
5303720405946805990,2021-08,0.0007071279887191447
5303720405946805990,2021-08,0.0007071428590101907
5303720405946805990,2021-09,0.00027522671517520063
2763141362035716801,2021-08,0.006188021774449615
2763141362035716801,2021-09,0.007139116699402106
2763141362035716801,2021-09,0.005329677504748604
3036967290595689189,2021-08,0.0002994526103704805
3036967290595689189,2021-08,0.0003520498546517751
3036967290595689189,2021-09,0.0004179898120759499
1115703227712697214,2021-08,0.0002946628842302261
1115703227712697214,2021-08,0.0002994334864267314
1115703227712697214,2021-09,0.0006027670755176599
1115703227712697214,2021-09,0.0005201907020178398
1115703227712697214,2021-09,0.000572384459553974
7141263195360679278,2021-08,0.07691991765128603
7141263195360679278,2021-08,0.09376350325340636
7141263195360679278,2021-08,0.08326546937078141
6462952350255736003,2021-08,0.0010868102358907608
6462952350255736003,2021-08,0.00103415887517082
6462952350255736003,2021-08,0.0016508464220161552
6462952350255736003,2021-09,0.0014594804700689933
472772897496154354,2021-08,0.001758495358302799
472772897496154354,2021-08,0.0018298738848288897
472772897496154354,2021-09,0.003750513635844885
472772897496154354,2021-09,0.003699740602294491
8248484932270772248,2021-08,0.10494474527830507
8895896724713458749,2021-08,0.002304602693254401
8895896724713458749,2021-08,0.002396780689390781
8895896724713458749,2021-08,0.0018806134328433859
8895896724713458749,2021-08,0.002396780689390781
8895896724713458749,2021-08,0.002396780689390781
8895896724713458749,2021-09,0.0012658684670530894
8895896724713458749,2021-09,0.0009380754069280585
8895896724713458749,2021-09,0.0010345827988180682
5732713959930509093,2021-08,0.01801926576205761
4365965554261111250,2021-08,0.054682780783728416
4365965554261111250,2021-09,0.11312335268732354
4365965554261111250,2021-09,0.089828781230983
5430917218683822543,2021-08,0.009624690471678764
5430917218683822543,2021-08,0.011631979420458138
5430917218683822543,2021-09,0.008777341468008995
5430917218683822543,2021-09,0.00845561183544115
717981637594591016,2021-08,0.00029285553708022807
717981637594591016,2021-09,0.00024350303477684173
511305041047444825,2021-08,0.014259405718345192
511305041047444825,2021-09,0.11489071505257546
511305041047444825,2021-09,0.012494776773085232
511305041047444825,2021-09,0.012306521537490605
2208316821038817776,2021-08,0.3359753150187245
2201150681962815877,2021-08,0.001181288787615346
2201150681962815877,2021-08,0.001181288787615346
2201150681962815877,2021-09,0.0019585726296222202
2201150681962815877,2021-09,0.0016183378665351898
3480297543931395935,2021-08,0.0909023285195037
3480297543931395935,2021-08,0.09103830322202282
8915958534285799867,2021-08,0.039126090389595754
652740132671309295,2021-08,0.028597507688958097
652740132671309295,2021-09,0.036490273307437954
7595945751692012281,2021-08,0.0037317427076072247
7595945751692012281,2021-08,0.0064742912396018246
7595945751692012281,2021-09,0.009403722454608654
7468724002190465812,2021-08,0.004084720618317468
3281617395243454427,2021-08,0.01671454559121518
1551531256789550891,2021-08,0.00021582147764893594
1551531256789550891,2021-09,0.00030852251348398535
8570963260597299378,2021-08,0.0009418135290073737
8570963260597299378,2021-09,0.0013159442482009857
8570963260597299378,2021-09,0.001802197413702766
8570963260597299378,2021-09,0.0015312476468280674
8570963260597299378,2021-09,0.0018281497504690862
8570963260597299378,2021-09,0.0020034305131138687
8570963260597299378,2021-09,0.0018020583207276747
7613717984547031729,2021-08,0.001163716135398168
7613717984547031729,2021-08,0.0012131798014116692
7613717984547031729,2021-09,0.0007841553750928364
7613717984547031729,2021-09,0.0009135932203296123
7613717984547031729,2021-09,0.0007903113960827603
7613717984547031729,2021-09,0.0006877223773169769
7613717984547031729,2021-09,0.0008709549742539148
3258345688897172820,2021-08,0.016916328516958578
3258345688897172820,2021-09,0.012914628087160818
3258345688897172820,2021-09,0.029031520228959797
3258345688897172820,2021-09,0.024300103445060124
843896882208504179,2021-08,0.45596466828703
7870373680211625064,2021-08,0.0473088637825986
410843023337872279,2021-08,0.47718135827115515
410843023337872279,2021-09,0.08435113012557048
410843023337872279,2021-09,0.0009730870288700352
5225029212547588718,2021-08,0.014503895626858927
5225029212547588718,2021-08,0.007893183218824493
5225029212547588718,2021-09,0.017378871347330176
5225029212547588718,2021-09,0.08081311696441007
5225029212547588718,2021-09,0.014107004885200626
5225029212547588718,2021-09,0.04129351311928547
5225029212547588718,2021-09,0.022088508288755165
5225029212547588718,2021-09,0.022463362188556137
7686361238195690925,2021-08,0.0007067781694785942
7686361238195690925,2021-09,0.0447822564642203
873223039957991123,2021-08,0.008386231381541168
873223039957991123,2021-09,0.003873964594125134
3027683745465216663,2021-08,0.0021644170229557307
2003221759676247813,2021-08,0.0004678097495599625
2322847438374159400,2021-08,0.002342324711142862
2322847438374159400,2021-09,0.00133087071709589
1696462947583294958,2021-08,0.0009829405252071233
1696462947583294958,2021-09,0.014250301808380847
6987942592445950913,2021-08,0.00015865091173872868
6987942592445950913,2021-08,0.0003186740459267092
6987942592445950913,2021-09,0.0006523073112926031
6987942592445950913,2021-09,0.00037326297991805953
8854680481766219396,2021-08,0.018655076746437852
8854680481766219396,2021-08,0.018655076746437852
8854680481766219396,2021-08,0.021227321295360393
8854680481766219396,2021-09,0.035514704560633964
2870813069335519467,2021-08,0.017866152608613017
2870813069335519467,2021-09,0.016068017039692437
1000372849175668062,2021-08,0.21382538562081502
1000372849175668062,2021-08,0.0035696407397553527
7031913170099381454,2021-08,0.0739379734142211
7031913170099381454,2021-09,0.19242421095835896
1106971614386004604,2021-08,0.003083783631845933
3472934456083131714,2021-08,0.016247111401124593
3472934456083131714,2021-08,0.0035578795984593636
3472934456083131714,2021-09,0.003093709212721117
2032592272238235730,2021-08,0.0036897341626819114
2032592272238235730,2021-09,0.003888898845008728
7637066986811047950,2021-08,0.0011930546737302199
7637066986811047950,2021-09,0.00032659369326007713
2347028805684088098,2021-08,6.531159541558457e-05
2347028805684088098,2021-08,7.962196665214627e-05
2347028805684088098,2021-09,0.0005277718070655732
2347028805684088098,2021-09,4.5660992814646236e-05
2347028805684088098,2021-09,7.41814862790324e-05
2347028805684088098,2021-09,1.721050290101996e-05
2347028805684088098,2021-09,2.5525218891842952e-05
2347028805684088098,2021-09,4.942132877973448e-05
2347028805684088098,2021-09,3.056617971682346e-05
2634859679238614382,2021-08,0.001121666230954009
2634859679238614382,2021-09,0.0009935359072981874
2634859679238614382,2021-09,0.0009048353629466169
2634859679238614382,2021-09,0.0010988001600997666
2634859679238614382,2021-09,0.001251987392969979
2634859679238614382,2021-09,0.0009935359072981874
1661240395903230676,2021-08,0.032180969304425634
1661240395903230676,2021-09,0.05837255030791942
1661240395903230676,2021-09,0.05837255030791942
8748106677402909629,2021-08,0.021100090863962737
4495596792165551705,2021-08,0.016302811365741476
6242636379248496392,2021-08,0.005891052403517158
6242636379248496392,2021-08,0.009091463916714258
6242636379248496392,2021-08,0.008202702124789185
6242636379248496392,2021-09,0.010236839463757474
6242636379248496392,2021-09,0.009985658911915479
2535803443850893368,2021-08,0.028301619597113074
7529137091657891207,2021-08,0.03216328319022257
5136739522477907100,2021-08,0.0047489598658838235
5136739522477907100,2021-08,0.004812056020434824
5136739522477907100,2021-09,0.0019424398509645911
5274777191770957761,2021-08,0.08197819406922072
5274777191770957761,2021-09,0.3454289095918975
5274777191770957761,2021-09,0.195805210091789
5091704914816802802,2021-08,0.02579894937720055
8919892162361650175,2021-08,0.0665659732147144
8919892162361650175,2021-09,0.08864714113204378
8919892162361650175,2021-09,0.08543699811961622
6547872039250784411,2021-08,0.5762529523436231
4465150716052427320,2021-08,0.0006140652221048688
4465150716052427320,2021-09,0.27588205667147864
4465150716052427320,2021-09,0.0017639990896507224
4465150716052427320,2021-09,0.0009089396772569626
4465150716052427320,2021-09,0.0006702126678010655
4465150716052427320,2021-09,0.0009954155326682603
4465150716052427320,2021-09,0.0010737746864080712
4465150716052427320,2021-09,0.0012602822695919646
4183921942053157552,2021-08,0.01511478570734651
4183921942053157552,2021-09,0.009017971019836396
4183921942053157552,2021-09,0.008855081087943742
963687627963462983,2021-08,0.00022640703332574435
2778852475840838977,2021-08,0.024743155220360632
8041261093764417881,2021-08,0.0002489251990655858
3538481420098344176,2021-08,0.10915106246973301
8174633018998080168,2021-08,0.0039787236885238525
39547025441582855,2021-08,0.0009461752419002887
39547025441582855,2021-09,0.016984547725809863
8901696535927078963,2021-08,0.0009660056973490763
8901696535927078963,2021-09,0.0013037795889828461
8901696535927078963,2021-09,0.001565705049994351
8901696535927078963,2021-09,0.0015314226191368836
8901696535927078963,2021-09,0.0015314226191368836
8901696535927078963,2021-09,0.0013673576991862285
6367769402148499693,2021-08,0.0018558006392239725
6367769402148499693,2021-09,0.0007954126113829865
8503092146854371576,2021-08,0.00023457483971141494
8503092146854371576,2021-09,0.00019478203847939462
8512214463586144353,2021-08,0.0005098623883460606
8512214463586144353,2021-09,0.0004496982719783075
8512214463586144353,2021-09,0.0008226799837114389
8512214463586144353,2021-09,0.0004294748779362096
9175443729335908760,2021-08,0.15407717797687662
3632378524835692731,2021-08,0.0005435416695530851
4018182555897034052,2021-08,0.000794937549872737
4018182555897034052,2021-08,0.000879611983282056
4018182555897034052,2021-09,0.0007361585187271569
4018182555897034052,2021-09,0.017539250469183396
6394935036014530592,2021-08,0.003730056731489525
6394935036014530592,2021-09,0.005313609958379122
5078307295214858596,2021-08,0.0031841239292651207
903093877129717133,2021-08,0.00038746592559866936
903093877129717133,2021-08,0.000367295802211157
903093877129717133,2021-08,0.00030599871466821483
903093877129717133,2021-08,0.0003920922995725896
903093877129717133,2021-09,0.0003478287698506596
903093877129717133,2021-09,0.00028041083400090754
903093877129717133,2021-09,0.0003593077854196888
903093877129717133,2021-09,0.000309655241276136
5042877476420217533,2021-08,0.006771153523976098
5042877476420217533,2021-08,0.003693968137336415
5042877476420217533,2021-09,0.0029389963218045007
2006188298374001315,2021-08,0.0024307441957401323
2006188298374001315,2021-09,0.004654408786368749
2006188298374001315,2021-09,0.004654408786368749
6926309382371178621,2021-08,0.0004714195454233428
5689766561863956319,2021-08,0.00665635007136949
5689766561863956319,2021-08,0.004516196009543355
5689766561863956319,2021-09,0.007027949322484054
5689766561863956319,2021-09,0.0065555064301273565
2773493808492482979,2021-08,0.0039896430049976795
2773493808492482979,2021-09,0.004567321919047966
6731795019313479942,2021-08,0.0009922944889196145
7451017400765373278,2021-08,0.00038771659219359757
7451017400765373278,2021-09,0.0005697826584445642
3357976326879346012,2021-08,0.05121312967498973
3357976326879346012,2021-09,0.02185542239685291
3357976326879346012,2021-09,0.02185542239685291
6722781660631652440,2021-08,0.007484451562787245
6056959220685085102,2021-08,0.002108235604072923
3281818438120834833,2021-08,0.0003102532607548244
3281818438120834833,2021-09,0.00030649847677342797
6055278873962623670,2021-08,0.017551277186237835
6055278873962623670,2021-08,0.020183212314133763
8374461419511631785,2021-08,0.004285472097102307
8374461419511631785,2021-09,0.0053310446425521305
8374461419511631785,2021-09,0.0053310446425521305
5301988619224057921,2021-08,0.6210905718988334
5301988619224057921,2021-09,0.4184893437145412
5301988619224057921,2021-09,0.41640661191310263
5301988619224057921,2021-09,0.8890171325735353
5301988619224057921,2021-09,0.8094361306281362
5301988619224057921,2021-09,0.40725256967957973
5301988619224057921,2021-09,0.40725256967957973
1235244772550233980,2021-08,0.0001562444651147775
1235244772550233980,2021-08,0.00014210998087921077
1235244772550233980,2021-09,0.00016461883308644315
1235244772550233980,2021-09,0.00014194831362525186
2780030912070252968,2021-08,0.16478352073483932
4090195792518021727,2021-08,0.005602573948665886
1778014915038250584,2021-08,0.059188225391927925
1778014915038250584,2021-09,0.06934097906050407
2658946240987854807,2021-08,0.00042382687449471566
2658946240987854807,2021-08,0.000541257696148686
2658946240987854807,2021-09,0.0011360289062743818
2658946240987854807,2021-09,0.0013965989597388595
4566920105008626302,2021-08,0.004348005933531175
7628167057144760589,2021-08,0.0008612934767074621
7628167057144760589,2021-09,0.001029746763979151
7628167057144760589,2021-09,0.000759917379298723
5893903674205161232,2021-08,0.0019391424823293568
4769364850030443969,2021-08,0.04289982157446694
3682570285558758138,2021-08,0.0050568641495063885
6950439982480713649,2021-08,0.10822536459992305
6950439982480713649,2021-09,0.0616823363262694
6950439982480713649,2021-09,0.0770361952308123
6784879562354696650,2021-08,0.017711421891817958
6784879562354696650,2021-09,0.004117473373846354
6784879562354696650,2021-09,0.005090527546088425
6784879562354696650,2021-09,0.004365677439173666
8464769152264029983,2021-08,0.008706149252292131
5735794880899687600,2021-08,0.001447910359144509
5735794880899687600,2021-09,0.0031664985821857946
5735794880899687600,2021-09,0.0032887357159609326
6545052034269841737,2021-08,0.0009145619685519166
6545052034269841737,2021-09,0.001551904969269445
6545052034269841737,2021-09,0.0013601322057638888
6545052034269841737,2021-09,0.11584809047810109
4762256864594914240,2021-08,0.0020363336652656295
4762256864594914240,2021-09,0.0023987000809956873
4762256864594914240,2021-09,0.0011811036539075574
4762256864594914240,2021-09,0.0025357770922287237
6865071386683133124,2021-08,0.018620691636635316
7105441534376526569,2021-08,0.026437541619327928
1574054842704135993,2021-08,0.00738520670293726
2335982750277990437,2021-08,0.03828187458468824
2335982750277990437,2021-09,0.024400143591491646
5511113649464808344,2021-08,0.06620952943100904
8400764778654490278,2021-08,0.05603463055386721
8400764778654490278,2021-09,0.03533058643583621
8400764778654490278,2021-09,0.11537029424520558
8400764778654490278,2021-09,0.032365208851260735
6546850858912852316,2021-08,0.9358266483874608
6546850858912852316,2021-08,0.3151103159047319
6546850858912852316,2021-09,0.2719470384587889
2432667449154431819,2021-08,0.5259347743710642
2432667449154431819,2021-09,0.39003056882718656
1368430815953333691,2021-08,0.21033196039335544
4717593620120611957,2021-08,0.006338650897900501
4717593620120611957,2021-09,0.0051665768043737004
15070048310374146,2021-08,0.0048672391466988455
15070048310374146,2021-08,0.0048672391466988455
15070048310374146,2021-09,0.009270357805165592
3668905663669864663,2021-08,0.0005099413874249605
3668905663669864663,2021-09,0.0005129030631301167
180672270337706285,2021-08,0.617159109309352
4532469127306079736,2021-08,0.002837667946784673
4532469127306079736,2021-09,0.03493790492168454
4532469127306079736,2021-09,0.0019077701320527277
4532469127306079736,2021-09,0.001599822073657678
9060693308980292489,2021-08,0.030581589705569692
9127318190908282126,2021-08,0.002985218952457747
4296149971687628223,2021-08,0.005203721356281631
4342146186255136598,2021-08,0.0011739749661613405
4342146186255136598,2021-09,0.001012802805020362
4342146186255136598,2021-09,0.0009414877106133159
3095408468798675621,2021-08,0.00030780890470373995
3095408468798675621,2021-09,0.00027399854919841457
3095408468798675621,2021-09,0.00047195961091238886
8083157716178259762,2021-09,0.0033532275971395816
3713742318997880410,2021-09,0.0009993161334415025
3713742318997880410,2021-09,0.0009925103300552417
1044568737046072781,2021-09,0.013072051662696113
1044568737046072781,2021-09,0.012014342749094235
798425422240919854,2021-09,0.00013812473139617788
798425422240919854,2021-09,0.0001592518556970017
798425422240919854,2021-09,0.00013812473139617788
5369576709077493659,2021-09,0.0019078421049873126
5369576709077493659,2021-09,0.0019078421049873126
5369576709077493659,2021-09,0.0019520132698774705
984915269987074754,2021-09,0.00030745756547783146
984915269987074754,2021-09,0.00022181339070996743
984915269987074754,2021-09,0.0035162753856368217
984915269987074754,2021-09,0.00030745756547783146
984915269987074754,2021-09,0.00022560156278227057
2678966409665050034,2021-09,0.0023815708912430116
2678966409665050034,2021-09,0.0007865050498840381
2678966409665050034,2021-09,0.0023815708912430116
2678966409665050034,2021-09,0.0024336109466968642
4898797487317475277,2021-09,0.004266532964815999
4898797487317475277,2021-09,0.00395193866635409
6547707428090179960,2021-09,0.019143102365526417
6547707428090179960,2021-09,0.017985533831548037
6547707428090179960,2021-09,0.014600006165599075
8859064595603380512,2021-09,0.0014282183929787916
1234611356650812259,2021-09,0.00632636711100891
4334472256949955221,2021-09,0.007552108022031684
4334472256949955221,2021-09,0.008855355827597404
2900002014851776114,2021-09,0.31606789624234066
6368582840625614207,2021-09,0.0008207150085014544
4993499380140734678,2021-09,0.005119480827591991
4993499380140734678,2021-09,0.005119480827591991
4993499380140734678,2021-09,0.007309347263909058
4993499380140734678,2021-09,0.007463482991374726
18719614953021044,2021-09,0.040754476588103314
3228830386980584958,2021-09,0.0008343686064219082
3228830386980584958,2021-09,0.0008343686064219082
5263285038415073073,2021-09,0.22724379060577052
5263285038415073073,2021-09,0.16954562156963854
5263285038415073073,2021-09,0.16954562156963854
3137879241768961145,2021-09,0.00020065527059946183
3137879241768961145,2021-09,0.00032691974265303386
4714214581184951490,2021-09,0.0012345414411288347
4714214581184951490,2021-09,0.002266427837215407
4714214581184951490,2021-09,0.0014215447179487931
4781265535199914934,2021-09,0.004413047883196565
4781265535199914934,2021-09,0.7918594470786592
4781265535199914934,2021-09,0.835577410215598
4919908458022265747,2021-09,0.007148651919887811
4919908458022265747,2021-09,0.008567505941993377
6198047969028248384,2021-09,0.0031589069963588456
6198047969028248384,2021-09,0.003052107787469873
5860276371789140450,2021-09,0.05941217651284125
5791518044186095039,2021-09,0.0006926336119247518
5791518044186095039,2021-09,0.0005712138354495231
4061297388883391410,2021-09,0.005486835808785135
2814790209436551216,2021-09,0.000957643389985872
2814790209436551216,2021-09,0.002104121989201782
2106875407768047316,2021-09,0.0010111141993538666
1192810733461560329,2021-09,0.0005358116127239382
1192810733461560329,2021-09,0.00022086811216419412
1192810733461560329,2021-09,0.00022086811216419412
1192810733461560329,2021-09,0.00032963296269209727
1192810733461560329,2021-09,0.0007995440055149659
1192810733461560329,2021-09,7.587342888539424e-05
5540361570968095722,2021-09,0.003270618285903888
8548612698724688238,2021-09,0.0025653252134280576
2455576782104041698,2021-09,0.011500096304143304
2455576782104041698,2021-09,0.010619313391203089
3421433989501830226,2021-09,0.021216804911507528
3421433989501830226,2021-09,0.021538390160438094
2233850024349336054,2021-09,0.00767192435842867
1088521227159442264,2021-09,0.0030017413252850455
1088521227159442264,2021-09,0.002396157342575698
1088521227159442264,2021-09,0.011890209706102571
1088521227159442264,2021-09,0.005141934565760908
1088521227159442264,2021-09,0.01273350139358954
1088521227159442264,2021-09,0.0061080663480792
1002362614649347438,2021-09,0.04189676004372148
1002362614649347438,2021-09,0.032012224705541124
6284433051333854194,2021-09,0.0034815317158542265
8828303152301461681,2021-09,0.02021977075747451
8828303152301461681,2021-09,0.07870447589780195
6927178425683104769,2021-09,0.00042706999932413703
6927178425683104769,2021-09,0.00040248928358450106
6927178425683104769,2021-09,0.00038055605793533713
7182085930008391174,2021-09,0.013275026982154768
7182085930008391174,2021-09,0.009107368839672897
7182085930008391174,2021-09,0.021714225313334858
8398000036517692656,2021-09,0.0014779692098420099
4972567100282306577,2021-09,0.0027215362256564446
4972567100282306577,2021-09,0.0027215362256564446
4972567100282306577,2021-09,0.002470176766082391
8750634267020436314,2021-09,0.16186121954220964
3275327267689584006,2021-09,0.24146491541426754
3275327267689584006,2021-09,0.7193674492368508
255928150711119413,2021-09,0.06970871770584301
4995679129936981612,2021-09,0.5591446584698516
4995679129936981612,2021-09,0.4950010170475909
7664272163315705419,2021-09,0.011625434294855129
7664272163315705419,2021-09,0.007665992123401761
1611146298923153842,2021-09,0.005303998760415148
1611146298923153842,2021-09,0.004038798303196992
8961924617442201922,2021-09,0.0027445095919060992
8961924617442201922,2021-09,0.01927438066781061
8961924617442201922,2021-09,0.0007623540099193193
7671566034617837932,2021-09,0.0005725032951379733
7671566034617837932,2021-09,0.0007161458683010799
6643358471662528195,2021-09,0.0002222257832855011
1698828605814171242,2021-09,0.0022925772228195767
1698828605814171242,2021-09,0.00271150181130165
1182975716201409626,2021-09,0.0017262186817760463
1182975716201409626,2021-09,0.0015693110587014173
1182975716201409626,2021-09,0.0010419168251325067
6871485876456523363,2021-09,0.004259780685334085
2549266739079962864,2021-09,0.6718001860951246
4537982850248578883,2021-09,0.001817955254723123
4537982850248578883,2021-09,0.0021011148891807645
4537982850248578883,2021-09,0.0018130410713372515
4537982850248578883,2021-09,0.0017888296255862129
5694881483989656694,2021-09,0.09906688639333609
1788369195969129749,2021-09,0.0040648757636095045
1788369195969129749,2021-09,0.007588800486389339
4235078665660987689,2021-09,0.004360457879417274
4235078665660987689,2021-09,0.004653575635224994
86110062990790869,2021-09,0.08428027443304742
86110062990790869,2021-09,0.007716743197614015
86110062990790869,2021-09,0.008856790974630093
2805743565496207618,2021-09,0.0889258073140496
2805743565496207618,2021-09,0.04537779929386212
4395946187332973749,2021-09,0.00024268120622379153
7920896580423665241,2021-09,0.006056769876837397
7920896580423665241,2021-09,0.02516255176983372
7920896580423665241,2021-09,0.004388435862905548
5271591321704178730,2021-09,0.12176792109728118
5271591321704178730,2021-09,0.0040938870987078406
8680213253228719510,2021-09,0.006091026919563012
3832944730982767714,2021-09,0.0033023150181671823
7231408738455755015,2021-09,0.8819284431380238
7231408738455755015,2021-09,0.6597603081914521
4537268360654655629,2021-09,0.02833215154641827
3888528635045328222,2021-09,0.07641651113345983
3888528635045328222,2021-09,0.026387453058585832
8552039412779393821,2021-09,0.005397867244797474
3970572142453508637,2021-09,0.14113292284208165
7367321179169390502,2021-09,0.5811427303505494
2380458252615213706,2021-09,0.016131054726240733
2380458252615213706,2021-09,0.016131054726240733
2380458252615213706,2021-09,0.015068724550653072
5055200744384119654,2021-09,0.004036366258697838
4858887739802767402,2021-09,0.0041191958371444605
2772135008486239291,2021-09,0.05542837569931537
6617479989097680138,2021-09,0.11527974279016084
6617479989097680138,2021-09,0.03205266985079994
1668564607105585557,2021-09,0.1477454487843693
345033315379741874,2021-09,0.006916756082603721
1423952977138155129,2021-09,0.0010343266798182938
1423952977138155129,2021-09,0.0010343266798182938
1637960623843047520,2021-09,0.2590540508722214
1637960623843047520,2021-09,0.01983528845141608
1637960623843047520,2021-09,0.019034286887260773
7444686668183702737,2021-09,0.001393732697005924
7444686668183702737,2021-09,0.0026808170999819353
7444686668183702737,2021-09,0.0013352534102063923
510795635145114083,2021-09,0.018051014919166244
510795635145114083,2021-09,0.022102406128902147
510795635145114083,2021-09,0.0235026416833577
510795635145114083,2021-09,0.0235026416833577
904857901361577913,2021-09,0.003372893611110448
7692335720341018458,2021-09,0.0027327421485471744
1507697130807703164,2021-09,4.978372194201906e-05
1507697130807703164,2021-09,4.978372194201906e-05
1507697130807703164,2021-09,4.978372194201906e-05
8706851346184249504,2021-09,0.0005276365056494214
9099218788416728596,2021-09,0.9320658124255438
3605652314611460806,2021-09,0.011185201926848763
5058298901476893676,2021-09,0.0016869051012204826
3555655653190753786,2021-09,0.10797743101495695
4392369075438855735,2021-09,0.009307187720241526
4392369075438855735,2021-09,0.009307187720241526
8255085612985072878,2021-09,0.0009725461208037454
8255085612985072878,2021-09,0.0009725461208037454
8255085612985072878,2021-09,0.0009725461208037454
8255085612985072878,2021-09,0.0009725461208037454
8255085612985072878,2021-09,0.0009725461208037454
1741049493106216406,2021-09,0.03306941332723199
5562543665139612149,2021-09,0.04987124854321661
5562543665139612149,2021-09,0.049006925995678546
7200509200540839533,2021-09,0.011255215747032954
5503391736465275980,2021-09,0.0024421307078767536
4662079815415471798,2021-09,0.06860633694956061
5931905128207886847,2021-09,0.04211119317304274
5795100045494475994,2021-09,0.004944458153653769
5503073374822479037,2021-09,0.0013410156850984386
5503073374822479037,2021-09,0.9674100108318154
5503073374822479037,2021-09,0.0011129012223989089
7750874287225529604,2021-09,0.006657337668962098
93982185886107798,2021-09,0.01656004656790217
93982185886107798,2021-09,0.017637544453405592
968400235888951633,2021-09,0.006042596927179352
7816319470107777265,2021-09,0.010479482881556732
7816319470107777265,2021-09,0.01278448173039157
3283662016127058429,2021-09,0.0017710539247377062
7815839878620843192,2021-09,0.7422027973427893
8385636129786687263,2021-09,0.0033628013738699705
9016049685460415544,2021-09,0.14545720577871707
1334091158016312155,2021-09,0.1005192289918962
4165983075385227812,2021-09,0.0017704279473366464
4165983075385227812,2021-09,0.0031900856567845083
4817816966382229074,2021-09,0.0010352078013172855
4817816966382229074,2021-09,0.0009502067553570648
4817816966382229074,2021-09,0.0010352078013172855
7120090169052575663,2021-09,0.0005282417183531104
7120090169052575663,2021-09,0.0006980745815974168
7120090169052575663,2021-09,0.0006980745815974168
5162621729453966204,2021-09,0.004236155109855559
1059336566956767188,2021-09,0.009319923008708774
4284129442855564250,2021-09,0.00472710664503089
5376084855227654309,2021-09,0.07688699057160601
5376084855227654309,2021-09,0.06748285515118099
7171835894416689226,2021-09,0.002530544497835399
234898976850399181,2021-09,0.007246785285754434
5448628641564935127,2021-09,0.010143532223262247
4043546053926060305,2021-09,0.4974926153950623
4541506527938763361,2021-09,0.017936858666345402
4541506527938763361,2021-09,0.02852338456833991
1874387298050692165,2021-09,0.002240796268857716
2119292203323657032,2021-09,0.00043063527799408084
2119292203323657032,2021-09,0.000511513701662111
8724731934863284019,2021-09,0.022160716739310436
8724731934863284019,2021-09,0.01727470054916895
7246466789138290692,2021-09,0.0035871360606002053
3812760626052898456,2021-09,0.0005753984984365881
5198904647759787695,2021-09,0.0012812351039260177
8511588642284189303,2021-09,0.07580963438593583
7462607259426026440,2021-09,0.003502089918718173
3022528659032597047,2021-09,0.00985690795377311
3022528659032597047,2021-09,0.005080185146789781
4228701400180066884,2021-09,0.6543470556245261
3915426102465954493,2021-09,0.002076428823506401
1040994770557588198,2021-09,0.12145403205979141
8313765100460016738,2021-09,0.45294173000932997
6134696632487351445,2021-09,0.0012262121552024856
6134696632487351445,2021-09,0.0013018670598672845
7215053254854713098,2021-09,0.003530758867550264
4614484019183480654,2021-09,0.0035061806655457893
3183208564139585182,2021-09,0.8489435229071346
6532139198609901627,2021-09,0.00040726157389378115
5706551050445880395,2021-09,0.3201229852015541
493667100055938118,2021-09,0.5378141760746448
4351694415353093046,2021-09,0.6452614200914581
5993765508162121762,2021-09,0.027638792692463526
3698481516392183789,2021-09,0.00044892600945242944
665505091521986356,2021-09,0.000999891928919365
4559400286159883576,2021-09,0.002200524668007145
7236776406341522879,2021-09,0.0017325176576065908
1414132620714431952,2021-09,0.37928846584607656
5255460548789019114,2021-09,0.008285701057646472
4095739077267179172,2021-09,0.9973465192836817
2988042199057874759,2021-09,0.006213220872119121
1462395707491634845,2021-09,0.7331961959903941
6721448955097663572,2021-09,0.0029371655624963276
6721448955097663572,2021-09,0.002447729587694042
4052557282157719526,2021-09,0.002684231015075117
8684964138237894839,2021-09,0.006871971934567785
4189705495607963592,2021-09,0.09859353616457447
3592461881055047578,2021-09,0.047947899352187434
2307201111381758912,2021-09,0.004260928226141858
5547032541615425352,2021-09,0.001147394723791772
7779268298304613772,2021-09,0.0028543388863923836
5574997762710520717,2021-09,0.004456878879582689
7754936094607992857,2021-09,0.0034286153342370867
8829286411654484379,2021-09,0.019701808786461272
6012031176108922616,2021-09,0.017590093498024578
8245393384938410770,2021-09,0.0013288493917005717
4660230701075746534,2021-09,0.22499710628356928
6352592240901579272,2021-09,0.006505681585553478
7060969657673447359,2021-09,0.03520394304137458
4512887927067894301,2021-09,0.03399077833928959
1467843186411742274,2021-09,0.014292202107233726
4937566934664053767,2021-09,0.11249932986229008
3386019519917828299,2021-09,0.0021906649759559685
4187591029730357479,2021-09,0.007674901628729583
6999154286942764669,2021-09,0.5381459071006012
6999154286942764669,2021-09,0.528287669375149
7662578945735335954,2021-09,0.38287887521299857
2493305884832539159,2021-09,0.05528251844176287
3592639146446725280,2021-09,0.04974821534100997
5758033363847724111,2021-09,8.564243759546558e-05
5558533999208199371,2021-09,0.37634060243695294
4950871361132426979,2021-09,0.001456349868050452
1717812527056208209,2021-09,0.1837046697505158
1396078312562623766,2021-09,0.03519856415008676
1951407691087813358,2021-09,0.000333316750329591
8536031856585966123,2021-09,0.024721163900336723
2444743522510084109,2021-09,0.0051260084661362195
4641659186059167709,2021-09,0.01073773444399368
4850722092974676955,2021-09,0.0022986383635269438
4850722092974676955,2021-09,0.0021856841742328953
4850722092974676955,2021-09,0.0026825283595797375
4850722092974676955,2021-10,0.0006451815335381476
4850722092974676955,2021-10,0.0006308640322887344
8409181491723988567,2021-09,0.0010695467111655039
8409181491723988567,2021-09,0.0010601323766243572
8409181491723988567,2021-10,0.007804896874080098
8409181491723988567,2021-10,0.00038635516850298637
1329553496073467331,2021-09,0.0006245857118142343
1329553496073467331,2021-10,0.000992505843622664
6615694774618628402,2021-09,0.017637453221340513
6615694774618628402,2021-09,0.011612424187283617
6615694774618628402,2021-09,0.00798900498318882
6615694774618628402,2021-09,0.013600171283988743
8829286411654484379,2021-09,0.014957559679310378
6964108750473070287,2021-09,0.0008341139122379169
6964108750473070287,2021-09,0.0009115503406594177
6964108750473070287,2021-09,0.0011655975541964604
6964108750473070287,2021-09,0.007218298588737582
6964108750473070287,2021-09,0.0009115503406594177
6964108750473070287,2021-09,0.0009699228227828793
6964108750473070287,2021-09,0.0008341139122379169
6964108750473070287,2021-09,0.0008341139122379169
6964108750473070287,2021-09,0.0009115503406594177
6964108750473070287,2021-09,0.0009115503406594177
6964108750473070287,2021-09,0.0009115503406594177
6964108750473070287,2021-09,0.0029998172893368298
6964108750473070287,2021-09,0.001753812990978661
6964108750473070287,2021-09,0.0011655975541964604
6964108750473070287,2021-09,0.0009115503406594177
6964108750473070287,2021-09,0.0011655975541964604
6964108750473070287,2021-09,0.0008341139122379169
6964108750473070287,2021-09,0.0011655975541964604
6964108750473070287,2021-09,0.0011655975541964604
6964108750473070287,2021-10,0.0016985618654699163
6964108750473070287,2021-10,0.0016799998243399949
6964108750473070287,2021-10,0.0016985618654699163
6964108750473070287,2021-10,0.0016799998243399949
6964108750473070287,2021-10,0.0013607668462989107
6964108750473070287,2021-10,0.0013607668462989107
6964108750473070287,2021-10,0.0013630180516766535
6964108750473070287,2021-10,0.0013630180516766535
6964108750473070287,2021-10,0.0013758065957224141
6964108750473070287,2021-10,0.0013607668462989107
6964108750473070287,2021-10,0.0013607668462989107
6964108750473070287,2021-10,0.0013607668462989107
6964108750473070287,2021-10,0.0013630180516766535
6964108750473070287,2021-10,0.0013607668462989107
6964108750473070287,2021-10,0.0025212085847916613
6964108750473070287,2021-10,0.002493679040460442
6964108750473070287,2021-10,0.0016712279595504534
6964108750473070287,2021-10,0.0016799998243399949
6964108750473070287,2021-10,0.0016985618654699163
6964108750473070287,2021-10,0.0013986603116697292
6964108750473070287,2021-10,0.0013986603116697292
6964108750473070287,2021-10,0.0013986603116697292
6964108750473070287,2021-10,0.0013758065957224141
6964108750473070287,2021-10,0.0013630180516766535
6964108750473070287,2021-10,0.0016827782677286069
6964108750473070287,2021-10,0.0016827782677286069
6964108750473070287,2021-10,0.0016827782677286069
3960251564708868781,2021-09,0.0014678229374323942
3960251564708868781,2021-09,0.0014083367899273573
3960251564708868781,2021-09,0.001750379635241724
3960251564708868781,2021-10,0.00045182315812467244
1000372849175668062,2021-09,0.0022363784567566267
1000372849175668062,2021-10,0.0042855747150797475
1000372849175668062,2021-10,0.004957877552155434
1308019675417057675,2021-09,0.009852484320430368
1308019675417057675,2021-09,0.00793313079964298
1308019675417057675,2021-10,0.007039079906656573
1308019675417057675,2021-10,0.00598200443583811
1308019675417057675,2021-10,0.0070789508648169686
4714214581184951490,2021-09,0.0008512604913898359
4714214581184951490,2021-09,0.0013891157370434827
4714214581184951490,2021-09,0.0014147369884268
4714214581184951490,2021-10,0.002799669958010528
2634859679238614382,2021-09,0.0008699493539157094
2634859679238614382,2021-09,0.0007228049192701655
2634859679238614382,2021-09,0.001118411543926525
2634859679238614382,2021-09,0.001118411543926525
2634859679238614382,2021-09,0.0009292809587293794
2634859679238614382,2021-10,0.0024276172647527063
2634859679238614382,2021-10,0.0036001764842387017
459290606780222306,2021-09,0.0005945181191457756
459290606780222306,2021-09,0.0005945181191457756
459290606780222306,2021-09,0.00035207516927101445
459290606780222306,2021-09,0.0006464935938785118
459290606780222306,2021-09,0.0003828632997566471
459290606780222306,2021-09,0.0005149614959988963
459290606780222306,2021-09,0.0003622313335414606
459290606780222306,2021-09,0.0003828632997566471
459290606780222306,2021-09,0.0006464935938785118
459290606780222306,2021-10,0.0004415058703080317
459290606780222306,2021-10,0.00024025782749563456
459290606780222306,2021-10,0.0004431023993770005
459290606780222306,2021-10,0.00044240847534743176
459290606780222306,2021-10,0.0002655437670410386
459290606780222306,2021-10,0.00024402489374122807
7708030042671632236,2021-09,0.0013165275550708609
7708030042671632236,2021-09,0.001451735506197484
6145308913889808258,2021-09,0.10129701975873427
6145308913889808258,2021-09,0.14121761296919375
3137879241768961145,2021-09,0.00023810538466719554
3137879241768961145,2021-09,0.00019062568444029026
3137879241768961145,2021-10,0.0010689431255275447
8919892162361650175,2021-09,0.07940743885235928
8919892162361650175,2021-09,0.08543699811961622
8919892162361650175,2021-10,0.12328296000280038
8919892162361650175,2021-10,0.10558598559132172
8919892162361650175,2021-10,0.07175761152760911
8919892162361650175,2021-10,0.12328296000280038
7141263195360679278,2021-09,0.013765568867349713
7141263195360679278,2021-09,0.016590433556106326
7141263195360679278,2021-09,0.01928679092252403
7141263195360679278,2021-09,0.020760179324569576
7141263195360679278,2021-10,0.018407139154129625
7141263195360679278,2021-10,0.014188532218958938
3285246914299291124,2021-09,0.0005207722255146058
3285246914299291124,2021-09,0.000537888764074312
3285246914299291124,2021-09,0.0005321594493404669
3285246914299291124,2021-09,0.0006038217403776622
3285246914299291124,2021-09,0.0005593074439457432
3285246914299291124,2021-10,0.0008269003110347424
3285246914299291124,2021-10,0.0009252223764178905
7910340581026492945,2021-09,0.0005416720069476742
7910340581026492945,2021-10,0.0011849699468784115
7910340581026492945,2021-10,0.0014814033250509344
7910340581026492945,2021-10,0.0010977249343184605
7268895973869107930,2021-09,0.005684134908640708
7268895973869107930,2021-09,0.005268166160369683
7268895973869107930,2021-09,0.007260264271385299
7268895973869107930,2021-09,0.010367278366490021
7268895973869107930,2021-09,0.005638952246872054
7268895973869107930,2021-10,0.008074824922027492
7268895973869107930,2021-10,0.008074824922027492
7268895973869107930,2021-10,0.0038330211889418438
274692171162531764,2021-09,0.009600988902727078
274692171162531764,2021-09,0.01259800227999229
274692171162531764,2021-09,0.014195182459005123
274692171162531764,2021-09,0.009770710169533781
274692171162531764,2021-09,0.009600988902727078
274692171162531764,2021-10,0.0081348705599693
274692171162531764,2021-10,0.010729445921180261
274692171162531764,2021-10,0.00844672857564765
274692171162531764,2021-10,0.00844672857564765
274692171162531764,2021-10,0.009368430059058986
7686361238195690925,2021-09,0.000653045175249856
7686361238195690925,2021-10,0.0010121130164279664
7686361238195690925,2021-10,0.028838171655365084
7686361238195690925,2021-10,0.000800011393806618
7686361238195690925,2021-10,0.0007908384097500839
5888474320320735000,2021-09,0.6462083472379985
5888474320320735000,2021-09,0.8051606524627503
5888474320320735000,2021-09,0.6462083472379985
5888474320320735000,2021-09,0.7332729516876595
5888474320320735000,2021-10,0.8077361027699212
5888474320320735000,2021-10,0.6899416640903755
5888474320320735000,2021-10,0.833948693011194
4045739494965095560,2021-09,0.00035860906156859063
4045739494965095560,2021-09,0.0006415337119656209
4045739494965095560,2021-09,0.0005900102730660784
4045739494965095560,2021-09,0.0005861692894484408
4045739494965095560,2021-09,0.0006559225341492965
4045739494965095560,2021-09,0.00060812294081948
4045739494965095560,2021-09,0.0005669310166961827
4045739494965095560,2021-09,0.0004714335133312459
4045739494965095560,2021-09,0.0005362625639136674
4045739494965095560,2021-09,0.0005362625639136674
4045739494965095560,2021-09,0.0003631143212186115
4045739494965095560,2021-09,0.0009559687267133308
4045739494965095560,2021-09,0.0006415337119656209
4045739494965095560,2021-09,0.00045465568153901326
4045739494965095560,2021-10,0.0003717646533417163
4045739494965095560,2021-10,0.0003767646584455574
4045739494965095560,2021-10,0.0006828040533492199
4045739494965095560,2021-10,0.00034525250182083065
4045739494965095560,2021-10,0.0003717646533417163
4045739494965095560,2021-10,0.0003717646533417163
4045739494965095560,2021-10,0.000357376657063268
4045739494965095560,2021-10,0.00039219480312189994
8926565682509268383,2021-09,0.0037790606302857068
8926565682509268383,2021-09,0.005040305552117601
8926565682509268383,2021-09,0.005320751912088664
8926565682509268383,2021-09,0.003437545367745448
8926565682509268383,2021-09,0.006817116744912977
8926565682509268383,2021-10,0.016951899895013098
8926565682509268383,2021-10,0.010765527617904332
8926565682509268383,2021-10,0.00989615452479371
8926565682509268383,2021-10,0.012398384512902321
8926565682509268383,2021-10,0.007375129000984192
8926565682509268383,2021-10,0.006703114744088153
8926565682509268383,2021-10,0.011703592826246011
8926565682509268383,2021-10,0.012177188425960581
6858769421191999702,2021-09,0.003482251783017833
6858769421191999702,2021-09,0.0058911656481401104
6858769421191999702,2021-09,0.004610818884842273
6858769421191999702,2021-09,0.0058911656481401104
6858769421191999702,2021-09,0.008988414617751394
3382624494518753363,2021-09,0.1458097446965616
3382624494518753363,2021-09,0.635728445815494
3382624494518753363,2021-09,0.1354247314600776
3382624494518753363,2021-09,0.13837471597532744
3382624494518753363,2021-09,0.17136195209488023
8213533889694327948,2021-09,4.4963348216372366e-05
8213533889694327948,2021-09,4.2136899491115514e-05
8213533889694327948,2021-09,4.8616665745894146e-05
8213533889694327948,2021-09,4.046522591096465e-05
8213533889694327948,2021-10,0.002480675264455651
8213533889694327948,2021-10,6.856960509715744e-05
1551531256789550891,2021-09,0.0003625729803713944
1551531256789550891,2021-09,0.000558550387094935
1551531256789550891,2021-09,0.000558550387094935
1551531256789550891,2021-09,0.0008541021490876948
1551531256789550891,2021-10,0.0003023534594349091
8939476669690489534,2021-09,0.0010152177851527975
8939476669690489534,2021-09,0.0011111937307241295
8939476669690489534,2021-09,0.002083734716617342
8939476669690489534,2021-10,0.0033775623536028117
5611787644735474299,2021-09,0.000910046231361931
5611787644735474299,2021-09,0.0006295777657921814
5611787644735474299,2021-09,0.0007886332833389121
5611787644735474299,2021-09,0.00041141566282550134
5611787644735474299,2021-10,0.0005587926066798502
5611787644735474299,2021-10,0.00026355004640320797
1956406515279457110,2021-09,0.022435098513269337
1956406515279457110,2021-09,0.03091389102275515
1956406515279457110,2021-10,0.01050714041903944
1956406515279457110,2021-10,0.012732584909198258
984915269987074754,2021-09,0.00023709179696917464
984915269987074754,2021-09,0.00020089538056414084
984915269987074754,2021-09,0.000144287544610607
984915269987074754,2021-10,0.00034567419845424856
984915269987074754,2021-10,0.0002468144678080433
984915269987074754,2021-10,0.00017877787508936854
984915269987074754,2021-10,0.0003017432853642635
968199235777440720,2021-09,0.0020136918355276082
968199235777440720,2021-09,0.0019213184368358897
968199235777440720,2021-09,0.0013331392726569705
968199235777440720,2021-09,0.002183730342747557
968199235777440720,2021-09,0.0038244045985150864
968199235777440720,2021-09,0.003739798945849781
968199235777440720,2021-09,0.0012455986478890758
968199235777440720,2021-10,0.0003093928958192658
968199235777440720,2021-10,0.0004921570260490151
968199235777440720,2021-10,0.00025000080516386197
968199235777440720,2021-10,0.0010927326340336406
8173830874846355280,2021-09,0.0002097050525425559
8173830874846355280,2021-09,0.0002545926513077104
8173830874846355280,2021-09,0.00013151476441498989
8173830874846355280,2021-09,0.0001302785584499843
8173830874846355280,2021-09,0.00013151476441498989
8173830874846355280,2021-09,0.00014129777478921437
8173830874846355280,2021-09,0.00012802752605816728
8173830874846355280,2021-09,0.00013093234835154536
8173830874846355280,2021-09,0.00012016086913733888
8173830874846355280,2021-09,0.0001333610156165259
8173830874846355280,2021-10,0.0003035448584602747
8173830874846355280,2021-10,0.0003043666647935792
8173830874846355280,2021-10,0.0003102774819715988
8173830874846355280,2021-10,0.00030668597651619474
8173830874846355280,2021-10,0.00031187156080558727
8173830874846355280,2021-10,0.000743539275697033
8173830874846355280,2021-10,0.0003043666647935792
8173830874846355280,2021-10,0.0003102774819715988
8173830874846355280,2021-10,0.04583447665332483
8173830874846355280,2021-10,0.00030668597651619474
8173830874846355280,2021-10,0.0003102774819715988
8173830874846355280,2021-10,0.000743539275697033
8173830874846355280,2021-10,0.0003035448584602747
8173830874846355280,2021-10,0.0003035448584602747
3634047863995720708,2021-09,0.00283628907347446
3634047863995720708,2021-09,0.0061005100109768964
3634047863995720708,2021-09,0.0022428812429964
3634047863995720708,2021-10,0.003753283134874142
3634047863995720708,2021-10,0.0027363365515849325
3634047863995720708,2021-10,0.003753283134874142
3634047863995720708,2021-10,0.003753283134874142
1253437108265925705,2021-09,0.000590532793825891
1253437108265925705,2021-09,0.0004510603465520678
1253437108265925705,2021-09,0.0004916253311869708
1253437108265925705,2021-09,0.0004998803228817531
5373371196946859811,2021-09,0.012019255714863175
5373371196946859811,2021-09,0.012019255714863175
5373371196946859811,2021-10,0.02519768435100829
5373371196946859811,2021-10,0.02519768435100829
5373371196946859811,2021-10,0.027346376580326445
5373371196946859811,2021-10,0.025180616523288794
2493688222671282470,2021-09,0.004324125471099102
2493688222671282470,2021-09,0.00382935298722839
2493688222671282470,2021-10,0.004611256730641778
5481711897502154955,2021-09,0.0038189496236931083
5481711897502154955,2021-09,0.0038189496236931083
5481711897502154955,2021-09,0.005569894044584654
5481711897502154955,2021-09,0.0038189496236931083
5481711897502154955,2021-10,0.0058389021745965325
3095686599956852697,2021-09,0.0011580949062207813
3095686599956852697,2021-09,0.0014203391847149912
3095686599956852697,2021-09,0.0014203391847149912
3095686599956852697,2021-09,0.0008418564234318992
3095686599956852697,2021-09,0.0016787864497450232
3095686599956852697,2021-09,0.001869842478439669
3095686599956852697,2021-10,0.001793174072503194
3095686599956852697,2021-10,0.0013776966648821087
3095686599956852697,2021-10,0.0013576183764784215
6471448246085839373,2021-09,0.001645733757372523
6471448246085839373,2021-09,0.0016023069956481637
6471448246085839373,2021-09,0.001363498635594649
6471448246085839373,2021-10,0.0015236747029222944
4018182555897034052,2021-09,0.0004893176146468885
4018182555897034052,2021-09,0.00034627222492587416
4018182555897034052,2021-09,0.0004894340611716549
4018182555897034052,2021-09,0.00034627222492587416
4018182555897034052,2021-10,0.000609441774357365
4018182555897034052,2021-10,0.000609441774357365
4018182555897034052,2021-10,0.0005182311207568181
4018182555897034052,2021-10,0.0004350832165914644
4018182555897034052,2021-10,0.0007456609691051948
4863405965754103821,2021-09,0.007244915479123593
4863405965754103821,2021-09,0.006768951142239827
4863405965754103821,2021-09,0.006822912328929046
4863405965754103821,2021-10,0.015141383669043903
4863405965754103821,2021-10,0.014001534662109214
4863405965754103821,2021-10,0.022064102738547628
6617479989097680138,2021-09,0.058017112977716084
6617479989097680138,2021-09,0.03787636808050652
6617479989097680138,2021-10,0.07539909819113733
3140918607946425426,2021-09,0.0039382242282367235
3140918607946425426,2021-09,0.0039382242282367235
3140918607946425426,2021-09,0.0039382242282367235
3140918607946425426,2021-09,0.004073002075030253
5880041582322293710,2021-09,0.00047122824067420037
5880041582322293710,2021-09,0.0034645349820734386
5880041582322293710,2021-09,0.0007080824467272413
5880041582322293710,2021-09,0.0013729348297104255
5880041582322293710,2021-09,0.0013729348297104255
5880041582322293710,2021-09,0.0014244182036272823
5880041582322293710,2021-10,0.00047201555705472656
5880041582322293710,2021-10,0.0006803656173177687
9184785003280841216,2021-09,0.0030939784774677193
9184785003280841216,2021-09,0.003018216584560635
9184785003280841216,2021-09,0.0021568082960254776
9184785003280841216,2021-09,0.002501184831604006
9184785003280841216,2021-09,0.002864493273358265
9184785003280841216,2021-09,0.0031981487729648263
9184785003280841216,2021-10,0.0017948162929057258
9184785003280841216,2021-10,0.002304037981520148
3281617395243454427,2021-09,0.014143220385606588
3281617395243454427,2021-09,0.024278017358767744
6053752047545474051,2021-09,0.001943744103467833
6053752047545474051,2021-09,0.0021936252933623113
6053752047545474051,2021-09,0.0016447780509438337
6053752047545474051,2021-09,0.0024342272350376727
6053752047545474051,2021-09,0.0009218559966592073
6053752047545474051,2021-10,0.007699507247207749
6053752047545474051,2021-10,0.003595045762572412
6053752047545474051,2021-10,0.005932983408833587
6053752047545474051,2021-10,0.005932983408833587
6053752047545474051,2021-10,0.005172601281711069
6053752047545474051,2021-10,0.003595045762572412
6053752047545474051,2021-10,0.0072681381914934525
6053752047545474051,2021-10,0.004159336037762169
6053752047545474051,2021-10,0.005932983408833587
6053752047545474051,2021-10,0.005932983408833587
6053752047545474051,2021-10,0.004159336037762169
5714540197488862003,2021-09,0.040566654722076524
5714540197488862003,2021-09,0.047448576847504725
5714540197488862003,2021-10,0.15944535346774552
7751080728852739823,2021-09,0.00036900346040653133
7751080728852739823,2021-09,0.00020831786780784006
7751080728852739823,2021-10,0.00262053969148968
7751080728852739823,2021-10,0.0026183244577955675
7751080728852739823,2021-10,0.0025032011217875814
7751080728852739823,2021-10,0.001753914529109242
7751080728852739823,2021-10,0.0029151607528103266
7751080728852739823,2021-10,0.0029151607528103266
7751080728852739823,2021-10,0.0013586032031199036
7751080728852739823,2021-10,0.001292210515022674
1788369195969129749,2021-09,0.0014122753346978729
1788369195969129749,2021-09,0.00371399336137918
1788369195969129749,2021-10,0.0018521768358535256
1708019696828098378,2021-09,0.4471313883792922
1708019696828098378,2021-09,0.4471313883792922
1708019696828098378,2021-09,0.4471313883792922
1708019696828098378,2021-09,0.526384577898864
1708019696828098378,2021-09,0.4471313883792922
1708019696828098378,2021-10,0.8939265979070377
1708019696828098378,2021-10,0.5984306878887499
1708019696828098378,2021-10,0.5354477369620315
819552547620904652,2021-09,0.9149355337635715
819552547620904652,2021-09,0.10828552517515469
819552547620904652,2021-10,0.07417996285444685
819552547620904652,2021-10,0.08523794506294087
819552547620904652,2021-10,0.07417996285444685
819552547620904652,2021-10,0.07417996285444685
1192810733461560329,2021-09,6.47375155594331e-05
1192810733461560329,2021-09,0.0002960258837901466
5430917218683822543,2021-09,0.008269543835690276
5430917218683822543,2021-09,0.010030060748071185
5430917218683822543,2021-10,0.006972613520385925
2451708306555441014,2021-09,0.0028816119066510408
2451708306555441014,2021-09,0.006435482339474556
2451708306555441014,2021-09,0.004081475182745941
2451708306555441014,2021-09,0.004944261322675913
2451708306555441014,2021-10,0.0032532672596545633
5487870288449327165,2021-09,0.01645079554151716
8529899700094903171,2021-09,0.0014617050790621748
8529899700094903171,2021-09,0.00198093692301366
8529899700094903171,2021-09,0.0016199179497093303
8529899700094903171,2021-09,0.0016199179497093303
8529899700094903171,2021-09,0.0014617050790621748
8529899700094903171,2021-09,0.001449405623840937
8529899700094903171,2021-09,0.0015453191681683973
8529899700094903171,2021-09,0.0015453191681683973
8529899700094903171,2021-09,0.0014617050790621748
8529899700094903171,2021-09,0.0014617050790621748
8529899700094903171,2021-09,0.0014617050790621748
8529899700094903171,2021-09,0.0014617050790621748
8529899700094903171,2021-09,0.0014617050790621748
8529899700094903171,2021-09,0.0016199179497093303
8529899700094903171,2021-09,0.0014617050790621748
8529899700094903171,2021-10,0.0018836359135398584
8529899700094903171,2021-10,0.0019745343094520044
8529899700094903171,2021-10,0.0019745343094520044
8529899700094903171,2021-10,0.0018836359135398584
8529899700094903171,2021-10,0.0018836359135398584
8529899700094903171,2021-10,0.0017817488573516678
8529899700094903171,2021-10,0.0018291884469605704
8529899700094903171,2021-10,0.0018291884469605704
8529899700094903171,2021-10,0.0018287916485479408
8529899700094903171,2021-10,0.003298162945284767
660382477567765256,2021-09,0.009687493592749657
660382477567765256,2021-09,0.010221715024418933
660382477567765256,2021-09,0.00938251542268946
660382477567765256,2021-10,0.011098035024686388
660382477567765256,2021-10,0.012623765321837078
7325545718770538459,2021-09,0.00018000255195419582
7325545718770538459,2021-09,0.0001397330232041305
7325545718770538459,2021-09,0.00010885480269120085
7325545718770538459,2021-09,0.0001550578252693962
7325545718770538459,2021-09,0.00011702863180177052
7325545718770538459,2021-09,0.00010820875853733955
7325545718770538459,2021-09,0.000257227725850065
7325545718770538459,2021-09,0.00012636761741537564
7325545718770538459,2021-09,0.00013310157449632556
7325545718770538459,2021-10,0.00018916042568299456
7325545718770538459,2021-10,0.00018916042568299456
7325545718770538459,2021-10,0.0005851933079379541
7325545718770538459,2021-10,0.00043777912418789734
7325545718770538459,2021-10,0.00023380411015885624
7325545718770538459,2021-10,0.00032253400139527476
7325545718770538459,2021-10,0.00032253400139527476
7992317448197179816,2021-09,0.008169832545258531
7992317448197179816,2021-10,0.01246461458045547
7992317448197179816,2021-10,0.011915812538810078
7992317448197179816,2021-10,0.007703142675482517
1533755281771668509,2021-09,9.95418483591273e-05
1533755281771668509,2021-09,8.619093728048006e-05
1533755281771668509,2021-10,9.760199038615484e-05
4495596792165551705,2021-09,0.03268175219553688
4495596792165551705,2021-10,0.011739748160741604
2407532237672094312,2021-09,0.002981931007500109
2407532237672094312,2021-09,0.005909846331178785
2407532237672094312,2021-09,0.0033586490472043637
2407532237672094312,2021-09,0.0026753691663431766
2407532237672094312,2021-10,0.05827131894511873
2407532237672094312,2021-10,0.05870967424301904
2407532237672094312,2021-10,0.6736235752724474
2407532237672094312,2021-10,0.051747427088773744
4850936440093751199,2021-09,0.007454623060648159
4850936440093751199,2021-09,0.006266698306209507
4850936440093751199,2021-09,0.007211675720868294
4850936440093751199,2021-09,0.005277215670191727
4850936440093751199,2021-09,0.0067676820552805775
4850936440093751199,2021-09,0.007211675720868294
4850936440093751199,2021-10,0.0396965333066263
4850936440093751199,2021-10,0.0025643254358006166
4850936440093751199,2021-10,0.005416159196790086
4850936440093751199,2021-10,0.005508789799321602
7770458886439606839,2021-09,0.16368877646520705
7770458886439606839,2021-09,0.1463991080027316
7770458886439606839,2021-09,0.1463991080027316
7770458886439606839,2021-09,0.13526278671172406
7770458886439606839,2021-09,0.14195496207052052
7770458886439606839,2021-09,0.13526278671172406
7770458886439606839,2021-10,0.09061639778557803
7770458886439606839,2021-10,0.07302395636511647
2346482557594782345,2021-09,0.011194543310923052
2346482557594782345,2021-09,0.013941092678357634
2346482557594782345,2021-09,0.014284540468871619
2346482557594782345,2021-09,0.013803551036148956
2346482557594782345,2021-09,0.01332982059241112
2346482557594782345,2021-09,0.013803551036148956
2346482557594782345,2021-10,0.008719783788483067
2346482557594782345,2021-10,0.008719783788483067
2346482557594782345,2021-10,0.008719783788483067
2346482557594782345,2021-10,0.007012619166743387
2346482557594782345,2021-10,0.008125013779776208
2346482557594782345,2021-10,0.01551232553329228
2346482557594782345,2021-10,0.008260859500397271
3454481508285917519,2021-09,0.012479659092148265
3454481508285917519,2021-09,0.013563628903925784
3454481508285917519,2021-09,0.012479659092148265
5162636608292907782,2021-09,0.024306593940977735
5162636608292907782,2021-09,0.023850679454986125
5162636608292907782,2021-09,0.024306593940977735
5162636608292907782,2021-09,0.5253784171912527
5162636608292907782,2021-10,0.02031886025841125
5162636608292907782,2021-10,0.026961370377146226
6916556752218696485,2021-09,0.011170506482516007
6916556752218696485,2021-09,0.008063308156408197
6916556752218696485,2021-09,0.006343366260151688
6916556752218696485,2021-09,0.015810150748231402
6916556752218696485,2021-09,0.013585148509539431
6916556752218696485,2021-10,0.004141321268943926
6916556752218696485,2021-10,0.00572655545981144
6916556752218696485,2021-10,0.004881796010548326
6916556752218696485,2021-10,0.00779656816424311
6916556752218696485,2021-10,0.005085070243159038
6916556752218696485,2021-10,0.00779656816424311
8552039412779393821,2021-09,0.009949592307228325
8350724667410677464,2021-09,0.026516035177277075
8350724667410677464,2021-09,0.015221081642612133
8350724667410677464,2021-09,0.029694538968547367
8350724667410677464,2021-09,0.02555195796968707
8350724667410677464,2021-10,0.28514181664581995
5613825020130267729,2021-09,0.0019234654458292295
5613825020130267729,2021-09,0.0022969713512603755
5613825020130267729,2021-10,0.0015643009494299665
5613825020130267729,2021-10,0.0015722697623375209
5613825020130267729,2021-10,0.0015722697623375209
1477629972594346481,2021-09,0.01612896476020906
1477629972594346481,2021-09,0.01612896476020906
1477629972594346481,2021-10,0.05129690206648572
1543875954928694094,2021-09,0.005046135121190036
1543875954928694094,2021-09,0.005046135121190036
1543875954928694094,2021-09,0.004684013853979733
1543875954928694094,2021-10,0.008555852608573212
1543875954928694094,2021-10,0.004582307316055832
4392369075438855735,2021-09,0.008980032216581007
4392369075438855735,2021-10,0.009099417148931763
4392369075438855735,2021-10,0.009803054179339899
8784237149961904,2021-09,0.001572472940678595
8784237149961904,2021-10,0.002645335214969196
8784237149961904,2021-10,0.0016250278628965487
5761480994209806499,2021-09,0.00029490642977879686
5761480994209806499,2021-09,0.00015472341127763885
5761480994209806499,2021-09,0.0002613389189943153
5761480994209806499,2021-09,0.00014967560325762058
5761480994209806499,2021-09,0.00016442308202825156
5761480994209806499,2021-09,0.00024659341706713775
5761480994209806499,2021-09,0.00036976532985931535
5761480994209806499,2021-09,0.00014967560325762058
5761480994209806499,2021-09,0.00017524417218207268
5761480994209806499,2021-09,0.00020842634228606773
5761480994209806499,2021-09,0.0003588802185973502
5761480994209806499,2021-09,0.0003359239199461591
5761480994209806499,2021-09,0.0003588802185973502
5761480994209806499,2021-09,0.00016414772674890356
5761480994209806499,2021-09,0.00015472341127763885
5761480994209806499,2021-09,0.00015472341127763885
5761480994209806499,2021-09,0.00019218216762092256
5761480994209806499,2021-09,0.00042458673794574587
5761480994209806499,2021-10,0.0002366428466259093
5761480994209806499,2021-10,0.0002797360861630171
5761480994209806499,2021-10,0.00022791956818757927
5761480994209806499,2021-10,0.000235203837334455
5761480994209806499,2021-10,0.0003740536074356386
5761480994209806499,2021-10,0.0005136425614847772
5761480994209806499,2021-10,0.0002585795827639462
5761480994209806499,2021-10,0.0002585795827639462
5761480994209806499,2021-10,0.00022791956818757927
5761480994209806499,2021-10,0.00020513394608799644
5761480994209806499,2021-10,0.00021205168942370898
5761480994209806499,2021-10,0.0002797360861630171
5761480994209806499,2021-10,0.00021205168942370898
5761480994209806499,2021-10,0.0003740536074356386
5761480994209806499,2021-10,0.00012277869668403832
5761480994209806499,2021-10,0.00037074269112857675
5761480994209806499,2021-10,0.00028728632891152376
5761480994209806499,2021-10,0.00020513394608799644
5761480994209806499,2021-10,0.00020513394608799644
5761480994209806499,2021-10,0.00045611137212352843
6582676833651678345,2021-09,0.00010277799135362017
6582676833651678345,2021-09,0.0001609801870978677
6582676833651678345,2021-09,0.00019118171767591247
6582676833651678345,2021-09,0.00029684109326103724
6582676833651678345,2021-09,0.0002985657873547607
6582676833651678345,2021-09,0.0001987727566565688
6582676833651678345,2021-10,6.402733903048869e-05
6582676833651678345,2021-10,0.0009803050922036285
6582676833651678345,2021-10,0.00010516117976773326
6582676833651678345,2021-10,0.00010516117976773326
6582676833651678345,2021-10,0.00010093626660733576
7403979270048469991,2021-09,0.0008906412818847671
7403979270048469991,2021-09,0.0012792870879425257
696014079855281037,2021-09,0.009453997961745257
696014079855281037,2021-09,0.014739269132850882
696014079855281037,2021-09,0.020881176304063363
696014079855281037,2021-10,0.02746896775826663
696014079855281037,2021-10,0.01808360993760646
696014079855281037,2021-10,0.014237706032797748
696014079855281037,2021-10,0.012760061626672545
696014079855281037,2021-10,0.012450222904766417
1156053485989336481,2021-09,0.022303762699984818
1156053485989336481,2021-09,0.02330015875991431
1156053485989336481,2021-09,0.022180192087733062
1156053485989336481,2021-09,0.022180192087733062
1156053485989336481,2021-09,0.022180192087733062
1156053485989336481,2021-09,0.022180192087733062
1156053485989336481,2021-09,0.022508693817621588
1156053485989336481,2021-09,0.022180192087733062
1156053485989336481,2021-09,0.024461204564351576
1156053485989336481,2021-09,0.022303762699984818
1156053485989336481,2021-09,0.022303762699984818
1156053485989336481,2021-09,0.02263405222011798
1156053485989336481,2021-09,0.022303762699984818
1156053485989336481,2021-09,0.02263405222011798
1156053485989336481,2021-09,0.02263405222011798
1156053485989336481,2021-09,0.022303762699984818
1156053485989336481,2021-09,0.022303762699984818
1156053485989336481,2021-09,0.02263405222011798
1156053485989336481,2021-09,0.022303762699984818
1156053485989336481,2021-09,0.02263405222011798
1156053485989336481,2021-09,0.022303762699984818
1156053485989336481,2021-09,0.023023358681239076
1156053485989336481,2021-09,0.02263405222011798
1156053485989336481,2021-09,0.022303762699984818
1156053485989336481,2021-09,0.024461204564351576
1156053485989336481,2021-09,0.02263405222011798
1156053485989336481,2021-09,0.02263405222011798
1156053485989336481,2021-09,0.022508693817621588
1156053485989336481,2021-09,0.022895894620667892
1156053485989336481,2021-09,0.022895894620667892
1156053485989336481,2021-09,0.022979977591080045
1156053485989336481,2021-09,0.02330015875991431
1156053485989336481,2021-09,0.022180192087733062
1156053485989336481,2021-09,0.022180192087733062
1156053485989336481,2021-09,0.022303762699984818
1156053485989336481,2021-09,0.02263405222011798
1156053485989336481,2021-09,0.023429819438723843
1156053485989336481,2021-09,0.022303762699984818
1156053485989336481,2021-09,0.02263405222011798
1156053485989336481,2021-10,0.022490223576154773
1156053485989336481,2021-10,0.020991695239759897
1156053485989336481,2021-10,0.02300447605384515
1156053485989336481,2021-10,0.022615481491687597
1156053485989336481,2021-10,0.022615481491687597
1156053485989336481,2021-10,0.12172062861304928
1156053485989336481,2021-10,0.022615481491687597
1156053485989336481,2021-10,0.02300447605384515
1156053485989336481,2021-10,0.022615481491687597
1156053485989336481,2021-10,0.7603299162628986
1156053485989336481,2021-10,0.35707991306114034
1156053485989336481,2021-10,0.02300447605384515
1156053485989336481,2021-10,0.02300447605384515
1156053485989336481,2021-10,0.020081486217786066
1156053485989336481,2021-10,0.0228771140851052
1156053485989336481,2021-10,0.022490223576154773
1156053485989336481,2021-10,0.023488572175917256
1156053485989336481,2021-10,0.022615481491687597
1156053485989336481,2021-10,0.02228545678753524
1156053485989336481,2021-10,0.022615481491687597
1156053485989336481,2021-10,0.0234106114402437
1156053485989336481,2021-10,0.022817182041064657
1156053485989336481,2021-10,0.022615481491687597
1156053485989336481,2021-10,0.022615481491687597
1156053485989336481,2021-10,0.022490223576154773
1156053485989336481,2021-10,0.0228771140851052
1156053485989336481,2021-10,0.022490223576154773
1156053485989336481,2021-10,0.022490223576154773
1156053485989336481,2021-10,0.022490223576154773
7613717984547031729,2021-09,0.0006634152572214165
7613717984547031729,2021-09,0.0008759007782680321
7613717984547031729,2021-10,0.0009997483463234926
7613717984547031729,2021-10,0.0010796376742756833
5082813456193598086,2021-09,0.003504668662076336
5082813456193598086,2021-10,0.006964524330955866
5082813456193598086,2021-10,0.002992761948817043
4235078665660987689,2021-09,0.00426693728086579
4235078665660987689,2021-09,0.00442933660617921
4235078665660987689,2021-09,0.004010532806788151
4235078665660987689,2021-09,0.004390651934905161
4235078665660987689,2021-10,0.0036737099745766688
4235078665660987689,2021-10,0.0031551515943160496
4235078665660987689,2021-10,0.003733773824613875
5462970244186515758,2021-09,0.0004198172654366363
5462970244186515758,2021-09,0.00042277812216292486
5462970244186515758,2021-09,0.000374945933054385
5462970244186515758,2021-09,0.000411685849661208
5462970244186515758,2021-09,0.00042277812216292486
5462970244186515758,2021-10,0.00038991122666253683
5462970244186515758,2021-10,0.00038991122666253683
5462970244186515758,2021-10,0.011493287290319018
5462970244186515758,2021-10,0.0006016284176792185
5462970244186515758,2021-10,0.0006025931843336052
5462970244186515758,2021-10,0.00037758126802743265
5462970244186515758,2021-10,0.0005041454979507495
1343530446996409207,2021-09,0.0011325174498677067
1343530446996409207,2021-09,0.0009914749782869777
1343530446996409207,2021-09,0.0018197177628257884
1343530446996409207,2021-10,0.0017623232872697621
1044568737046072781,2021-09,0.01985491493529613
1044568737046072781,2021-09,0.019110849395426153
1044568737046072781,2021-09,0.01875758253090453
1044568737046072781,2021-10,0.06030699789450893
7707459425750676368,2021-09,0.02939702164328624
7707459425750676368,2021-09,0.7080612051016171
7707459425750676368,2021-09,0.02939702164328624
7707459425750676368,2021-10,0.026274446617251465
7707459425750676368,2021-10,0.02824958929389503
761746217261797478,2021-09,0.0002223941525521391
761746217261797478,2021-09,0.00015324744446234547
761746217261797478,2021-10,0.00015698532514017913
761746217261797478,2021-10,0.00016564558502362881
1366416810235233769,2021-09,0.0022341788262511078
1366416810235233769,2021-09,0.002186300658936787
1366416810235233769,2021-10,0.0007563948016225695
4980232475645447238,2021-09,0.0011207733760651868
4980232475645447238,2021-10,0.0006725629888131192
2870813069335519467,2021-09,0.016778130685374718
7269781193318890653,2021-09,0.0006102526263481326
7269781193318890653,2021-10,0.002358279875374691
7269781193318890653,2021-10,0.0008152516021889539
7269781193318890653,2021-10,0.0006041051494300926
9099218788416728596,2021-09,0.9058070704255657
9099218788416728596,2021-10,0.9209305093711504
2532435113844289043,2021-09,0.0006494385770959422
2532435113844289043,2021-09,0.0006013009857373064
2532435113844289043,2021-09,0.0005021683344244517
2532435113844289043,2021-09,0.000458801654698133
2532435113844289043,2021-09,0.0006013009857373064
2532435113844289043,2021-09,0.0005021683344244517
2532435113844289043,2021-09,0.0005133004155539578
2532435113844289043,2021-09,0.0006013009857373064
2532435113844289043,2021-10,0.0002669254120731021
2532435113844289043,2021-10,0.00040150166410195124
2532435113844289043,2021-10,0.0002635122751587472
2532435113844289043,2021-10,0.0002635122751587472
2532435113844289043,2021-10,0.00025289084733178555
2532435113844289043,2021-10,0.0002635122751587472
2532435113844289043,2021-10,0.0002669254120731021
7815839878620843192,2021-09,0.7608692461014839
7815839878620843192,2021-10,0.7309258979025857
3592461881055047578,2021-09,0.04356432487487194
3592461881055047578,2021-10,0.06122088698793304
107343823625119033,2021-09,0.0037959833064429263
107343823625119033,2021-09,0.0037959833064429263
107343823625119033,2021-09,0.003817555248135262
107343823625119033,2021-09,0.003817555248135262
107343823625119033,2021-10,0.005807571855135565
4762256864594914240,2021-09,0.0011811036539075574
4762256864594914240,2021-09,0.0014880585063808227
4762256864594914240,2021-10,0.07607049988084821
2083323809219952960,2021-09,0.0005933099708016979
2083323809219952960,2021-09,0.0004835371725000292
2083323809219952960,2021-09,0.0004835371725000292
2083323809219952960,2021-09,0.0004835371725000292
2083323809219952960,2021-09,0.0004467532084892405
2083323809219952960,2021-09,0.0005933099708016979
2083323809219952960,2021-09,0.0004467532084892405
2083323809219952960,2021-09,0.0004467532084892405
2083323809219952960,2021-09,0.00043364610863538973
2083323809219952960,2021-09,0.0004961829231667717
2083323809219952960,2021-09,0.0004961829231667717
2083323809219952960,2021-10,0.0007703031881412158
2083323809219952960,2021-10,0.0009925012724746906
2083323809219952960,2021-10,0.00089014237831158
2083323809219952960,2021-10,0.00089014237831158
2083323809219952960,2021-10,0.0010261940592847403
2083323809219952960,2021-10,0.00089014237831158
2083323809219952960,2021-10,0.0007020079883472807
2083323809219952960,2021-10,0.0009925012724746906
2083323809219952960,2021-10,0.0006283682630908578
8901696535927078963,2021-09,0.0018060749212633425
8901696535927078963,2021-09,0.0015066980278715253
8901696535927078963,2021-09,0.001370705742719064
8901696535927078963,2021-10,0.0009707685109444179
8901696535927078963,2021-10,0.000701640904314032
8901696535927078963,2021-10,0.000701640904314032
8901696535927078963,2021-10,0.0008649433429999634
8901696535927078963,2021-10,0.0008649433429999634
5176940320835464459,2021-09,0.00019062440603091445
5176940320835464459,2021-09,0.00020214253516518977
5176940320835464459,2021-09,0.00019373967715971432
5176940320835464459,2021-09,0.00013099481135601755
5176940320835464459,2021-09,0.0001468863146870957
5176940320835464459,2021-09,0.00019132942501977644
5176940320835464459,2021-09,0.00019373967715971432
5176940320835464459,2021-09,0.00012754773077461708
5176940320835464459,2021-09,0.00017873753595950707
5176940320835464459,2021-09,0.00013099481135601755
5176940320835464459,2021-09,0.0001276432352300263
5176940320835464459,2021-10,0.0002626557705211478
5176940320835464459,2021-10,0.00016583342679607656
5176940320835464459,2021-10,0.0003451040713261205
5176940320835464459,2021-10,0.00015602841532205832
5176940320835464459,2021-10,0.00025861549875480527
5176940320835464459,2021-10,0.00025861549875480527
5176940320835464459,2021-10,0.00021242610812810796
5176940320835464459,2021-10,0.0003648701910901704
5176940320835464459,2021-10,0.00028222880435877775
5176940320835464459,2021-10,0.00023881818017132552
5176940320835464459,2021-10,0.00020655381614344536
3977861004707764824,2021-09,0.004056752385862493
3977861004707764824,2021-09,0.003385022887523537
3977861004707764824,2021-09,0.004209014519750654
3977861004707764824,2021-09,0.003970051116472902
3977861004707764824,2021-09,0.004119335640718375
3977861004707764824,2021-09,0.002568638531111623
3977861004707764824,2021-09,0.004119335640718375
3977861004707764824,2021-09,0.003385022887523537
3977861004707764824,2021-09,0.0033126301294527875
3977861004707764824,2021-10,0.004043309731093303
3977861004707764824,2021-10,0.003956894617868868
3977861004707764824,2021-10,0.004900597553907427
3977861004707764824,2021-10,0.003475290515674504
3977861004707764824,2021-10,0.003475290515674504
3977861004707764824,2021-10,0.005163681179502807
3977861004707764824,2021-10,0.004851094317899157
4995679129936981612,2021-09,0.3702622013239275
4995679129936981612,2021-09,0.4233991250727193
4995679129936981612,2021-09,0.33250624215397956
5057726374207815794,2021-09,0.011081350993059924
6842075380768862290,2021-09,0.002874792505389865
6842075380768862290,2021-10,0.0028273341668212616
6842075380768862290,2021-10,0.0028273341668212616
2508429106201166689,2021-09,0.0009384493513548566
2508429106201166689,2021-09,0.0010613242402702165
2508429106201166689,2021-10,0.001178631120967343
2508429106201166689,2021-10,0.0008658565769405644
5136739522477907100,2021-09,0.0017502040499704178
5136739522477907100,2021-09,0.0013719349354188446
2530707686830644666,2021-09,0.011800463950312992
2530707686830644666,2021-09,0.012082311768314733
2530707686830644666,2021-10,0.03723081223355925
1553628056929342565,2021-09,0.0056009433211847565
7930925883736021864,2021-09,0.0211156429585268
7930925883736021864,2021-09,0.009893346579239341
7930925883736021864,2021-09,0.009778738440545408
7930925883736021864,2021-09,0.008327617862707673
7930925883736021864,2021-09,0.025305017480708226
7930925883736021864,2021-09,0.025308687469295738
7930925883736021864,2021-09,0.025016385833738816
7930925883736021864,2021-09,0.010102590599155678
7930925883736021864,2021-09,0.008233898607849162
7930925883736021864,2021-09,0.008233898607849162
7930925883736021864,2021-09,0.008327617862707673
7930925883736021864,2021-09,0.033583401332799856
7930925883736021864,2021-10,0.010027996468922199
7930925883736021864,2021-10,0.010146990304624386
7930925883736021864,2021-10,0.008862606586547823
7930925883736021864,2021-10,0.008762919755604804
7930925883736021864,2021-10,0.008762919755604804
7930925883736021864,2021-10,0.0214581046231682
7930925883736021864,2021-10,0.021219776483464958
7458891296671174680,2021-09,0.09756976270417303
7458891296671174680,2021-10,0.21384090321606805
4327694790333781288,2021-09,7.434506668135521e-05
4327694790333781288,2021-10,0.00017350875559400057
4327694790333781288,2021-10,0.0003334149078370655
4327694790333781288,2021-10,0.0002558464079589777
5108407319813072955,2021-09,0.0016961922595643522
5108407319813072955,2021-09,0.0016531652562633663
5108407319813072955,2021-10,0.0010291086009292366
180672270337706285,2021-09,0.5630498715867213
180672270337706285,2021-09,0.6221742534712161
180672270337706285,2021-10,0.6748650777130935
180672270337706285,2021-10,0.43299388086521456
180672270337706285,2021-10,0.6587170576540795
8576047157867370630,2021-09,0.04236629825556433
8576047157867370630,2021-09,0.048067874320211854
8576047157867370630,2021-10,0.0350506412374203
8576047157867370630,2021-10,0.03583493106538454
8576047157867370630,2021-10,0.03858515208252847
6941381638534728190,2021-09,0.0008123690343554013
6941381638534728190,2021-09,0.00040178017479282764
6941381638534728190,2021-10,0.00042576890453666864
314309872114206760,2021-09,0.00619413848976574
314309872114206760,2021-09,0.00619413848976574
314309872114206760,2021-09,0.00619413848976574
314309872114206760,2021-09,0.00619413848976574
314309872114206760,2021-09,0.00619413848976574
314309872114206760,2021-09,0.00619413848976574
314309872114206760,2021-09,0.00619413848976574
314309872114206760,2021-09,0.005332215447374109
2771214050521171719,2021-09,0.002864674571675433
2771214050521171719,2021-09,0.6033894721791957
2771214050521171719,2021-09,0.0028596312894739223
2771214050521171719,2021-09,0.5988096597627243
2771214050521171719,2021-10,0.002377965771117884
2814790209436551216,2021-09,0.0006789948849272047
2814790209436551216,2021-09,0.002843801554665026
2814790209436551216,2021-10,0.000994919885584572
7776069961364493674,2021-09,0.0008920405511834165
7776069961364493674,2021-09,0.0026362781931729374
7776069961364493674,2021-10,0.0018179829355119926
7776069961364493674,2021-10,0.0016824372821661788
7776069961364493674,2021-10,0.0011601448279696385
7776069961364493674,2021-10,0.0017058998775833722
3355881107559250653,2021-09,0.0020945072976013843
3355881107559250653,2021-09,0.00041349767725624656
3355881107559250653,2021-09,0.0006864741778869456
3355881107559250653,2021-10,0.0018685064022454525
3355881107559250653,2021-10,0.0009350500639058586
3355881107559250653,2021-10,0.0008866056516461599
3355881107559250653,2021-10,0.0008866056516461599
3355881107559250653,2021-10,0.0004680001113267666
3355881107559250653,2021-10,0.0008588320518332397
3355881107559250653,2021-10,0.0008866056516461599
3355881107559250653,2021-10,0.0004244519218081766
3355881107559250653,2021-10,0.0008907335092542209
3355881107559250653,2021-10,0.0004680001113267666
3355881107559250653,2021-10,0.0007225048498507871
3355881107559250653,2021-10,0.0018263951152630567
3355881107559250653,2021-10,0.0007225048498507871
3931892303497206092,2021-09,0.010299153489678825
3931892303497206092,2021-09,0.008597283957426061
3931892303497206092,2021-10,0.011084788615558951
2943087245123311166,2021-09,0.010814523397737941
2943087245123311166,2021-09,0.02716558503838628
2943087245123311166,2021-09,0.027601241267026382
2943087245123311166,2021-09,0.0213774680267854
2943087245123311166,2021-10,0.036341618205486016
7720458526816091748,2021-09,0.11822999137092986
7720458526816091748,2021-09,0.11822999137092986
7720458526816091748,2021-09,0.21288459988740369
7720458526816091748,2021-10,0.13453594475045313
324916756972236008,2021-09,0.007415905262472824
324916756972236008,2021-09,0.006077586611610913
324916756972236008,2021-09,0.00571426923719551
324916756972236008,2021-09,0.006060579237127972
4679462479444735708,2021-09,0.003747167676266226
4679462479444735708,2021-09,0.0032631236101313384
4679462479444735708,2021-09,0.0015135483757690732
4679462479444735708,2021-10,0.0015745121650161905
4679462479444735708,2021-10,0.011300849743830908
4679462479444735708,2021-10,0.005704663231568773
4679462479444735708,2021-10,0.003739013386022347
7347715771145302549,2021-09,0.00031741082330544407
7347715771145302549,2021-09,0.0001290197204597969
7347715771145302549,2021-09,0.00033420720786834796
7347715771145302549,2021-09,0.0002228417967482798
7347715771145302549,2021-10,0.0002316967427158365
7347715771145302549,2021-10,0.0022690493965380138
7347715771145302549,2021-10,0.0001724906604629712
7347715771145302549,2021-10,0.00021443971514882086
7347715771145302549,2021-10,0.0002919914070754462
8603678028264007695,2021-09,0.005119783952528016
8603678028264007695,2021-09,0.00541459604730056
8603678028264007695,2021-10,0.005943916415811103
8603678028264007695,2021-10,0.002985928701454145
8603678028264007695,2021-10,0.005338365786308714
4817816966382229074,2021-09,0.0009572615566375291
4817816966382229074,2021-10,0.0005891193109102764
5067621068959932809,2021-09,0.015766868815827347
5067621068959932809,2021-09,0.03776419424709704
5067621068959932809,2021-10,0.013986187405790766
4530631557358349711,2021-09,0.0005296540307322444
4530631557358349711,2021-09,0.00045568496876854123
4530631557358349711,2021-10,0.0004554919342082014
4530631557358349711,2021-10,0.0005100605297845812
8503092146854371576,2021-09,0.00021397710502806574
8503092146854371576,2021-10,0.00024380513665019486
6545052034269841737,2021-09,0.001527348758151315
6545052034269841737,2021-09,0.0011374079258504159
6545052034269841737,2021-09,0.0016869798681792118
6545052034269841737,2021-09,0.002112012624983883
6545052034269841737,2021-10,0.0015553507529512667
6545052034269841737,2021-10,0.0102022984699944
6545052034269841737,2021-10,0.001516925392772681
6545052034269841737,2021-10,0.0023377191834147645
6546850858912852316,2021-09,0.17974983568005184
6546850858912852316,2021-09,0.20645483964627395
6546850858912852316,2021-09,0.11843538049149793
6546850858912852316,2021-09,0.11843538049149793
2929243640075785940,2021-09,0.0019502530624117174
2929243640075785940,2021-09,0.0029608854889571702
2929243640075785940,2021-09,0.004402477246698857
2929243640075785940,2021-09,0.0012300861776574374
2929243640075785940,2021-09,0.0024926767008913438
2929243640075785940,2021-10,0.0025765556402863156
2929243640075785940,2021-10,0.0017406947625224815
903093877129717133,2021-09,0.00022020636113478448
903093877129717133,2021-09,0.00019654626035716253
903093877129717133,2021-09,0.0003166728811899498
903093877129717133,2021-09,0.00027760378391705135
903093877129717133,2021-09,0.00027760378391705135
903093877129717133,2021-10,0.0002536225658496174
903093877129717133,2021-10,0.00020249798565965656
903093877129717133,2021-10,0.0002497546609569081
903093877129717133,2021-10,0.00020249798565965656
903093877129717133,2021-10,0.00018165875352656782
903093877129717133,2021-10,0.00021688875475262088
8826489829259520138,2021-09,0.0005191140624020357
8826489829259520138,2021-09,0.0005191140624020357
511305041047444825,2021-09,0.016727769479847547
511305041047444825,2021-10,0.003838498529230872
511305041047444825,2021-10,0.0038703796588822736
511305041047444825,2021-10,0.004398171273016603
3118152790263512426,2021-09,0.006857866853524475
3118152790263512426,2021-09,0.003512771010816864
3118152790263512426,2021-10,0.004889515900442503
4740535838297269949,2021-09,0.00040446923899370104
4740535838297269949,2021-09,0.000561467335881142
4740535838297269949,2021-09,0.00041654245386493245
4740535838297269949,2021-10,0.0010296642015465783
4740535838297269949,2021-10,0.0011076177959896136
4740535838297269949,2021-10,0.0011928173200343982
340285351737204923,2021-09,0.029051280382817835
340285351737204923,2021-09,0.029390202785470925
340285351737204923,2021-09,0.029390202785470925
340285351737204923,2021-10,0.019325202879442577
5166128847048245697,2021-09,0.0002842587212330344
5166128847048245697,2021-10,0.000536158829412654
792560389712312178,2021-09,0.0020856987087330583
792560389712312178,2021-09,0.0020769271884645973
792560389712312178,2021-09,0.0018391596999945451
792560389712312178,2021-09,0.0018685528476630536
792560389712312178,2021-10,0.0006512800954274366
792560389712312178,2021-10,0.0016111972861536257
4465150716052427320,2021-09,0.0013268715447610178
4465150716052427320,2021-09,0.0017639990896507224
4465150716052427320,2021-09,0.0012467812715448927
4465150716052427320,2021-10,0.0007770053294267385
4465150716052427320,2021-10,0.0014287305343462175
5432443358006556295,2021-09,0.01977973927887872
5432443358006556295,2021-10,0.016089749210328904
5432443358006556295,2021-10,0.00552658273820336
5883155883105348987,2021-09,0.019403319366614658
5883155883105348987,2021-09,0.01757310558896813
5883155883105348987,2021-09,0.017039051404243433
5883155883105348987,2021-09,0.016835443288061382
5883155883105348987,2021-09,0.021540437016048627
5883155883105348987,2021-10,0.025972491607078728
5883155883105348987,2021-10,0.02600649347988322
5883155883105348987,2021-10,0.042079289125552276
5883155883105348987,2021-10,0.026753054454686377
5883155883105348987,2021-10,0.02600649347988322
5883155883105348987,2021-10,0.026283649156658588
5883155883105348987,2021-10,0.02600649347988322
5883155883105348987,2021-10,0.026283649156658588
5883155883105348987,2021-10,0.05099382578194037
5883155883105348987,2021-10,0.02600649347988322
4995217181024687397,2021-09,0.00013318386825309108
4995217181024687397,2021-09,0.00010661772672510417
4995217181024687397,2021-09,0.0001237501730691286
4995217181024687397,2021-10,0.00015180005391377037
4995217181024687397,2021-10,0.00015856352155991396
4995217181024687397,2021-10,0.0002768077307649234
8874257794774679816,2021-09,0.00166966781527195
8874257794774679816,2021-09,0.005177227910519302
8874257794774679816,2021-09,0.005177227910519302
8874257794774679816,2021-09,0.0021400603846786566
8874257794774679816,2021-09,0.006520357931007185
8874257794774679816,2021-09,0.004053184364829759
8874257794774679816,2021-10,0.004691698400851362
8874257794774679816,2021-10,0.00550304935633888
8874257794774679816,2021-10,0.0035540430976420513
8874257794774679816,2021-10,0.0030291717587576923
8195468623809753777,2021-09,0.0032394036927642284
8195468623809753777,2021-09,0.002428064224594819
8195468623809753777,2021-09,0.0029900713131951937
8195468623809753777,2021-10,0.004294341540219425
8195468623809753777,2021-10,0.006517778697378783
8195468623809753777,2021-10,0.0028980820662583584
7535160686416710323,2021-09,0.0009127339372876111
7535160686416710323,2021-09,0.001104049342274191
7535160686416710323,2021-09,0.001104049342274191
7535160686416710323,2021-10,0.0014556928495175327
7535160686416710323,2021-10,0.0011830034166579566
652740132671309295,2021-09,0.03848329805724564
652740132671309295,2021-10,0.04114579953427522
8305404138704642088,2021-09,0.0012838451153862384
2006188298374001315,2021-09,0.004418806023668857
2006188298374001315,2021-09,0.005094842112782
2006188298374001315,2021-10,0.005199096679636237
2006188298374001315,2021-10,0.00467927039589385
6020593949794792044,2021-09,0.014150362208690051
6020593949794792044,2021-09,0.013722013099335836
6020593949794792044,2021-09,0.013702545277419027
6020593949794792044,2021-09,0.016743328697212734
6020593949794792044,2021-09,0.017582111032740155
6020593949794792044,2021-10,0.013989141082872681
6020593949794792044,2021-10,0.03796783986639817
6020593949794792044,2021-10,0.012412167559001104
2678966409665050034,2021-09,0.0013406023847112726
2678966409665050034,2021-10,0.06922050288941527
2678966409665050034,2021-10,0.01440267340440033
2678966409665050034,2021-10,0.0009506659047543931
2678966409665050034,2021-10,0.0009630115102490165
1276604410881911401,2021-09,0.0075509764341172994
1276604410881911401,2021-09,0.0075509764341172994
1276604410881911401,2021-09,0.007237495434347565
1276604410881911401,2021-09,0.0075509764341172994
1276604410881911401,2021-09,0.007003679018577566
1276604410881911401,2021-09,0.008507466249748621
1276604410881911401,2021-10,0.005056865053613954
1276604410881911401,2021-10,0.004846422183965934
1276604410881911401,2021-10,0.004893149426148264
1276604410881911401,2021-10,0.005699237529008985
5409960473983330744,2021-09,0.012109108955434317
5409960473983330744,2021-09,0.012109108955434317
5409960473983330744,2021-10,0.011494805690944425
5409960473983330744,2021-10,0.012549842114720622
5409960473983330744,2021-10,0.011494805690944425
5409960473983330744,2021-10,0.011494805690944425
8889055492416898333,2021-09,0.009785082994712745
8889055492416898333,2021-09,0.023271434471737497
8889055492416898333,2021-10,0.02116745624762555
8889055492416898333,2021-10,0.02116745624762555
8889055492416898333,2021-10,0.014533364528043198
8724731934863284019,2021-09,0.012394444686081332
8724731934863284019,2021-09,0.019058274879117553
8724731934863284019,2021-10,0.004397274520617016
3022528659032597047,2021-09,0.00896037511674983
3022528659032597047,2021-10,0.008149807308418282
3022528659032597047,2021-10,0.5879162516413133
3022528659032597047,2021-10,0.006308938721796532
3022528659032597047,2021-10,0.006149515894159198
7120090169052575663,2021-09,0.0005714895376908352
7120090169052575663,2021-09,0.0006279769904316977
7120090169052575663,2021-10,0.0005001459975201235
7120090169052575663,2021-10,0.000441785804792359
963687627963462983,2021-09,0.00020592454042953835
963687627963462983,2021-09,0.00024427888267136407
963687627963462983,2021-09,0.00023429249582561734
963687627963462983,2021-09,0.00025305639294722715
963687627963462983,2021-10,0.0004460361864404378
963687627963462983,2021-10,0.0005266131628708675
963687627963462983,2021-10,0.0005148777301082637
4003696935579172837,2021-09,0.799006484286539
472772897496154354,2021-09,0.004058917456620508
472772897496154354,2021-09,0.0036670786463333157
472772897496154354,2021-10,0.006988747082978925
5304536516981778801,2021-09,0.000399946927720919
5304536516981778801,2021-09,0.0005323751265120473
5304536516981778801,2021-09,0.0005323751265120473
5304536516981778801,2021-10,0.0008173338171970006
5304536516981778801,2021-10,0.0008173338171970006
5304536516981778801,2021-10,0.0009200085123815553
4972567100282306577,2021-09,0.0032814356216693016
4972567100282306577,2021-09,0.0029211911491760856
4972567100282306577,2021-09,0.0032814356216693016
4972567100282306577,2021-10,0.001005972854163256
4972567100282306577,2021-10,0.001005972854163256
4972567100282306577,2021-10,0.001005972854163256
4972567100282306577,2021-10,0.0009889940953588564
5301988619224057921,2021-09,0.3609174006590975
5301988619224057921,2021-09,0.3609174006590975
5301988619224057921,2021-09,0.3218401342089324
5301988619224057921,2021-09,0.2881399609205122
5301988619224057921,2021-09,0.2881399609205122
5301988619224057921,2021-09,0.2881399609205122
5301988619224057921,2021-09,0.2794119150625983
5301988619224057921,2021-09,0.27452257135564256
5301988619224057921,2021-10,0.9018094147218221
5301988619224057921,2021-10,0.48407998222044457
5301988619224057921,2021-10,0.49267691312437895
5301988619224057921,2021-10,0.48407998222044457
5301988619224057921,2021-10,0.49267691312437895
6927178425683104769,2021-09,0.0005047499623398572
6927178425683104769,2021-09,0.00038948039085914577
6927178425683104769,2021-09,0.0006813525637294725
6927178425683104769,2021-10,0.00040336787682985185
6927178425683104769,2021-10,0.0007488117681137601
6927178425683104769,2021-10,0.0004500969753915964
3997247264680905799,2021-09,0.0009923878644051976
3997247264680905799,2021-09,0.0007164552562741839
3997247264680905799,2021-09,0.0009923878644051976
3997247264680905799,2021-09,0.0015551321606361098
3997247264680905799,2021-10,0.0005512981968555268
3997247264680905799,2021-10,0.00038755909586866294
3997247264680905799,2021-10,0.0005769650780856202
3997247264680905799,2021-10,0.0002859264962460287
3997247264680905799,2021-10,0.0003048595508423581
5274777191770957761,2021-09,0.1802194280183811
5274777191770957761,2021-09,0.19147557723189704
5274777191770957761,2021-09,0.0809233683237369
5274777191770957761,2021-09,0.11894068287087525
5274777191770957761,2021-09,0.2292028904050712
5274777191770957761,2021-09,0.09455361290484143
5274777191770957761,2021-09,0.17980147902057372
5274777191770957761,2021-10,0.009683148262675806
5460280878923715699,2021-09,0.003414705478541215
5460280878923715699,2021-09,0.0033907424440730925
5460280878923715699,2021-10,0.09641510308269874
7970976988071755401,2021-09,0.036874249729143736
7970976988071755401,2021-09,0.050474679621768104
7970976988071755401,2021-10,0.10056710061799462
7970976988071755401,2021-10,0.06267695408947942
2983174282784691273,2021-09,0.002096407494840062
2983174282784691273,2021-09,0.002096407494840062
2983174282784691273,2021-10,0.001003191529677339
2983174282784691273,2021-10,0.000959303609727512
2983174282784691273,2021-10,0.00102714214812054
2983174282784691273,2021-10,0.001003191529677339
2983174282784691273,2021-10,0.001003191529677339
2983174282784691273,2021-10,0.0009913780793801522
2983174282784691273,2021-10,0.0009258994221821222
2983174282784691273,2021-10,0.0009258994221821222
2983174282784691273,2021-10,0.0010312546177635702
5726178124659661019,2021-09,0.0004196973654371216
5726178124659661019,2021-09,0.0004196973654371216
5726178124659661019,2021-09,0.00044624905946481563
5726178124659661019,2021-09,0.00045462790952103095
5726178124659661019,2021-09,0.0008699390632395627
5726178124659661019,2021-09,0.00045796308964617013
5726178124659661019,2021-09,0.00045462790952103095
5726178124659661019,2021-10,0.00044119561718175055
5726178124659661019,2021-10,0.001206602497149616
5726178124659661019,2021-10,0.0004779145608448965
5726178124659661019,2021-10,0.0009522713334398756
7908414709866823255,2021-09,0.0015499572661848
7908414709866823255,2021-09,0.0015499572661848
7908414709866823255,2021-09,0.0007828260300110978
7908414709866823255,2021-10,0.0014797050102253696
7908414709866823255,2021-10,0.0012842884835596788
7908414709866823255,2021-10,0.001263686392685032
7908414709866823255,2021-10,0.001061356784058616
7908414709866823255,2021-10,0.0008913795650659934
7908414709866823255,2021-10,0.001186751230977924
7908414709866823255,2021-10,0.0014347366544160945
8271604276097280304,2021-09,0.0033494200367885233
8271604276097280304,2021-09,0.003987299455474416
9206030810342980458,2021-09,0.005652650148206671
9206030810342980458,2021-09,0.005652650148206671
2302464746243069589,2021-09,0.0022065337724806572
2302464746243069589,2021-10,0.005837777584488722
2022367282554149730,2021-09,0.0006459553666575863
2022367282554149730,2021-09,0.002331186542768222
2022367282554149730,2021-09,0.0007639424669116342
2022367282554149730,2021-09,0.0011790323328185967
2022367282554149730,2021-09,0.0013453051950333555
2022367282554149730,2021-10,0.0009760151143070518
2022367282554149730,2021-10,0.0008553455304210576
2022367282554149730,2021-10,0.0005211793881291862
2022367282554149730,2021-10,0.000503776609381511
2022367282554149730,2021-10,0.0005211793881291862
2022367282554149730,2021-10,0.0008553455304210576
2333404192508932057,2021-09,0.0004389860739748401
2333404192508932057,2021-09,0.00030802314878014027
2333404192508932057,2021-09,0.00024942729534241354
2333404192508932057,2021-09,0.0002849478950864705
2333404192508932057,2021-10,0.00472112213492099
2333404192508932057,2021-10,0.368403402336799
2333404192508932057,2021-10,0.0038915769228795583
2333404192508932057,2021-10,0.004828723248188446
2333404192508932057,2021-10,0.001873497134309743
2333404192508932057,2021-10,0.0038915769228795583
2333404192508932057,2021-10,0.0010331797036232553
2333404192508932057,2021-10,0.0017865996488595694
2333404192508932057,2021-10,0.003336594370070672
1234611356650812259,2021-09,0.008112466344823323
326257359176916767,2021-09,0.0004253928863250517
326257359176916767,2021-09,0.0004253928863250517
326257359176916767,2021-09,0.0004253928863250517
6164364689409425900,2021-09,0.0004732580835739205
6164364689409425900,2021-09,0.00043972917809701975
5263285038415073073,2021-09,0.3221738548279883
5263285038415073073,2021-09,0.24094460232449802
2380458252615213706,2021-09,0.022198903742650874
2380458252615213706,2021-10,0.010350441567688268
2380458252615213706,2021-10,0.01892719328240432
5854364934896993687,2021-09,0.004634523982241618
5854364934896993687,2021-09,0.0030912568290301194
6284433051333854194,2021-09,0.0023648380267985315
6284433051333854194,2021-09,0.0022490121700046283
6284433051333854194,2021-09,0.002947880008069638
6284433051333854194,2021-10,0.0017220250220184167
6284433051333854194,2021-10,0.0016056889371547155
7590999900861381526,2021-09,0.003627594068092426
7590999900861381526,2021-09,0.004266135868376779
7590999900861381526,2021-10,0.0021905899478947824
9127318190908282126,2021-09,0.0024468058536347994
9127318190908282126,2021-10,0.0029191268588434774
9127318190908282126,2021-10,0.0044437007175560945
6055278873962623670,2021-09,0.004459321219652359
8511588642284189303,2021-09,0.07231961300098833
8511588642284189303,2021-09,0.07231961300098833
8511588642284189303,2021-10,0.04582450891269493
7742008298942700792,2021-09,0.8411248403032917
7742008298942700792,2021-10,0.700956191648397
3095408468798675621,2021-09,0.0002749159332516009
3095408468798675621,2021-09,0.00023075472493367766
3095408468798675621,2021-09,0.00023075472493367766
3095408468798675621,2021-09,0.0003322130945196887
3095408468798675621,2021-10,0.00015337780962617568
3095408468798675621,2021-10,0.00015930140121669394
7231408738455755015,2021-09,0.6519121844605648
7231408738455755015,2021-10,0.6018081360240796
7231408738455755015,2021-10,0.8119819882866923
8909740532547211288,2021-09,0.0007309858944943744
8909740532547211288,2021-09,0.0007309858944943744
8909740532547211288,2021-09,0.0008073341242582522
8909740532547211288,2021-09,0.0008073341242582522
8909740532547211288,2021-09,0.0006904638084844922
8909740532547211288,2021-09,0.0011333737639728895
8909740532547211288,2021-09,0.0010067045779191635
8909740532547211288,2021-10,0.0010349027136900574
8909740532547211288,2021-10,0.001162719982629837
8909740532547211288,2021-10,0.001162719982629837
8909740532547211288,2021-10,0.0009842364783787868
2573553293518763494,2021-09,0.004468016827191147
2573553293518763494,2021-10,0.0017640175380387402
2573553293518763494,2021-10,0.0022220331541480363
6969348581033924947,2021-09,0.0014820267974285232
6969348581033924947,2021-09,0.0017713445718599674
6969348581033924947,2021-09,0.0017338848596932974
6969348581033924947,2021-09,0.0017713445718599674
6969348581033924947,2021-09,0.001724450687114646
6969348581033924947,2021-09,0.0017713445718599674
6969348581033924947,2021-09,0.0017713445718599674
6969348581033924947,2021-10,0.0010303762544267793
6969348581033924947,2021-10,0.0013323531906865211
6969348581033924947,2021-10,0.0014119317693367431
6969348581033924947,2021-10,0.0014119317693367431
6969348581033924947,2021-10,0.0011393379587713035
6969348581033924947,2021-10,0.0013323531906865211
6969348581033924947,2021-10,0.0013323531906865211
7963861799566207637,2021-09,1.5204008556563312e-05
7963861799566207637,2021-09,4.474760802050076e-05
7963861799566207637,2021-10,4.2274178553575736e-05
3263212305228307743,2021-09,0.0002428999554297771
3263212305228307743,2021-10,0.0004298860734762635
6662531979151878793,2021-09,0.010232149977776108
6662531979151878793,2021-09,0.010522932493508677
6662531979151878793,2021-09,0.004843165693982692
6754039979151386401,2021-09,0.0008303193001240371
6754039979151386401,2021-09,0.0013089270563350348
6754039979151386401,2021-10,0.0026685039952023945
5689766561863956319,2021-09,0.012011123353980802
5689766561863956319,2021-09,0.008191829262214553
6061850657256270336,2021-09,0.0004478278447394567
6061850657256270336,2021-09,0.0008789095183181128
6061850657256270336,2021-10,0.0003354629472341117
6061850657256270336,2021-10,0.00034469015475399535
6061850657256270336,2021-10,0.0007360428616696328
6061850657256270336,2021-10,0.00028033833564663504
8374461419511631785,2021-09,0.00830441234831646
8374461419511631785,2021-09,0.0062771534389188515
2119292203323657032,2021-09,0.0008538286413319752
2119292203323657032,2021-09,0.0004435720249202349
2119292203323657032,2021-09,0.0003716368541243182
2119292203323657032,2021-10,0.001102418482725356
2119292203323657032,2021-10,0.0007392252077536188
7787306805605072964,2021-09,0.07718871803510538
7787306805605072964,2021-09,0.12315157727796135
7787306805605072964,2021-10,0.25741034059294793
5864443060004179363,2021-09,0.0006440325984598928
5864443060004179363,2021-09,0.0007558057963539898
5864443060004179363,2021-09,0.0009238399288910583
5864443060004179363,2021-09,0.000512010777927301
5864443060004179363,2021-09,0.000675247526490863
5864443060004179363,2021-10,0.000995371788440436
5864443060004179363,2021-10,0.009140117084477994
5864443060004179363,2021-10,0.0008037112145084412
5864443060004179363,2021-10,0.0009139421891428743
5864443060004179363,2021-10,0.0009772211666905135
3480297543931395935,2021-09,0.07294277625567655
3480297543931395935,2021-09,0.04174558796192638
3480297543931395935,2021-09,0.05551959180944459
3480297543931395935,2021-10,0.05207653513673427
3480297543931395935,2021-10,0.040905985807159935
3480297543931395935,2021-10,0.03064327719499654
8623308321032624474,2021-09,0.05826208424688708
8623308321032624474,2021-10,0.07381436385602803
4432551314797496562,2021-09,0.9391132226217415
2658946240987854807,2021-09,0.0014453275976399017
2658946240987854807,2021-10,0.07142443502724982
312543480920432545,2021-09,0.00027470104109409896
312543480920432545,2021-09,0.00022193625050304482
312543480920432545,2021-09,0.0006891502086244338
312543480920432545,2021-10,0.00019904969650139516
312543480920432545,2021-10,0.00019062397420308816
312543480920432545,2021-10,0.00022881350963636988
7182085930008391174,2021-09,0.016883549893494897
7182085930008391174,2021-10,0.012649920699588962
7870373680211625064,2021-09,0.013628602920435762
7870373680211625064,2021-09,0.013357866067776608
7870373680211625064,2021-10,0.04350473135917952
7870373680211625064,2021-10,0.04569417024409861
7870373680211625064,2021-10,0.04569417024409861
7870373680211625064,2021-10,0.04549800737742384
8785648114090695180,2021-09,0.0015461750598986333
8785648114090695180,2021-09,0.0009127929425859426
6448580780254847411,2021-09,0.0014849040663953545
6448580780254847411,2021-09,0.0011020966388440095
2951563549197799278,2021-09,0.000744466267791159
2951563549197799278,2021-09,0.0006178028517884037
2951563549197799278,2021-10,0.0004965150422870814
2951563549197799278,2021-10,0.0004757314058662309
2951563549197799278,2021-10,0.0003844107271485094
4061297388883391410,2021-09,0.003097706197598233
4061297388883391410,2021-09,0.0006471761087379065
4061297388883391410,2021-10,0.008598935432304503
4061297388883391410,2021-10,0.0010711079541196576
4061297388883391410,2021-10,0.0005605117331818407
968400235888951633,2021-09,0.008944427017429821
968400235888951633,2021-09,0.0026514296563454926
968400235888951633,2021-10,0.0010315182063086435
968400235888951633,2021-10,0.0008977083114357836
968400235888951633,2021-10,0.0008579847884724711
968400235888951633,2021-10,0.0008579847884724711
968400235888951633,2021-10,0.0010315182063086435
6865071386683133124,2021-09,0.05464468798833427
6865071386683133124,2021-09,0.07142961921032663
9101617110967101591,2021-09,0.0029157186843282844
8041261093764417881,2021-09,0.0008422981219772747
8041261093764417881,2021-09,0.000996296908313964
8041261093764417881,2021-10,0.0009192981816514234
8041261093764417881,2021-10,0.0009654528796958177
8041261093764417881,2021-10,0.0007988350293117967
8041261093764417881,2021-10,0.0008325304817104303
5694881483989656694,2021-09,0.003991369481824159
6759864637454708017,2021-09,0.005773273033651815
6759864637454708017,2021-09,0.007961593018277334
6759864637454708017,2021-09,0.008091383224143732
6759864637454708017,2021-09,0.008066485823824457
6759864637454708017,2021-09,0.005773273033651815
6759864637454708017,2021-10,0.004369710335860084
6759864637454708017,2021-10,0.0031144788948309367
6759864637454708017,2021-10,0.0031241399471942715
6759864637454708017,2021-10,0.0033241236634509006
6759864637454708017,2021-10,0.0043562143285742405
417157680860985231,2021-09,5.100960670948188e-05
417157680860985231,2021-09,0.07474995399677777
417157680860985231,2021-09,3.251781908425219e-05
417157680860985231,2021-09,2.698485617043071e-05
417157680860985231,2021-10,2.2578822237737454e-05
417157680860985231,2021-10,3.933309544557398e-05
4661684997487171886,2021-09,0.0011932647343794887
4661684997487171886,2021-09,0.0005756336318532639
4661684997487171886,2021-10,0.003301584477038214
4661684997487171886,2021-10,0.0029584724578293415
3415156360538677905,2021-09,0.010387728084473634
1097345589386012260,2021-09,0.00039404559351083346
1097345589386012260,2021-10,0.0019509341821347477
1613152204777372951,2021-09,0.006777149413748783
5048392903148444335,2021-09,0.009370630838571724
5048392903148444335,2021-10,0.011862824766386131
5558533999208199371,2021-09,0.5474180562898531
7215093571368368138,2021-09,0.31786720012629605
7215093571368368138,2021-09,0.18686059547569905
7215093571368368138,2021-10,0.5540338462160668
7215093571368368138,2021-10,0.05156558500421636
7215093571368368138,2021-10,0.5540338462160668
7215093571368368138,2021-10,0.09058729969245245
1415340753324392369,2021-09,0.0037761114634494307
1299146298565441811,2021-09,0.009132215232779644
1299146298565441811,2021-10,0.07594082477366426
3605652314611460806,2021-09,0.0032067661125428385
3605652314611460806,2021-10,0.004357994765464559
3605652314611460806,2021-10,0.005592870489257195
2233850024349336054,2021-09,0.007373486471961929
835441927760881602,2021-09,0.04507000716447234
835441927760881602,2021-09,0.04760969123286539
835441927760881602,2021-10,0.10262029783203103
835441927760881602,2021-10,0.10262029783203103
4296149971687628223,2021-09,0.011227748358264001
4296149971687628223,2021-09,0.011227748358264001
4296149971687628223,2021-10,0.006920150115699448
8609211777002937758,2021-09,0.0008123144433927517
8609211777002937758,2021-09,0.0009959746684235944
8609211777002937758,2021-09,0.0012758124817603639
8609211777002937758,2021-09,0.0012209697816118685
8609211777002937758,2021-10,0.0011313111768074511
4593070249039532001,2021-09,0.0007306823330822668
4593070249039532001,2021-10,0.0007224979096530302
4593070249039532001,2021-10,0.00061099174014445
4593070249039532001,2021-10,0.0007567202062276103
4724876423989598202,2021-09,0.0013748018009036688
4724876423989598202,2021-09,0.0010325990802817048
4724876423989598202,2021-10,0.01208107494495392
4724876423989598202,2021-10,0.0005373519727467349
4724876423989598202,2021-10,0.0010372343026989657
4724876423989598202,2021-10,0.0010313569149198584
4724876423989598202,2021-10,0.0008552071658481644
4724876423989598202,2021-10,0.0004769336920964492
5999145415800242177,2021-09,0.00648936832399793
5999145415800242177,2021-10,0.012729507273366495
5999145415800242177,2021-10,0.117381473385769
5999145415800242177,2021-10,0.01373145193754299
1292049196559782171,2021-09,0.0005507481793654901
1292049196559782171,2021-09,0.0006434023969514562
1292049196559782171,2021-09,0.0005234953856268957
1292049196559782171,2021-10,0.0004054721090283049
1292049196559782171,2021-10,0.0004701776523893508
1192891347324061812,2021-09,0.000491242107639228
1192891347324061812,2021-09,0.0005439181437745264
1192891347324061812,2021-09,0.000491242107639228
1192891347324061812,2021-10,0.000477766812916653
1192891347324061812,2021-10,0.0004444412901722171
4165983075385227812,2021-09,0.0009678284519947717
6056959220685085102,2021-09,0.032385860759144756
6056959220685085102,2021-10,0.7912905182657769
6056959220685085102,2021-10,0.027011067853749553
6056959220685085102,2021-10,0.01847164932307236
6056959220685085102,2021-10,0.027011067853749553
8348574220426911086,2021-09,0.0025704086235121062
8348574220426911086,2021-09,0.0028973692706939455
8348574220426911086,2021-09,0.004282872012348674
8348574220426911086,2021-10,0.0016598313504293182
8348574220426911086,2021-10,0.002910026453739651
4347826483121154490,2021-09,6.894595229274322e-05
4347826483121154490,2021-09,0.00010152869458254389
4347826483121154490,2021-09,7.808535006976926e-05
4347826483121154490,2021-09,9.577288794215346e-05
4347826483121154490,2021-10,0.00023758669216180573
4347826483121154490,2021-10,0.00011867326243528807
4347826483121154490,2021-10,0.00011597606141272457
4347826483121154490,2021-10,0.00010712112937826939
3382609338395832683,2021-09,0.03323804685908235
3382609338395832683,2021-09,0.020291927649840294
2397171153213063761,2021-09,0.00655116894881547
2397171153213063761,2021-09,0.0052577994987584855
2397171153213063761,2021-09,0.006167249093736552
2397171153213063761,2021-09,0.0058094155622487684
2397171153213063761,2021-09,0.0058094155622487684
2397171153213063761,2021-09,0.005164073142401995
2397171153213063761,2021-09,0.00564144792502541
2397171153213063761,2021-09,0.005430744015825258
2397171153213063761,2021-10,0.0033034295497908453
2397171153213063761,2021-10,0.0028476878496905343
2397171153213063761,2021-10,0.002685325738196562
2397171153213063761,2021-10,0.0049816832443319355
2397171153213063761,2021-10,0.004143384367662862
2397171153213063761,2021-10,0.003902214040000373
2397171153213063761,2021-10,0.0031148646063884804
2397171153213063761,2021-10,0.010064977541085486
2397171153213063761,2021-10,0.02400218215465661
2408009918678280470,2021-09,0.02199609939981737
2408009918678280470,2021-09,0.02080959594354844
2408009918678280470,2021-09,0.02199609939981737
2408009918678280470,2021-09,0.02199609939981737
2408009918678280470,2021-09,0.015179438013740505
2408009918678280470,2021-09,0.02199609939981737
2408009918678280470,2021-10,0.002534924972209715
2408009918678280470,2021-10,0.0025390592067632196
2408009918678280470,2021-10,0.0026340966483745978
2408009918678280470,2021-10,0.0031686023187191626
2408009918678280470,2021-10,0.002534924972209715
2408009918678280470,2021-10,0.002534924972209715
2408009918678280470,2021-10,0.00296625141185457
2408009918678280470,2021-10,0.00296625141185457
1958660709350677213,2021-09,0.054222893718144774
1958660709350677213,2021-10,0.06051311559136402
5860276371789140450,2021-09,0.04026379843675699
5860276371789140450,2021-10,0.029846902464436602
2201150681962815877,2021-09,0.002357469350415218
2201150681962815877,2021-09,0.0017007440462021013
7142043104834932013,2021-09,0.034401647560781755
7142043104834932013,2021-09,0.01918022968734488
7142043104834932013,2021-10,0.01174836609874694
7142043104834932013,2021-10,0.010836730725118891
6134696632487351445,2021-09,0.0011581642430102167
6134696632487351445,2021-09,0.0011634441650592343
4660230701075746534,2021-09,0.2050076661691141
8536031856585966123,2021-09,0.021862619634595935
8536031856585966123,2021-09,0.024281835482913065
2214132103234633622,2021-09,0.0009536621693911017
2214132103234633622,2021-09,0.0009536621693911017
2214132103234633622,2021-09,0.0010188148989172291
2214132103234633622,2021-10,0.0022738346527465185
2214132103234633622,2021-10,0.0024940183558468487
2214132103234633622,2021-10,0.00233484292387757
2214132103234633622,2021-10,0.0028512677724761835
2214132103234633622,2021-10,0.002245494021708645
1118514612547157551,2021-09,0.03337947176911299
1118514612547157551,2021-09,0.021489349802248942
1118514612547157551,2021-09,0.03261622516112641
1118514612547157551,2021-09,0.030758324376229062
1118514612547157551,2021-09,0.03614228296589548
1118514612547157551,2021-10,0.2018002692838576
1118514612547157551,2021-10,0.03353486699772773
4524147234488547993,2021-09,0.014160081539696326
4524147234488547993,2021-09,0.012629617930238677
4524147234488547993,2021-10,0.01860718485413252
4524147234488547993,2021-10,0.01759341836490747
8961924617442201922,2021-09,0.0013143081820708063
8961924617442201922,2021-10,0.0010745594849424008
8961924617442201922,2021-10,0.000693984642865723
8961924617442201922,2021-10,0.002083359736178299
3093415403379897112,2021-09,0.00295507525216893
3093415403379897112,2021-09,0.015499567022118315
3093415403379897112,2021-10,0.0018220571546076437
3093415403379897112,2021-10,0.0019427904608540132
170089315547146305,2021-09,0.03144298963034268
170089315547146305,2021-09,0.058899643198538174
170089315547146305,2021-09,0.023416805176339078
170089315547146305,2021-09,0.041756070394891175
170089315547146305,2021-10,0.06664722730219341
170089315547146305,2021-10,0.03352033622842423
170089315547146305,2021-10,0.013625270246555054
170089315547146305,2021-10,0.013625270246555054
7177785309735471560,2021-09,0.0003387319278991171
7177785309735471560,2021-09,0.00022407942811515422
7177785309735471560,2021-09,0.000390830492440367
7177785309735471560,2021-09,0.00037976703202573193
7177785309735471560,2021-10,0.00020683821313103998
7177785309735471560,2021-10,0.00019193576585728656
7177785309735471560,2021-10,0.00014108524472498092
7177785309735471560,2021-10,0.0001465126338108884
7177785309735471560,2021-10,0.00013162100272463037
6238903426443761049,2021-09,0.012094999030397825
6238903426443761049,2021-09,0.012094999030397825
6238903426443761049,2021-09,0.018243620551919335
6238903426443761049,2021-09,0.012094999030397825
6238903426443761049,2021-10,0.003026554794750302
6238903426443761049,2021-10,0.003026554794750302
5503073374822479037,2021-09,0.0011129012223989089
5503073374822479037,2021-09,0.0014169880885273563
8287608084245946173,2021-09,0.002853448031467452
8287608084245946173,2021-09,0.002212021821645397
8287608084245946173,2021-10,0.0032309391352680975
8287608084245946173,2021-10,0.002956737741552401
8287608084245946173,2021-10,0.002216291172668792
8287608084245946173,2021-10,0.003468485560290631
8287608084245946173,2021-10,0.0028817084138365815
8287608084245946173,2021-10,0.0028817084138365815
2128970218770090704,2021-09,0.004565759847801117
2128970218770090704,2021-09,0.005666022763505406
2128970218770090704,2021-09,0.003942609856484376
2128970218770090704,2021-09,0.0037772957287572793
2128970218770090704,2021-09,0.0040212118731489145
2128970218770090704,2021-09,0.00272297086997467
2128970218770090704,2021-10,0.0033232871012392135
2128970218770090704,2021-10,0.004169632718503239
2128970218770090704,2021-10,0.006176983298680189
2128970218770090704,2021-10,0.004966870215635139
3281818438120834833,2021-09,0.00047666963414988374
6926309382371178621,2021-09,0.0007478406418450626
6091519986999196884,2021-09,0.0011242634721234737
864510931144626280,2021-09,0.0048563467002129025
864510931144626280,2021-09,0.002635862427787719
864510931144626280,2021-09,0.003814121733240302
864510931144626280,2021-09,0.0037542539996171056
864510931144626280,2021-09,0.0032517195397910544
7436628409157313756,2021-09,0.0037463244775435335
7949169060790541229,2021-09,0.0005600643285941338
7949169060790541229,2021-10,0.0009568592324569837
7949169060790541229,2021-10,0.001084979828139064
7949169060790541229,2021-10,0.0032003689940652866
3258345688897172820,2021-09,0.029031520228959797
3258345688897172820,2021-09,0.0257850341298252
3258345688897172820,2021-10,0.013242866165552515
3258345688897172820,2021-10,0.01207974671867509
8464769152264029983,2021-09,0.005635972035115728
8716163053080758848,2021-09,0.0015299996790043766
8716163053080758848,2021-09,0.001580163774771251
8716163053080758848,2021-09,0.00132897478425358
8716163053080758848,2021-09,0.00132897478425358
8716163053080758848,2021-09,0.0015299996790043766
8716163053080758848,2021-09,0.0015299996790043766
8716163053080758848,2021-10,0.002982564566095346
8716163053080758848,2021-10,0.003934510141405263
8716163053080758848,2021-10,0.00234929493473922
8716163053080758848,2021-10,0.003934510141405263
8716163053080758848,2021-10,0.0036360935399577343
8716163053080758848,2021-10,0.001897140881957271
8716163053080758848,2021-10,0.004338092824798427
187117706370645370,2021-09,0.010213630218179446
187117706370645370,2021-10,0.005947479593014878
187117706370645370,2021-10,0.009717148939797091
187117706370645370,2021-10,0.009397151193081555
3888528635045328222,2021-09,0.02240206883730907
3888528635045328222,2021-10,0.07612309208544617
3888528635045328222,2021-10,0.020119155739781094
5371387005775513675,2021-09,0.02831941243241677
5371387005775513675,2021-10,0.020657911599486607
5371387005775513675,2021-10,0.021871333330227127
257162352336759783,2021-09,0.0011012031021334857
257162352336759783,2021-09,0.0010928818258050103
257162352336759783,2021-09,0.0010928818258050103
257162352336759783,2021-10,0.0012587722108832898
234898976850399181,2021-09,0.00852037787014489
234898976850399181,2021-10,0.12783155607147323
234898976850399181,2021-10,0.005680337048780572
4993499380140734678,2021-09,0.008614470111531238
4993499380140734678,2021-10,0.1645189355678172
5042877476420217533,2021-09,0.0021521815445772973
5042877476420217533,2021-09,0.001730241609133752
5042877476420217533,2021-09,0.0012501322211862437
5042877476420217533,2021-10,0.0015476552889647029
5042877476420217533,2021-10,0.0012493049977833606
5042877476420217533,2021-10,0.0012493049977833606
4956614249204803652,2021-09,0.026052157174072926
4956614249204803652,2021-10,0.006889201264093946
7750874287225529604,2021-09,0.005612166738945212
7750874287225529604,2021-09,0.007319518464316291
7750874287225529604,2021-10,0.006872770134523001
3807130563335796378,2021-09,0.030935852809372985
3807130563335796378,2021-10,0.03210010660238693
2123312420728961012,2021-09,0.004942117453603692
2123312420728961012,2021-10,0.0053433793519639386
1182975716201409626,2021-09,0.0015245762774438588
1182975716201409626,2021-09,0.0011795703968100998
1182975716201409626,2021-10,0.0005867856678514599
1182975716201409626,2021-10,0.0005945747155715115
7664272163315705419,2021-09,0.008459603462470763
7664272163315705419,2021-10,0.008420522133726212
4614484019183480654,2021-09,0.00660079683290675
3228830386980584958,2021-09,0.0006160632257322527
3228830386980584958,2021-09,0.000923304590613246
3228830386980584958,2021-10,0.0010855661605285478
3228830386980584958,2021-10,0.0008917246348410817
2735662700719640627,2021-09,0.06126529315196316
2250817603281429928,2021-09,0.0012642046396170459
2250817603281429928,2021-10,0.00045393254008560996
2250817603281429928,2021-10,0.00036066873688017626
2250817603281429928,2021-10,0.000387879979171029
2250817603281429928,2021-10,0.00037936723068739597
6276792736652545216,2021-09,0.0021421535054192767
6276792736652545216,2021-10,0.002664659813691014
6276792736652545216,2021-10,0.003906896524871469
6276792736652545216,2021-10,0.012576484752205087
6276792736652545216,2021-10,0.0040917754063546545
4588313530969303734,2021-09,0.031976070157810496
4588313530969303734,2021-10,0.07430525575463831
4588313530969303734,2021-10,0.07430525575463831
4571290108043699959,2021-09,0.0006256209740102278
4571290108043699959,2021-09,0.0007153446840808409
6098833389547425063,2021-09,0.014214765011547361
6098833389547425063,2021-10,0.06779250669236735
6098833389547425063,2021-10,0.009779228518632064
2687720147676132707,2021-09,0.01749106626944533
2687720147676132707,2021-09,0.019180248438493076
2687720147676132707,2021-10,0.0043394975323074675
622073912578471754,2021-09,0.07284831179296661
622073912578471754,2021-09,0.07835005131400549
622073912578471754,2021-10,0.061403302343543235
2278650548373578523,2021-09,0.007309815093807969
2278650548373578523,2021-09,0.007007675365448585
2278650548373578523,2021-10,0.009569750639713345
1117184216453911295,2021-09,0.012847050029984361
1117184216453911295,2021-10,0.22085278054605545
1117184216453911295,2021-10,0.12884381472203646
5993765508162121762,2021-09,0.014804354732302223
5993765508162121762,2021-09,0.01997812835865144
5993765508162121762,2021-10,0.04385426797073892
8252215766413781202,2021-09,0.0007666441639131125
8252215766413781202,2021-10,0.0014016743859451546
5255460548789019114,2021-09,0.004304525376002117
5635781225931111684,2021-09,0.0052623624682088446
5635781225931111684,2021-09,0.004729952614524004
5635781225931111684,2021-10,0.004876638018970661
1088521227159442264,2021-09,0.006146139583739997
1088521227159442264,2021-09,0.009777039461445458
1088521227159442264,2021-09,0.009777039461445458
1088521227159442264,2021-10,0.0031468650826283868
1088521227159442264,2021-10,0.002293542083900074
524026009392362402,2021-09,0.3800685531080803
524026009392362402,2021-09,0.0004657302989158745
524026009392362402,2021-10,0.00402681828971896
8646472172649019955,2021-09,0.23069122354874186
8646472172649019955,2021-09,0.18920385610924562
8646472172649019955,2021-10,0.6815629686275452
8646472172649019955,2021-10,0.332325690811922
8646472172649019955,2021-10,0.2791937618261905
8646472172649019955,2021-10,0.42816873830188024
5271591321704178730,2021-09,0.002988475431150919
5271591321704178730,2021-10,0.0034624067915303893
5511113649464808344,2021-09,0.04045246298729164
5511113649464808344,2021-10,0.33476974858415204
5511113649464808344,2021-10,0.0668307090758088
5511113649464808344,2021-10,0.0680519861960903
1536087798470875922,2021-09,0.09599604608389004
1536087798470875922,2021-09,0.09921807890048606
1536087798470875922,2021-09,0.09921807890048606
1536087798470875922,2021-10,0.059693491904264095
1536087798470875922,2021-10,0.05624576884369754
7911162482760986289,2021-09,0.2249614078012411
7911162482760986289,2021-10,0.2422995075323151
2808145376905474927,2021-09,0.0025556249135513425
2808145376905474927,2021-09,0.0032455212044594844
2808145376905474927,2021-10,0.0025468986458198712
2808145376905474927,2021-10,0.002492858479722849
4335865859049992260,2021-09,0.0040492441360193325
4335865859049992260,2021-09,0.008559920095586638
4334472256949955221,2021-09,0.0058387369577513485
4334472256949955221,2021-09,0.008576055615073264
86110062990790869,2021-09,0.01196758567840808
86110062990790869,2021-10,0.013752637298586608
86110062990790869,2021-10,0.015486294449844156
8828303152301461681,2021-09,0.020202861140155116
8828303152301461681,2021-09,0.056702349457860374
8828303152301461681,2021-09,0.09471662604771876
8828303152301461681,2021-10,0.044623020042579314
8609938720215175911,2021-09,0.008341977010167876
8609938720215175911,2021-09,0.005016723847744684
8609938720215175911,2021-10,0.005454183268521175
8609938720215175911,2021-10,0.005454183268521175
2780030912070252968,2021-09,0.09695619413181077
2780030912070252968,2021-10,0.05692218132443685
683445437387317282,2021-09,0.0006668401426378297
683445437387317282,2021-09,0.0004116134213429673
683445437387317282,2021-10,0.00026845974154531704
683445437387317282,2021-10,0.00034120946661404296
683445437387317282,2021-10,0.00027304433147185307
683445437387317282,2021-10,0.00043289957569302227
683445437387317282,2021-10,0.0003677613650976401
683445437387317282,2021-10,0.0005958022713301737
2033394215069562776,2021-09,0.00895909435661062
2033394215069562776,2021-10,0.006654265375052347
2033394215069562776,2021-10,0.005863028526693264
2033394215069562776,2021-10,0.008851453260229828
1052398277967427422,2021-09,0.004455037980001667
1052398277967427422,2021-10,0.0037766298546121763
1052398277967427422,2021-10,0.4418024817670017
7895753719321668294,2021-09,0.0005420838374761942
7895753719321668294,2021-09,0.0005011797806706199
7895753719321668294,2021-09,0.0005561175128942999
7895753719321668294,2021-10,0.0009979366527293357
7895753719321668294,2021-10,0.0008436587637530947
7895753719321668294,2021-10,0.0009355802074734203
1454789421854453615,2021-09,0.005184521900879946
1454789421854453615,2021-09,0.0023042304663138573
1454789421854453615,2021-09,0.00454274647997903
1454789421854453615,2021-09,0.004663088397468662
1454789421854453615,2021-09,0.0018766588768014331
1454789421854453615,2021-09,0.005184521900879946
1454789421854453615,2021-09,0.00454274647997903
1454789421854453615,2021-10,0.005779190820088166
8505870778358741102,2021-09,0.003502697946867693
8505870778358741102,2021-10,0.004085445761208081
8505870778358741102,2021-10,0.14360496277419746
8505870778358741102,2021-10,0.004502453484735701
8505870778358741102,2021-10,0.004159469970820029
1033361676287635885,2021-09,0.008720421468855603
1033361676287635885,2021-09,0.008720421468855603
1033361676287635885,2021-10,0.00789950394645444
1033361676287635885,2021-10,0.00789950394645444
8083157716178259762,2021-09,0.0011384543018631704
8083157716178259762,2021-10,0.001762434250423169
3543162424793477785,2021-09,0.041973645866316925
3543162424793477785,2021-09,0.016424654742416663
3543162424793477785,2021-10,0.01207537931122321
3279078057358159966,2021-09,0.0180804822639021
3279078057358159966,2021-09,0.018190835492465824
3279078057358159966,2021-10,0.012016432432871491
3279078057358159966,2021-10,0.012016432432871491
1683619849073499603,2021-09,0.002168862602120709
1683619849073499603,2021-10,0.0029352195723317616
1683619849073499603,2021-10,0.00480017120618208
1683619849073499603,2021-10,0.002940735054619264
1696462947583294958,2021-09,0.0025089114541230095
1696462947583294958,2021-10,0.004025949655202796
1272921915900711149,2021-09,0.004611196504415408
1272921915900711149,2021-09,0.0038588173440567107
1272921915900711149,2021-10,0.0039145220231999785
1272921915900711149,2021-10,0.004058418650343896
4052557282157719526,2021-09,0.004351825441470036
4052557282157719526,2021-09,0.0027928851237759293
4052557282157719526,2021-10,0.006591935280932354
4052557282157719526,2021-10,0.005777940661203567
4052557282157719526,2021-10,0.00397704074994033
4052557282157719526,2021-10,0.00421703012851795
2773493808492482979,2021-09,0.0028566839715237786
5574997762710520717,2021-09,0.003734162162702848
6724017568171288443,2021-09,0.0013515603347128717
6724017568171288443,2021-09,0.0017964504241775653
6724017568171288443,2021-10,0.001104076334664415
837142477962609471,2021-09,0.0026202581619898034
837142477962609471,2021-09,0.003327758967453539
837142477962609471,2021-09,0.006712931774693753
837142477962609471,2021-09,0.0025814731425697654
837142477962609471,2021-09,0.006813365358326888
837142477962609471,2021-09,0.006813365358326888
837142477962609471,2021-10,0.0015490686907223365
837142477962609471,2021-10,0.002855792789300903
4769364850030443969,2021-09,0.019753221152973545
4769364850030443969,2021-10,0.34105386885800004
4769364850030443969,2021-10,0.08382447602087613
6987942592445950913,2021-09,0.000677352963908722
6987942592445950913,2021-09,0.0004536126597074647
6987942592445950913,2021-09,0.00047652728910992103
6987942592445950913,2021-10,0.0009110372822419242
6987942592445950913,2021-10,0.010558766879526149
6987942592445950913,2021-10,0.0004905415449341995
6987942592445950913,2021-10,0.0008679873478793552
4919908458022265747,2021-09,0.011007803451606206
4919908458022265747,2021-10,0.007778240602796427
4919908458022265747,2021-10,0.07841218379161996
4919908458022265747,2021-10,0.008720366365887777
8123515208041701633,2021-09,0.17599635369406394
8123515208041701633,2021-10,0.006940377619429937
8123515208041701633,2021-10,0.43057535754586146
6817075905797098547,2021-09,0.006533246985457412
6817075905797098547,2021-10,0.008719778318287
6817075905797098547,2021-10,0.008138036181118328
6817075905797098547,2021-10,0.009483836989840323
3408536439470975134,2021-09,8.552861009743096e-05
3408536439470975134,2021-09,0.00011279632831771272
3408536439470975134,2021-09,0.00012146845476964005
3408536439470975134,2021-10,0.00025395239140271276
3408536439470975134,2021-10,0.00044047042453403297
3408536439470975134,2021-10,0.00042417782529153344
3408536439470975134,2021-10,0.00044047042453403297
7085295800541340563,2021-09,0.012253650316667038
7085295800541340563,2021-10,0.009403860948203417
3668905663669864663,2021-09,0.0006308849576814896
3668905663669864663,2021-10,0.0006163365145707726
4130617254899676131,2021-09,0.09177565924713355
4130617254899676131,2021-10,0.0876346215556622
4130617254899676131,2021-10,0.07315569306328909
175003104385133396,2021-09,0.003206429477807167
175003104385133396,2021-10,0.07790595066698078
175003104385133396,2021-10,0.0030458976340734002
7076661330300123587,2021-09,0.0005646490034941067
4342146186255136598,2021-09,0.00108706738635083
4342146186255136598,2021-09,0.0011383263062509094
4342146186255136598,2021-10,0.0008828510555418332
4342146186255136598,2021-10,0.0008828510555418332
4342146186255136598,2021-10,0.0005856441673648102
4342146186255136598,2021-10,0.0008586998831425725
4342146186255136598,2021-10,0.0008586998831425725
4342146186255136598,2021-10,0.0006129711282553733
2012477868296377155,2021-09,0.004284644511842655
2012477868296377155,2021-10,0.004091235554596844
2012477868296377155,2021-10,0.011343984378456977
2012477868296377155,2021-10,0.008126195954420977
2092588065958607289,2021-09,0.0003041281334102136
2092588065958607289,2021-09,0.0005797512329516084
2092588065958607289,2021-10,0.0011189837001852455
2092588065958607289,2021-10,0.0011189837001852455
2092588065958607289,2021-10,0.0009951150946311512
2092588065958607289,2021-10,0.0005503834031331649
7810985951121711480,2021-09,0.044775079384222496
7810985951121711480,2021-10,0.055010829761687405
7810985951121711480,2021-10,0.011855878311346976
7810985951121711480,2021-10,0.014918857973903937
3591324331706630867,2021-09,0.023275614732675212
3591324331706630867,2021-09,0.02680605283642471
3591324331706630867,2021-10,0.0348941629767815
3591324331706630867,2021-10,0.03444298720422391
3591324331706630867,2021-10,0.032792028164854416
3591324331706630867,2021-10,0.03444298720422391
5687511145009775604,2021-09,0.022211691425418144
5687511145009775604,2021-10,0.032698650844309
5687511145009775604,2021-10,0.027351294776766028
1637960623843047520,2021-09,0.02020803828671409
1637960623843047520,2021-10,0.042954969642650956
1637960623843047520,2021-10,0.024551512057448738
4008627434689715639,2021-09,0.09105237742210097
4008627434689715639,2021-09,0.09778175500882964
4008627434689715639,2021-10,0.07619967157142812
4008627434689715639,2021-10,0.08448305918972465
4008627434689715639,2021-10,0.05098974631498297
4008627434689715639,2021-10,0.06444643670129888
4008627434689715639,2021-10,0.11336034133680725
924957821424248698,2021-09,0.0008015577898352769
1945147145527703963,2021-09,0.0004808994642377411
2903869860445366876,2021-09,0.015527793551311179
2903869860445366876,2021-09,0.03127141236317402
2903869860445366876,2021-10,0.014797171902709978
2903869860445366876,2021-10,0.018706104759237226
4532469127306079736,2021-09,0.0033561548411914542
4532469127306079736,2021-09,0.004650953672442942
4532469127306079736,2021-10,0.010883611523735123
8748106677402909629,2021-09,0.015039424979829498
6367769402148499693,2021-09,0.0015841045863352235
6367769402148499693,2021-09,0.0015841045863352235
6367769402148499693,2021-10,0.0014620455815828916
6367769402148499693,2021-10,0.0021608989285049384
7692335720341018458,2021-09,0.002384142439299444
7692335720341018458,2021-09,0.00602899501479824
7692335720341018458,2021-10,0.007534669990145836
5753677550753111444,2021-09,6.912072017194597e-05
5753677550753111444,2021-09,5.109714958171855e-05
5753677550753111444,2021-10,5.431615397747368e-05
4095739077267179172,2021-09,0.023173277841979638
4095739077267179172,2021-10,0.046161497912221225
4095739077267179172,2021-10,0.013128802501366095
1741049493106216406,2021-09,0.039140683768352745
6633838062940819075,2021-09,0.003069985559711209
6633838062940819075,2021-09,0.003069985559711209
6633838062940819075,2021-10,0.00222458993315426
6633838062940819075,2021-10,0.002048428286190155
6633838062940819075,2021-10,0.0014694317004843747
6633838062940819075,2021-10,0.00222458993315426
6633838062940819075,2021-10,0.002048428286190155
6633838062940819075,2021-10,0.0014694317004843747
7444686668183702737,2021-09,0.004198785134451753
7444686668183702737,2021-09,0.0034410055020149986
7444686668183702737,2021-10,0.0019134101119183523
39547025441582855,2021-09,0.005017716096419355
39547025441582855,2021-09,0.004067008853982016
39547025441582855,2021-10,0.003095872103437332
39547025441582855,2021-10,0.003590456424370751
1078687383992817574,2021-09,0.15410928126043535
1078687383992817574,2021-09,0.07066418263363528
1078687383992817574,2021-10,0.14189549757414058
1078687383992817574,2021-10,0.14189549757414058
1078687383992817574,2021-10,0.13316977933833365
1078687383992817574,2021-10,0.05210588990991116
1078687383992817574,2021-10,0.05358789839895894
1078687383992817574,2021-10,0.05045260685442207
1078687383992817574,2021-10,0.14189549757414058
3822753345985951756,2021-09,0.0034534792800189227
3822753345985951756,2021-10,0.005855241668007834
3822753345985951756,2021-10,0.0059847841351999866
3822753345985951756,2021-10,0.005382223409785571
6950439982480713649,2021-09,0.06243592765349541
7246466789138290692,2021-09,0.0019102689787346887
5757271354816214865,2021-09,0.30534245096640095
5757271354816214865,2021-09,0.30810040164181773
5757271354816214865,2021-09,0.30534245096640095
8045116560666679751,2021-09,0.012629097802874533
8045116560666679751,2021-09,0.014917111396287356
4489904752023469353,2021-09,0.1484250665999794
4489904752023469353,2021-09,0.20407679840115692
4489904752023469353,2021-10,0.1885543593744444
5440313607363845188,2021-09,0.00015411188395352197
5440313607363845188,2021-10,0.00025396882584464525
5440313607363845188,2021-10,0.00035199210705386065
8596605705893456305,2021-09,0.386112705071475
8596605705893456305,2021-09,0.3943104692829648
8596605705893456305,2021-09,0.4907533771857857
8596605705893456305,2021-09,0.3607633452735735
8596605705893456305,2021-09,0.386112705071475
8596605705893456305,2021-10,0.7019891713298868
8596605705893456305,2021-10,0.764807238797775
8596605705893456305,2021-10,0.7019891713298868
4795152981525833467,2021-09,0.004053924257881826
4795152981525833467,2021-09,0.0016044507098639557
4795152981525833467,2021-10,0.004037913050690287
4795152981525833467,2021-10,0.002777052326819829
4795152981525833467,2021-10,0.0035380392879156087
4795152981525833467,2021-10,0.0033857313342106517
7468724002190465812,2021-09,0.004869022876186673
3915426102465954493,2021-09,0.0013538269951043585
3915426102465954493,2021-10,0.001017811727300525
7398738404146260251,2021-09,0.01757212647548028
7398738404146260251,2021-09,0.007599372634730707
7398738404146260251,2021-10,0.05237813663167742
7398738404146260251,2021-10,0.015669270006773078
5897410907783139228,2021-09,0.0004945779122347632
5897410907783139228,2021-09,0.0005512349015171555
5897410907783139228,2021-09,0.0005512349015171555
5897410907783139228,2021-10,0.000833065758187083
5897410907783139228,2021-10,0.0007638365010631331
7457803471605010846,2021-09,0.001822214821177959
7457803471605010846,2021-10,0.0018150405475117594
7457803471605010846,2021-10,0.0023801506954247717
7457803471605010846,2021-10,0.0021264040711542584
3045840317107313913,2021-09,0.0009091672239448965
3045840317107313913,2021-10,0.003147622145088731
3045840317107313913,2021-10,0.0008178389112280494
3045840317107313913,2021-10,0.0021461940975672396
3045840317107313913,2021-10,0.0008707035811252738
3045840317107313913,2021-10,0.0059452301827797715
3045840317107313913,2021-10,0.001987332921290091
6722781660631652440,2021-09,0.004519002209710808
531805620371082364,2021-09,0.06111997992005147
531805620371082364,2021-09,0.014105328414313716
531805620371082364,2021-10,0.01680746848718448
531805620371082364,2021-10,0.011400400451687593
531805620371082364,2021-10,0.01680746848718448
2619109825960703851,2021-09,0.012686306137508931
2619109825960703851,2021-09,0.007950217989886432
2619109825960703851,2021-10,0.008950925745209814
2382123267535341265,2021-09,0.005183494845804994
2382123267535341265,2021-09,0.005183494845804994
2382123267535341265,2021-10,0.005248280806706467
4043546053926060305,2021-09,0.4104190873445156
4043546053926060305,2021-10,0.6200379278785847
4043546053926060305,2021-10,0.5405495862820989
5786895437851445408,2021-09,0.0045828021534729535
5786895437851445408,2021-09,0.026447995181540222
5786895437851445408,2021-09,0.022446319429914274
5786895437851445408,2021-10,0.02476580977248106
5786895437851445408,2021-10,0.02073307149614723
5786895437851445408,2021-10,0.02476580977248106
4365965554261111250,2021-09,0.09214152791150522
4365965554261111250,2021-09,0.07891648683938697
4365965554261111250,2021-10,0.08559187514310038
5577659616907513811,2021-09,0.7662108111353189
5577659616907513811,2021-09,0.7092556252667603
5577659616907513811,2021-09,0.7111410105347769
5577659616907513811,2021-09,0.7432451510535086
5577659616907513811,2021-10,0.7454300384509011
5577659616907513811,2021-10,0.4770441116167073
5577659616907513811,2021-10,0.4344999929332408
4635578010631860111,2021-09,0.0005532810613225433
4635578010631860111,2021-10,0.0005557772979994097
4635578010631860111,2021-10,0.0010809800436585157
7289435138601868544,2021-09,0.007094937434225741
7289435138601868544,2021-09,0.00674715396627302
7289435138601868544,2021-10,0.0066293244088694425
7289435138601868544,2021-10,0.003784566602172778
7289435138601868544,2021-10,0.006230553813352215
7289435138601868544,2021-10,0.006230553813352215
7289435138601868544,2021-10,0.004624708781939464
5794903898038236832,2021-09,0.005554720452926482
5794903898038236832,2021-10,0.005730582130441483
5794903898038236832,2021-10,0.011712919209543959
5794903898038236832,2021-10,0.02101240341970188
3829967475074118757,2021-09,0.6908885383414409
3829967475074118757,2021-09,0.7823624996182377
3829967475074118757,2021-09,0.6908885383414409
3829967475074118757,2021-10,0.5096213663259945
3829967475074118757,2021-10,0.5387230113985841
3829967475074118757,2021-10,0.5387230113985841
3829967475074118757,2021-10,0.4801759292882049
710593997981520423,2021-09,0.014330716295477474
710593997981520423,2021-10,0.0055938065035053075
710593997981520423,2021-10,0.004330685137967154
2371917341091102894,2021-09,0.010644969775679058
2371917341091102894,2021-09,0.008409446729125917
2645324649046215594,2021-09,0.0012924148299473183
2645324649046215594,2021-09,0.001519463167948007
2645324649046215594,2021-10,0.001449122369494385
8729164666041467296,2021-09,0.001521859317274788
8729164666041467296,2021-09,0.001521859317274788
8729164666041467296,2021-10,0.0015587358914544438
8729164666041467296,2021-10,0.0022791841719887454
8729164666041467296,2021-10,0.001275689331536578
1616952665234409442,2021-09,0.028710537184709707
1616952665234409442,2021-09,0.034409918951847446
1616952665234409442,2021-10,0.032929468761172816
1616952665234409442,2021-10,0.035253741041666474
1616952665234409442,2021-10,0.032929468761172816
1616952665234409442,2021-10,0.24334477430412635
1616952665234409442,2021-10,0.32256404867861227
1616952665234409442,2021-10,0.32256404867861227
1616952665234409442,2021-10,0.0308629908065201
1616952665234409442,2021-10,0.02539157698891872
1616952665234409442,2021-10,0.029182918291332228
1616952665234409442,2021-10,0.02539157698891872
1616952665234409442,2021-10,0.03295976878672268
1616952665234409442,2021-10,0.03295976878672268
1616952665234409442,2021-10,0.029182918291332228
1616952665234409442,2021-10,0.030451263225468626
1616952665234409442,2021-10,0.03239872314390586
1616952665234409442,2021-10,0.03295976878672268
1616952665234409442,2021-10,0.028637759633450707
6198047969028248384,2021-09,0.0029631140529857653
6198047969028248384,2021-09,0.0021214986432128097
8994944800097997361,2021-09,0.001966994798034335
8994944800097997361,2021-09,0.001966994798034335
8994944800097997361,2021-10,0.002371132231608547
8994944800097997361,2021-10,0.0022323625765777056
2772135008486239291,2021-09,0.005746428270639745
2772135008486239291,2021-10,0.005736614289481995
2772135008486239291,2021-10,0.005633936606976439
2772135008486239291,2021-10,0.005967252749453899
4785355632922927313,2021-09,0.11107277452143273
4785355632922927313,2021-09,0.09893475936469075
4785355632922927313,2021-10,0.24075532098535588
1104269683367198574,2021-09,0.003825647829639352
1104269683367198574,2021-10,0.0014332970043356968
1104269683367198574,2021-10,0.010371972115438248
1104269683367198574,2021-10,0.000582664778251547
8859064595603380512,2021-09,0.0018246024095969378
9156666134024889730,2021-09,0.0027526257932386313
9156666134024889730,2021-09,0.0027574157549215684
9156666134024889730,2021-10,0.003094808654982426
8049805689946244047,2021-09,0.01921652682744093
8049805689946244047,2021-09,0.01663517630182686
8049805689946244047,2021-09,0.012774393672198427
8049805689946244047,2021-10,0.022158230710255078
8049805689946244047,2021-10,0.013536035282528086
8049805689946244047,2021-10,0.020663583087442476
4414438591613884911,2021-09,0.011616322191954416
4414438591613884911,2021-09,0.007406098425585114
4414438591613884911,2021-10,0.007170435093697616
4414438591613884911,2021-10,0.004270794096361741
4414438591613884911,2021-10,0.005604324573135084
8385636129786687263,2021-09,0.003247462401405003
8385636129786687263,2021-10,0.0018076556864578782
8385636129786687263,2021-10,0.0010708498288479191
8385636129786687263,2021-10,0.0013861403576293139
4717717003637613480,2021-09,0.002162348041757917
4717717003637613480,2021-09,0.004071908411080663
4717717003637613480,2021-10,0.0009815588527144158
4717717003637613480,2021-10,0.0009628649134390435
4874157215501489741,2021-09,0.00044767424201346245
4874157215501489741,2021-09,0.00039586779752440974
4874157215501489741,2021-09,0.00037160784595942386
4874157215501489741,2021-10,0.000387353061746575
4874157215501489741,2021-10,0.00042393273579047935
4874157215501489741,2021-10,0.0004369609709347264
3357976326879346012,2021-09,0.03627533079906296
3357976326879346012,2021-09,0.03627533079906296
3357976326879346012,2021-10,0.07368446836966035
3357976326879346012,2021-10,0.0962338271924727
6217788509719675691,2021-09,0.0015052492309340147
6217788509719675691,2021-09,0.00270918396676032
6217788509719675691,2021-10,0.0027440356721444357
621182491555347581,2021-09,0.006423987590080245
621182491555347581,2021-09,0.3893558871510014
621182491555347581,2021-10,0.008059837327688361
621182491555347581,2021-10,0.01044627070349165
621182491555347581,2021-10,0.013027037366316564
621182491555347581,2021-10,0.01284825830476667
5465001651966355821,2021-09,0.0034150051762315745
5465001651966355821,2021-09,0.00278327697633399
5465001651966355821,2021-10,0.002541299735516986
5465001651966355821,2021-10,0.013433677284444395
5465001651966355821,2021-10,0.0017463411573512037
3025708129948185495,2021-09,0.001200085778987896
3025708129948185495,2021-10,0.0012081776075151202
3812760626052898456,2021-09,0.0009629225811712261
3812760626052898456,2021-10,0.0007358351699532563
3812760626052898456,2021-10,0.0006999592278891465
8463871205935856285,2021-09,0.009118368498454096
8463871205935856285,2021-10,0.017989183877670206
682352428813668634,2021-09,0.0018316487583923237
682352428813668634,2021-09,0.0018316487583923237
682352428813668634,2021-09,0.005456179875973398
682352428813668634,2021-10,0.0025608599808009487
682352428813668634,2021-10,0.0025608599808009487
682352428813668634,2021-10,0.0025608599808009487
3838562409581494430,2021-09,0.002568551881804437
5856610998569876318,2021-09,0.0028491179814066495
5856610998569876318,2021-09,0.0028491179814066495
2308217045093677129,2021-09,0.02199421474002113
3036967290595689189,2021-09,0.00023377880874876977
3036967290595689189,2021-10,0.0003635752852414916
7722287846688771887,2021-09,0.020792977144774624
7722287846688771887,2021-10,0.0012755081991770152
7722287846688771887,2021-10,0.2750057741013129
4717593620120611957,2021-09,0.006173807410435821
4717593620120611957,2021-10,0.00692362178546929
9052787288251876909,2021-09,0.0003976488063897112
9052787288251876909,2021-10,0.00027901374780549867
9052787288251876909,2021-10,0.00034545475695632144
3386019519917828299,2021-09,0.002042147139243783
3386019519917828299,2021-10,0.0017318719145009583
510795635145114083,2021-09,0.01902532027865275
510795635145114083,2021-09,0.019141301687317872
510795635145114083,2021-10,0.006194244636556214
510795635145114083,2021-10,0.006162142273698811
510795635145114083,2021-10,0.005220828813558741
5974858472822751652,2021-09,0.0012345800241832787
5974858472822751652,2021-10,0.0019755804610559796
5974858472822751652,2021-10,0.003454191062031881
5974858472822751652,2021-10,0.0036991336012769434
5974858472822751652,2021-10,0.003201308779857409
5958664040344043635,2021-09,0.001373472455345551
5958664040344043635,2021-10,0.0013446176823338268
3391123212703223634,2021-09,0.0020614238341755495
6528158819463595826,2021-09,0.00033960405290015753
8548612698724688238,2021-09,0.003584142281665366
8548612698724688238,2021-10,0.0042626910961608725
5522764880180045081,2021-09,0.008069059111988774
5522764880180045081,2021-10,0.006474244621421526
5522764880180045081,2021-10,0.00509329281862408
5522764880180045081,2021-10,0.04674966221313198
5522764880180045081,2021-10,0.006474244621421526
5522764880180045081,2021-10,0.0036633240879330006
8004409125524742779,2021-09,0.00041900214811236083
8004409125524742779,2021-09,0.0008931669786843133
8004409125524742779,2021-10,0.0007047347126915849
8004409125524742779,2021-10,0.0010114242795064175
8343941262792249232,2021-09,0.006375633553347982
8343941262792249232,2021-09,0.006375633553347982
8343941262792249232,2021-09,0.008718472509977607
8343941262792249232,2021-10,0.0035311023669146136
7031913170099381454,2021-09,0.16510929793822163
7031913170099381454,2021-10,0.17333493677520156
6030285068945261052,2021-09,0.00018951402311323542
6030285068945261052,2021-09,0.0001649979542982036
6030285068945261052,2021-10,0.0002213812610953832
665505091521986356,2021-09,0.0024647381324311374
665505091521986356,2021-10,0.0012618913713318147
665505091521986356,2021-10,0.001256733850206945
665505091521986356,2021-10,0.0011653641529165556
6828316696355015040,2021-09,0.0048692013337466615
4202876623878743806,2021-09,0.014198458047498893
4202876623878743806,2021-10,0.07094296023559593
4202876623878743806,2021-10,0.005305328537139315
4202876623878743806,2021-10,0.008904649805444231
4202876623878743806,2021-10,0.011581880467670799
6352592240901579272,2021-09,0.002531448102936221
2819054834565698513,2021-09,0.004444839266043358
2819054834565698513,2021-10,0.0068644043984204895
2819054834565698513,2021-10,0.004469106947780064
988707525807573448,2021-09,0.0007532029887778227
988707525807573448,2021-10,0.0005199883875219014
988707525807573448,2021-10,0.0005199883875219014
988707525807573448,2021-10,0.0005199883875219014
4512887927067894301,2021-09,0.0396958675083258
3204108603682323936,2021-09,0.0004416717104179253
3204108603682323936,2021-09,0.0005037581169107201
3204108603682323936,2021-10,0.0007019095535081818
3204108603682323936,2021-10,0.00040652772362807815
2493305884832539159,2021-09,0.03235639660946018
7920896580423665241,2021-09,0.00454122340421547
7920896580423665241,2021-09,0.0024850850708063826
7920896580423665241,2021-10,0.00772116972311612
7920896580423665241,2021-10,0.002747792703394387
5078307295214858596,2021-09,0.002676274991223722
5078307295214858596,2021-10,0.0052017671485467135
5078307295214858596,2021-10,0.0052017671485467135
5078307295214858596,2021-10,0.0052017671485467135
295375823203017296,2021-09,0.0006608114820252034
295375823203017296,2021-10,0.0009360381553851873
295375823203017296,2021-10,0.0005984812939523068
6968106554514688300,2021-09,0.1759333976900516
6968106554514688300,2021-10,0.06986603809555841
6968106554514688300,2021-10,0.008080705914317745
6968106554514688300,2021-10,0.004614419177288005
51762959302415533,2021-09,0.03967616078527013
1611146298923153842,2021-09,0.003484602189274434
1611146298923153842,2021-09,0.003488214213268406
1611146298923153842,2021-10,0.0011578071430410198
1611146298923153842,2021-10,0.0009574721123602026
8185063234515056194,2021-09,0.0010621460542091724
8185063234515056194,2021-09,0.0010621460542091724
8185063234515056194,2021-10,0.00189301084162877
8185063234515056194,2021-10,0.0018295337369746763
1414132620714431952,2021-09,0.36533217052375094
465309249432033993,2021-09,0.014917578415013955
465309249432033993,2021-09,0.0025562224587024817
465309249432033993,2021-10,0.011969977868573855
2423599281313969582,2021-09,0.011315004566447002
2762573180349093009,2021-09,0.004622780749528015
7637066986811047950,2021-09,0.0002792412116475487
7637066986811047950,2021-10,0.0007214111999006709
7637066986811047950,2021-10,0.000749801948081693
7637066986811047950,2021-10,0.0009325892101827967
7637066986811047950,2021-10,0.0009508083447645312
4444330375740387073,2021-09,0.003965826620324127
4444330375740387073,2021-10,0.010980185877013136
4444330375740387073,2021-10,0.010980185877013136
2763141362035716801,2021-09,0.015243032314779158
2763141362035716801,2021-09,0.011837707204844316
4569866309119931805,2021-09,0.18923759777758628
4569866309119931805,2021-10,0.05488327119865075
4569866309119931805,2021-10,0.0040063088708217
4569866309119931805,2021-10,0.0031463215137689992
1507697130807703164,2021-09,0.0001265862367145596
665854826624598350,2021-09,0.0036261977782329068
665854826624598350,2021-10,0.0037471591133845113
665854826624598350,2021-10,0.0037471591133845113
7692330898726665144,2021-09,0.0005759808664673503
7692330898726665144,2021-09,0.0009557943626469534
7692330898726665144,2021-10,0.001349033277029411
7692330898726665144,2021-10,0.0020999376652757035
7692330898726665144,2021-10,0.0011662415644176196
1717812527056208209,2021-09,0.20778695457103513
1717812527056208209,2021-10,0.42897157069943537
2535803443850893368,2021-09,0.5926137035318771
2535803443850893368,2021-10,0.027558785669747392
2535803443850893368,2021-10,0.027558785669747392
2535803443850893368,2021-10,0.027558785669747392
6681781879793693802,2021-09,0.0005896666156209425
6681781879793693802,2021-10,0.0006322054094997553
4210463673385510745,2021-09,0.11737601521684157
4210463673385510745,2021-10,0.01237681683199376
4210463673385510745,2021-10,0.015297411425684132
1951407691087813358,2021-09,0.000330214250227329
1951407691087813358,2021-09,0.0003604791299433446
1951407691087813358,2021-10,0.0075635636216890845
7451017400765373278,2021-09,0.00015346357052493977
7451017400765373278,2021-10,0.0002161860042962774
6795467882769787169,2021-09,0.0003226518387244558
6795467882769787169,2021-10,0.0010870223596325527
6795467882769787169,2021-10,0.0009623951414852983
2347028805684088098,2021-09,4.568099086971685e-05
2347028805684088098,2021-09,3.070865137380994e-05
2347028805684088098,2021-10,5.002310795612149e-05
2347028805684088098,2021-10,4.690180852383369e-05
2900002014851776114,2021-09,0.45633990426024557
2900002014851776114,2021-10,0.266517837180313
2900002014851776114,2021-10,0.266517837180313
2900002014851776114,2021-10,0.4440579078744363
1698828605814171242,2021-09,0.0020969117646475713
1698828605814171242,2021-10,0.002819067952626066
1698828605814171242,2021-10,0.002469190055575905
1698828605814171242,2021-10,0.0033338771642431727
5893903674205161232,2021-09,0.004803595351278274
4862285428951244424,2021-09,5.598055864760218e-05
4862285428951244424,2021-09,6.240430818598286e-05
4862285428951244424,2021-09,7.859851647537841e-05
4862285428951244424,2021-10,0.00011588567552882196
4862285428951244424,2021-10,0.0001514536440407471
4862285428951244424,2021-10,0.00011588567552882196
4862285428951244424,2021-10,0.00013539395937796345
5606267905834401873,2021-09,0.003783641807940232
5606267905834401873,2021-09,0.003219883222223632
5606267905834401873,2021-10,0.006623785919601776
4982042089827666585,2021-09,0.015618466758013823
8854680481766219396,2021-09,0.03894989243426781
8854680481766219396,2021-10,0.04889951350781304
8854680481766219396,2021-10,0.04477036330778683
6204723742351094322,2021-09,0.0009170490734991523
6204723742351094322,2021-10,0.000489413141651594
6204723742351094322,2021-10,0.0006022985902930318
3713742318997880410,2021-09,0.0009434039081294006
3713742318997880410,2021-10,0.0021638019715274335
3713742318997880410,2021-10,0.0007737793712114636
1106971614386004604,2021-09,0.009616556122751585
1368430815953333691,2021-09,0.14972143556474288
1368430815953333691,2021-10,0.16874774463757036
1368430815953333691,2021-10,0.17963131161796866
662944582644865942,2021-09,0.015882854249111244
662944582644865942,2021-10,0.010285574783892764
940214356651040716,2021-09,0.05334331154045151
3192341047315717823,2021-09,0.016694421456693136
5198904647759787695,2021-09,0.0009722966132058862
5198904647759787695,2021-09,0.0008175746736949071
1420529738304793615,2021-09,0.030070232811675347
1420529738304793615,2021-10,0.024833517734400477
1420529738304793615,2021-10,0.029629323516975784
4898797487317475277,2021-09,0.004592350627823071
7200509200540839533,2021-09,0.007119488172210789
7200509200540839533,2021-10,0.0017590801330644187
7200509200540839533,2021-10,0.006074121300613598
7200509200540839533,2021-10,0.0020621562694442008
7492389223353246125,2021-09,0.04588443474004114
287529573188507001,2021-09,0.002689625721157205
7395696797140470088,2021-09,9.555737461353268e-05
7395696797140470088,2021-10,0.0001726258761552702
6532139198609901627,2021-09,0.001019524069206708
6532139198609901627,2021-10,0.0010885632926628
8255085612985072878,2021-09,0.0009734851039972806
8255085612985072878,2021-10,0.0005511423291876906
8255085612985072878,2021-10,0.0005657354740105534
4675067298171588603,2021-09,0.10649864554148315
4675067298171588603,2021-10,0.08873670784171615
4675067298171588603,2021-10,0.06653481092181601
4675067298171588603,2021-10,0.051794233943582915
1210783884008131648,2021-09,0.00043780636061004335
7968118679747232249,2021-09,0.040197940942494244
7968118679747232249,2021-10,0.3584244011386998
7968118679747232249,2021-10,0.05393021986461565
3472934456083131714,2021-09,0.0036090885721540753
3156852928909455203,2021-09,0.001311839741187545
3156852928909455203,2021-10,0.00177188612792249
3156852928909455203,2021-10,0.011321873059528672
3156852928909455203,2021-10,0.0017302820796442073
6486277549325701534,2021-09,0.0012177740022793172
6486277549325701534,2021-09,0.0012177740022793172
6486277549325701534,2021-10,0.003243982671381036
6486277549325701534,2021-10,0.003593475147911129
6486277549325701534,2021-10,0.003593475147911129
1003144834589372198,2021-09,0.0011066773014763204
1003144834589372198,2021-09,0.0005762543817286444
1003144834589372198,2021-10,0.0004558529260645597
1003144834589372198,2021-10,0.00352667766062707
1003144834589372198,2021-10,0.0006575222906081531
1003144834589372198,2021-10,0.0025607979863318717
1003144834589372198,2021-10,0.0013568108424095663
410843023337872279,2021-09,0.0006653322102489535
410843023337872279,2021-10,0.003848760412506092
410843023337872279,2021-10,0.0004132718766296773
410843023337872279,2021-10,0.000606682492443226
1430896989654626045,2021-09,0.0005842804730231233
4986060939759481610,2021-09,0.08092446668676975
6394935036014530592,2021-09,0.004027034552698941
6394935036014530592,2021-10,0.00432215850247232
6394935036014530592,2021-10,0.006787699671099135
6394935036014530592,2021-10,0.003289505051559244
6394935036014530592,2021-10,0.0034164743602328107
6394935036014530592,2021-10,0.004449103602023281
7848910047105468475,2021-09,0.30615987470105743
5795100045494475994,2021-09,0.0073745270807157775
7818340804682162328,2021-09,0.010546100039641628
7818340804682162328,2021-10,0.19832182723322386
5271966906483787417,2021-09,0.005280771331486129
5383359512938607117,2021-09,0.00691987824986052
2106875407768047316,2021-09,0.0024286016988018
2106875407768047316,2021-10,0.026474704398654306
2106875407768047316,2021-10,0.0029334597992466504
798425422240919854,2021-09,0.00028245316729118075
798425422240919854,2021-10,0.0001798977613647108
798425422240919854,2021-10,0.00016410847172075216
3685376304786338340,2021-09,0.0015079316977188893
3965955331400146488,2021-09,0.05967514992525344
7442192566700924647,2021-09,0.0012449866087945447
7442192566700924647,2021-10,0.0009621318776070227
7442192566700924647,2021-10,0.0009621318776070227
7442192566700924647,2021-10,0.0012180090932559198
7442192566700924647,2021-10,0.0012189427347620285
7442192566700924647,2021-10,0.0008927001452013376
7442192566700924647,2021-10,0.001334678923952421
2988042199057874759,2021-09,0.0027806757269939835
2988042199057874759,2021-09,0.0036039424693340865
2988042199057874759,2021-10,0.0053706539036057245
2988042199057874759,2021-10,0.003485050092260626
521351744568531135,2021-09,0.0015021060293207993
521351744568531135,2021-10,0.004015373497678674
6462952350255736003,2021-09,0.0008309442797647182
6462952350255736003,2021-10,0.0010203389079731784
8245393384938410770,2021-09,0.0006085609384810332
8245393384938410770,2021-10,0.00022655117551901246
8245393384938410770,2021-10,0.0002207043712962048
8245393384938410770,2021-10,0.0007663664483865161
8245393384938410770,2021-10,0.0005337088793332307
7889351655716537527,2021-10,0.010620626356989049
3218226066162129945,2021-10,0.013730036691552837
3218226066162129945,2021-10,0.4189520999539494
3750579377644235511,2021-10,0.04888043526347649
1617695035450525647,2021-10,0.00011572418841359558
1617695035450525647,2021-10,0.00015698767078702947
1617695035450525647,2021-10,0.00018439898368339137
1617695035450525647,2021-10,0.00016234999814553004
5448628641564935127,2021-10,0.013263227357944113
5448628641564935127,2021-10,0.013799311750729492
4935929591787890253,2021-10,0.0033182825722881865
4935929591787890253,2021-10,0.015594276088929545
6337915293429442229,2021-10,0.012025198149575889
15070048310374146,2021-10,0.007668933392167283
15070048310374146,2021-10,0.007668933392167283
2088532321693492263,2021-10,0.23104099160917768
5477900120643078645,2021-10,0.005668197469627216
5477900120643078645,2021-10,0.005668197469627216
2209806355660046187,2021-10,0.0023097258405249768
2209806355660046187,2021-10,0.0023276529209307305
5791518044186095039,2021-10,0.0013851066804168699
1661240395903230676,2021-10,0.042738044084730996
1661240395903230676,2021-10,0.05452492951588942
843896882208504179,2021-10,0.6874128831409679
3682570285558758138,2021-10,0.008826330752442492
1667173444642500307,2021-10,0.015588407256978985
1998941557906036376,2021-10,0.01483064471082119
1998941557906036376,2021-10,0.012910712345784068
1998941557906036376,2021-10,0.01272082256502863
2290083177086946553,2021-10,0.007598187727827717
2290083177086946553,2021-10,0.006475944630405432
2290083177086946553,2021-10,0.007019598288788872
3632378524835692731,2021-10,0.00019967297392234633
3632378524835692731,2021-10,0.003869951027267094
6330043096034525408,2021-10,0.04057905491492047
6330043096034525408,2021-10,0.03876045413248378
6330043096034525408,2021-10,0.03960195298322374
6330043096034525408,2021-10,0.5075699096695416
6330043096034525408,2021-10,0.042013440936054816
6330043096034525408,2021-10,0.4010366939073121
6330043096034525408,2021-10,0.038365658812968925
6330043096034525408,2021-10,0.04182447517446541
1235244772550233980,2021-10,0.0002221969965022034
7176848230239877915,2021-10,0.0008891973543884386
7176848230239877915,2021-10,0.0008891973543884386
7176848230239877915,2021-10,0.0009461831130721955
4183921942053157552,2021-10,0.01271037547270443
4183921942053157552,2021-10,0.009250554898331521
4183921942053157552,2021-10,0.009250554898331521
4110562609148185966,2021-10,0.012670828305037398
8733525963966339207,2021-10,0.3682299860945214
5029701292539093910,2021-10,0.027033244704719652
5029701292539093910,2021-10,0.03276861070013694
2025898153078562640,2021-10,0.009072737312613365
1115703227712697214,2021-10,0.0007528392721902352
1115703227712697214,2021-10,0.000648688073018026
1115703227712697214,2021-10,0.0007671363614698604
1115703227712697214,2021-10,0.0004942972190595993
3724562776372632620,2021-10,0.0035763349267106683
4537982850248578883,2021-10,0.0021652867547700795
8843432852270832388,2021-10,0.008292941185910525
8843432852270832388,2021-10,0.06551752486319483
8464809590757561185,2021-10,0.00087077327831804
8464809590757561185,2021-10,0.0009375424571855975
3421433989501830226,2021-10,0.02620232866617712
6810366761249506182,2021-10,0.0037409784410246494
851897122328714307,2021-10,0.001584594405528147
6784879562354696650,2021-10,0.003734876831834978
6784879562354696650,2021-10,0.0037458099996742216
93982185886107798,2021-10,0.05656857194681998
93982185886107798,2021-10,0.04628723303289303
121658372387044248,2021-10,0.00528890081919863
121658372387044248,2021-10,0.004953517340027154
121658372387044248,2021-10,0.007101536745759292
5931905128207886847,2021-10,0.03753662431806522
1953058402621337677,2021-10,0.003454775763999691
1953058402621337677,2021-10,0.001283878765724642
1953058402621337677,2021-10,0.0009676436508248629
8090492548102964782,2021-10,0.0669359530380113
5735794880899687600,2021-10,0.0016904083485906121
5735794880899687600,2021-10,0.0018664137787826845
5735794880899687600,2021-10,0.0019385610155240134
7828430488099134389,2021-10,0.018961862433090268
7828430488099134389,2021-10,0.02095105688418828
7485107528960607346,2021-10,0.010402368169383006
7485107528960607346,2021-10,0.009125804730956175
7485107528960607346,2021-10,0.09411029962040965
7485107528960607346,2021-10,0.01291923676735737
3156580765759568020,2021-10,0.06637177880103347
6643358471662528195,2021-10,0.00020703049560607848
5489089370448387505,2021-10,0.8789104674017693
7719877724419004325,2021-10,0.0054645753082884245
4858887739802767402,2021-10,0.0005566174545005212
1069093308328204542,2021-10,0.0014809393208039822
1069093308328204542,2021-10,0.0012990964914645366
8292458529987016717,2021-10,0.013668818053165895
3423512048884192208,2021-10,0.0048582569556012345
3423512048884192208,2021-10,0.0069136837344794385
8918635099296971351,2021-10,0.018729973992820264
4187591029730357479,2021-10,0.005629731049594807
4187591029730357479,2021-10,0.005629731049594807
1129657311668961746,2021-10,0.019880652996441144
6122719618012473549,2021-10,0.4403185440128881
7236776406341522879,2021-10,0.003980316564499159
6547707428090179960,2021-10,0.021894196014074604
6547707428090179960,2021-10,0.021894196014074604
6547707428090179960,2021-10,0.04180346035392193
8248484932270772248,2021-10,0.08110193660127422
8248484932270772248,2021-10,0.05675270587244256
5752688018135006198,2021-10,0.08560914226812874
5752688018135006198,2021-10,0.006583845518887224
2191990606593345695,2021-10,0.015288240547673334
2191990606593345695,2021-10,0.02824285877758331
2191990606593345695,2021-10,0.010537795587497118
4641659186059167709,2021-10,0.161729775813061
8400764778654490278,2021-10,0.0904278969511678
8400764778654490278,2021-10,0.03209130520998555
2759416556905651870,2021-10,0.19050921018366807
7206599058451025691,2021-10,0.0011635814013735712
1036256411320325774,2021-10,0.005857544092045872
1036256411320325774,2021-10,0.0020726993807771753
5162621729453966204,2021-10,0.05165634922638269
5162621729453966204,2021-10,0.06432821264066166
3660744270380078352,2021-10,0.2383482568297666
3660744270380078352,2021-10,0.007730013706559823
1273229638516517354,2021-10,0.0215440661981287
1467843186411742274,2021-10,0.021492656670160114
1467843186411742274,2021-10,0.02429198240995289
3571198145319411787,2021-10,0.007090645975628284
2310272650667756227,2021-10,0.336382849001037
3161361581909316305,2021-10,0.12845939814359217
3161361581909316305,2021-10,0.0035098553731832123
5855956854975734380,2021-10,0.14101298685432262
5855956854975734380,2021-10,0.03519917548259034
4556737702757145073,2021-10,0.010130817977162638
5799279645678609726,2021-10,0.04926354389015629
5732713959930509093,2021-10,0.05318843836020216
1002362614649347438,2021-10,0.023532257271409562
1002362614649347438,2021-10,0.02214346506066703
8163895533020293251,2021-10,0.2783343229204534
8163895533020293251,2021-10,0.44253411869860915
8163895533020293251,2021-10,0.5137916482166724
2768068015169423097,2021-10,0.022911036151302057
2768068015169423097,2021-10,0.022379990364280494
3195023578711095555,2021-10,0.037891762223618855
5369576709077493659,2021-10,0.001916396770822226
5369576709077493659,2021-10,0.006620694137593707
1997130697107291654,2021-10,0.02711120475909846
7665801401860589626,2021-10,0.0020596166838310268
1028630885537616736,2021-10,0.02631872166513424
1028630885537616736,2021-10,0.014141295604748945
1269153452773908541,2021-10,0.0021203521421739395
6100972975033180377,2021-10,0.0014811630368557615
8080988579391900405,2021-10,0.0016367063083372552
8080988579391900405,2021-10,0.001681525064042293
8080988579391900405,2021-10,0.0013945427967216209
7719481195372677540,2021-10,0.001500073508824615
2032592272238235730,2021-10,0.0030785666498219827
2032592272238235730,2021-10,0.0026773711821824523
89342157110910412,2021-10,0.0020062074971920075
6012031176108922616,2021-10,0.0077838384658440955
6012031176108922616,2021-10,0.00774374300390111
6012031176108922616,2021-10,0.008040943328526827
7501763663852779083,2021-10,0.013378430796672244
503021894071666233,2021-10,0.014165227747795373
503021894071666233,2021-10,0.012405955098396381
503021894071666233,2021-10,0.009601561600541509
3118683330911759410,2021-10,0.20543541135312426
3118683330911759410,2021-10,0.19418776718367187
7779268298304613772,2021-10,0.00927851046182022
7779268298304613772,2021-10,0.0056313498906982885
7779268298304613772,2021-10,0.011378497726552729
7779268298304613772,2021-10,0.01401522285752466
7779268298304613772,2021-10,0.012081045068853076
5303720405946805990,2021-10,0.0007004030345501889
6521201759558790083,2021-10,0.001361169136874256
6521201759558790083,2021-10,0.0011277391396778888
717981637594591016,2021-10,0.0003376317534628564
2973474340148068982,2021-10,0.19601544539120508
8684964138237894839,2021-10,0.006734174951858807
7041489327620930099,2021-10,0.02441225074134038
3447213159487287154,2021-10,0.002774879161433434
3447213159487287154,2021-10,0.0024079971042483966
5225029212547588718,2021-10,0.004085317446496712
1735718258017802778,2021-10,0.003959387791702402
1735718258017802778,2021-10,0.0034022707238710115
2550506309527280168,2021-10,0.002950374268025367
2550506309527280168,2021-10,0.0030307589170224625
5376084855227654309,2021-10,0.06411360110311473
5376084855227654309,2021-10,0.054930809462702374
165658847908185334,2021-10,0.006571223913115252
4527499691197377217,2021-10,0.003748235802955887
8535586342375301953,2021-10,0.0015253748888833481
3970572142453508637,2021-10,0.22846406887461101
5200455618694210402,2021-10,0.0038947833731272554
7595945751692012281,2021-10,0.003623259493649046
3283662016127058429,2021-10,0.00198179189557507
3248432590399829766,2021-10,0.0005070953217145393
9108733472015251498,2021-10,0.0022685465817308954
9108733472015251498,2021-10,0.0015273020300543877
7710364735942975505,2021-10,0.0048052214434438495
6143250120040658989,2021-10,0.04177852177030402
8967780934636007142,2021-10,0.008477857661875162
3027683745465216663,2021-10,0.0009759859315552278
5758033363847724111,2021-10,4.78873223834428e-05
5758033363847724111,2021-10,5.95729056817413e-05
5758033363847724111,2021-10,9.221585808620517e-05
5758033363847724111,2021-10,9.047717633709213e-05
6985631100944640910,2021-10,0.05816644138084308
8536980239903840341,2021-10,0.0011861095826949518
7330131219998265639,2021-10,0.0057576240584988865
7628167057144760589,2021-10,0.009208536243114242
8559143756893267192,2021-10,0.19541030049086847
5055200744384119654,2021-10,0.00349776050685914
3970610368027129821,2021-10,0.004005171187258324
66220087398241662,2021-10,0.005209384203811058
66220087398241662,2021-10,0.004714954004579176
2598475569074240783,2021-10,0.005762644073568347
4562495119288161876,2021-10,0.006580977701812212
6338963608593807081,2021-10,0.0055426109004953275
644457054514416604,2021-10,0.13271600109280882
644457054514416604,2021-10,0.13271600109280882
4566920105008626302,2021-10,0.0011898775903772894
4566920105008626302,2021-10,0.0011898775903772894
8570963260597299378,2021-10,0.001227020244345071
8313765100460016738,2021-10,0.31027708387602004
8313765100460016738,2021-10,0.30904539925997276
8012945665375811304,2021-10,0.017613933122271632
8012016968380185372,2021-10,0.08182444639823085
3361278050140871809,2021-10,0.29394613632710054
5122095358293179297,2021-10,0.004452735498403962
670573866376512619,2021-10,0.01646877204170833
670573866376512619,2021-10,0.016549366258529388
4831939798545673038,2021-10,0.007220445077489629
1219954496802643881,2021-10,0.08056596759564918
8680213253228719510,2021-10,0.005933408099683556
8680213253228719510,2021-10,0.008152814404267725
2785178201607654410,2021-10,0.04789850658820852
4997308257850209705,2021-10,0.006997616540303481
5986344948775572227,2021-10,0.17258471756962457
4723919748432185874,2021-10,0.001288395855451072
4723919748432185874,2021-10,0.0013249235984601467
4723919748432185874,2021-10,0.0014136920648979228
6080407793834027692,2021-10,0.013566318795437305
922040072471333951,2021-10,0.3274484220336786
6598561842700412652,2021-10,0.6975435237635365
1874387298050692165,2021-10,0.0041799186526826375
8991419601067014006,2021-10,0.0010112225766655168
1748142500108801439,2021-10,0.007453607946000555
1311488706225587300,2021-10,0.056812265302573724
3275327267689584006,2021-10,0.2579046888258512
3275327267689584006,2021-10,0.2729917406799527
2208316821038817776,2021-10,0.06981847740490979
1963239178085807816,2021-10,0.004145904125552186
2467590416042313927,2021-10,0.0007269035965809536
345033315379741874,2021-10,0.006413986369144451
4237135112070444140,2021-10,0.01753635479691808
8222831719332844924,2021-10,0.008222104587378478
8278233100278581012,2021-10,0.00883394909426729
8480109508191086169,2021-10,0.0011962175718653325
8480109508191086169,2021-10,0.001478058156927416
3536704882799524586,2021-10,0.006374011728032855
8398000036517692656,2021-10,0.02571961441465249
2003221759676247813,2021-10,0.0001826831543691322
2322847438374159400,2021-10,0.0018904523603711463
866011924076225884,2021-10,0.0014339035383992426
4570863207041489270,2021-10,0.01960372431071955
2439954154030259398,2021-10,0.004531955755805213
2439954154030259398,2021-10,0.004531955755805213
4104959289203999917,2021-10,0.0005449845087820521
5499433941404698208,2021-10,0.0017279586547080442
271068078606473697,2021-10,0.000619429901315971
8706851346184249504,2021-10,0.0006221542209238215
1423952977138155129,2021-10,0.001258195063800049
3906045000005838812,2021-10,0.707281153420714
4225765667813563302,2021-10,0.009573291130281983
8737605759444448951,2021-10,0.0011956949206950462
8915958534285799867,2021-10,0.11663902743669728
8013668117699219722,2021-10,0.02369493096713658
3979129042322937623,2021-10,0.04558806393850215
4900073965147412482,2021-10,0.00019275098304458085
2179772649873197365,2021-10,0.042017615198549706
6053752047545474051,2021-10,0.010852944050840644
6053752047545474051,2021-10,0.009126778407429195
6053752047545474051,2021-10,0.005445706103865571
6053752047545474051,2021-10,0.007428363962087259
6053752047545474051,2021-10,0.006519836539579372
6053752047545474051,2021-10,0.009126778407429195
6053752047545474051,2021-11,0.002867443003364068
6053752047545474051,2021-11,0.002867443003364068
6053752047545474051,2021-11,0.006774601201310314
6053752047545474051,2021-11,0.0016169145261505076
6053752047545474051,2021-11,0.002867443003364068
6053752047545474051,2021-11,0.002230884782252751
6053752047545474051,2021-11,0.13846192526923096
6053752047545474051,2021-11,0.002208692088717606
2772135008486239291,2021-10,0.005691610869650275
2772135008486239291,2021-10,0.005691610869650275
7031913170099381454,2021-10,0.1984456500441741
7031913170099381454,2021-11,0.14234245865473275
5373371196946859811,2021-10,0.02059183272876529
5373371196946859811,2021-10,0.026603207104617582
5373371196946859811,2021-11,0.019339408465417565
5373371196946859811,2021-11,0.017956776418764354
5373371196946859811,2021-11,0.01778935270439236
2201150681962815877,2021-10,0.0033369900957715584
2201150681962815877,2021-10,0.002327947574606447
2201150681962815877,2021-10,0.009856942373497829
2201150681962815877,2021-11,0.1505751621359125
2201150681962815877,2021-11,0.0020042320658523777
2201150681962815877,2021-11,0.0019919446989492425
4717717003637613480,2021-10,0.0008896847935726272
4717717003637613480,2021-11,0.001843225989521624
4717717003637613480,2021-11,0.0021360902238032487
7692330898726665144,2021-10,0.0016576505686357866
7692330898726665144,2021-10,0.0014156865336082617
7692330898726665144,2021-10,0.0009536216418377465
7692330898726665144,2021-10,0.0010822330605395074
7692330898726665144,2021-11,0.0006587871662221723
7692330898726665144,2021-11,0.000815747472281245
7692330898726665144,2021-11,0.0014439197602390563
7692330898726665144,2021-11,0.0009780303406761051
4327694790333781288,2021-10,0.00016406192464568905
4327694790333781288,2021-10,0.0003666502710751927
4327694790333781288,2021-10,0.00014567034461249417
4327694790333781288,2021-11,7.441175398771435e-05
4327694790333781288,2021-11,0.0001824043390171625
7930644815080409701,2021-10,0.0036464278034287574
5029701292539093910,2021-10,0.013290033806134867
5029701292539093910,2021-11,0.025498058225256318
5029701292539093910,2021-11,0.01106879666054115
5029701292539093910,2021-11,0.011798558792045458
6784879562354696650,2021-10,0.0038087515405464236
6784879562354696650,2021-10,0.0038087515405464236
6784879562354696650,2021-11,0.002861169064240138
6784879562354696650,2021-11,0.0035223209726675244
1958660709350677213,2021-10,0.06228059756631658
1958660709350677213,2021-10,0.22978739913958032
1958660709350677213,2021-11,0.16570069858760364
7613717984547031729,2021-10,0.000804079975596417
7613717984547031729,2021-10,0.0008178371207459311
7613717984547031729,2021-10,0.0007755652015143594
7613717984547031729,2021-10,0.0008058633257200214
7613717984547031729,2021-11,0.0011071060156014668
7613717984547031729,2021-11,0.0011620043691556944
7613717984547031729,2021-11,0.005630193329370187
7613717984547031729,2021-11,0.01858794019887237
7613717984547031729,2021-11,0.0011388437417554874
7613717984547031729,2021-11,0.0011616137456002703
5897410907783139228,2021-10,0.0008041542165571364
5897410907783139228,2021-10,0.0008041542165571364
5897410907783139228,2021-10,0.0008322949331394884
5897410907783139228,2021-11,0.0009509449113044989
5897410907783139228,2021-11,0.1977338834868136
5897410907783139228,2021-11,0.0008740410141720392
5897410907783139228,2021-11,0.0008944600352506556
6715993871935527857,2021-10,0.8134926787547838
5176940320835464459,2021-10,0.0002824991188887814
5176940320835464459,2021-10,0.00014032060183790713
5176940320835464459,2021-10,0.00017389804716913562
5176940320835464459,2021-10,0.00013807462211598795
5176940320835464459,2021-10,0.0002549545917127848
5176940320835464459,2021-10,0.00021060580530002314
5176940320835464459,2021-10,0.0004401033117755459
5176940320835464459,2021-10,0.00033101159368887853
5176940320835464459,2021-10,0.00020325149303096623
5176940320835464459,2021-10,0.00015311861564942363
5176940320835464459,2021-10,0.00014032060183790713
5176940320835464459,2021-11,0.00017846606952021013
5176940320835464459,2021-11,0.0002100466522078061
5176940320835464459,2021-11,0.0002830633447259893
5176940320835464459,2021-11,0.0002621143126534834
5176940320835464459,2021-11,0.0002100466522078061
5176940320835464459,2021-11,0.000122732763069644
5176940320835464459,2021-11,0.0002100466522078061
5176940320835464459,2021-11,0.0006144341094941935
5176940320835464459,2021-11,0.0003117136332160366
5176940320835464459,2021-11,0.00029043938580789125
5176940320835464459,2021-11,0.00017585672815872955
5176940320835464459,2021-11,0.000122732763069644
2128970218770090704,2021-10,0.005400265986692904
2128970218770090704,2021-10,0.005400265986692904
2128970218770090704,2021-10,0.005523943763964649
1156053485989336481,2021-10,0.01984267957360556
1156053485989336481,2021-10,0.01873578091783229
1156053485989336481,2021-10,0.01873578091783229
1156053485989336481,2021-10,0.01873578091783229
1156053485989336481,2021-10,0.01873578091783229
1156053485989336481,2021-10,0.020254763733487963
1156053485989336481,2021-10,0.019059344512518027
1156053485989336481,2021-10,0.01892307476972654
1156053485989336481,2021-10,0.01873578091783229
1156053485989336481,2021-10,0.01873578091783229
1156053485989336481,2021-10,0.01984267957360556
1156053485989336481,2021-10,0.018631601458195497
1156053485989336481,2021-10,0.01873578091783229
1156053485989336481,2021-10,0.01873578091783229
1156053485989336481,2021-10,0.07198822806679242
1156053485989336481,2021-10,0.01984267957360556
1156053485989336481,2021-10,0.019564653427444845
1156053485989336481,2021-10,0.01984267957360556
1156053485989336481,2021-10,0.01873578091783229
1156053485989336481,2021-10,0.019732469023717617
1156053485989336481,2021-10,0.019289427882650704
1156053485989336481,2021-10,0.019564653427444845
1156053485989336481,2021-11,0.018804364952352305
1156053485989336481,2021-11,0.018804364952352305
1156053485989336481,2021-11,0.0208522792749977
1156053485989336481,2021-11,0.01775433818938612
1156053485989336481,2021-11,0.01869981140179617
1156053485989336481,2021-11,0.017655517806941825
1156053485989336481,2021-11,0.017655517806941825
1156053485989336481,2021-11,0.017655517806941825
1156053485989336481,2021-11,0.01775433818938612
1156053485989336481,2021-11,0.018804364952352305
1156053485989336481,2021-11,0.01775433818938612
1156053485989336481,2021-11,0.018804364952352305
1156053485989336481,2021-11,0.018804364952352305
1156053485989336481,2021-11,0.018164724197790718
1156053485989336481,2021-11,0.25249868740168296
1156053485989336481,2021-11,0.018804364952352305
1156053485989336481,2021-11,0.01775433818938612
1156053485989336481,2021-11,0.01775433818938612
1156053485989336481,2021-11,0.018061264414762208
1156053485989336481,2021-11,0.014706625429509151
1156053485989336481,2021-11,0.018061264414762208
1156053485989336481,2021-11,0.017655517806941825
1156053485989336481,2021-11,0.01869981140179617
1156053485989336481,2021-11,0.0179607669233357
1156053485989336481,2021-11,0.01775433818938612
3118152790263512426,2021-10,0.005911868260628142
3118152790263512426,2021-10,0.009978585309025251
3118152790263512426,2021-10,0.005366336504443236
3118152790263512426,2021-10,0.00540728295708776
3118152790263512426,2021-11,0.004099707845956243
3118152790263512426,2021-11,0.005608533811807191
3118152790263512426,2021-11,0.005601741538006428
3118152790263512426,2021-11,0.006364443688215683
2333404192508932057,2021-10,0.007580406564612152
2333404192508932057,2021-10,0.006638568914690439
2333404192508932057,2021-10,0.007580406564612152
2333404192508932057,2021-11,0.004192100315284897
5761480994209806499,2021-10,0.00021205168942370898
5761480994209806499,2021-10,0.00023706554682624374
5761480994209806499,2021-10,0.00020259727083639582
5761480994209806499,2021-10,0.00020513394608799644
5761480994209806499,2021-10,0.0002890803362020369
5761480994209806499,2021-10,0.0003305967830291514
5761480994209806499,2021-10,0.00023706554682624374
5761480994209806499,2021-10,0.001307955698593239
5761480994209806499,2021-10,0.00020513394608799644
5761480994209806499,2021-10,0.0004807914243208845
5761480994209806499,2021-10,0.0002848336053452908
5761480994209806499,2021-10,0.0003029613257530909
5761480994209806499,2021-10,0.0002828441962290439
5761480994209806499,2021-10,0.0002470512100318663
5761480994209806499,2021-10,0.00023171094922138204
5761480994209806499,2021-11,0.0005250631555625199
5761480994209806499,2021-11,0.0003049455220877368
5761480994209806499,2021-11,0.00023158334397002658
5761480994209806499,2021-11,0.0004085008359566111
5761480994209806499,2021-11,0.00022125829062395795
5761480994209806499,2021-11,0.0005250631555625199
5761480994209806499,2021-11,0.00022402856398816957
5761480994209806499,2021-11,0.00022125829062395795
5761480994209806499,2021-11,0.0002621818207775974
5761480994209806499,2021-11,0.0003822356743539467
5761480994209806499,2021-11,0.0005944532482799885
5761480994209806499,2021-11,0.00032603530868909286
5761480994209806499,2021-11,0.0002803982523687445
5761480994209806499,2021-11,0.00022125829062395795
5761480994209806499,2021-11,0.0005944532482799885
5761480994209806499,2021-11,0.0005250631555625199
5761480994209806499,2021-11,0.00023158334397002658
984915269987074754,2021-10,0.00048166115523851885
984915269987074754,2021-10,0.00026178079027343743
984915269987074754,2021-10,0.0003173746663744603
984915269987074754,2021-10,0.0004253269369005792
984915269987074754,2021-11,0.004986728091630453
8698916565946744099,2021-10,0.3337777247414039
8015571584405428572,2021-10,0.00863380742118881
8015571584405428572,2021-11,0.005829913348231628
8529899700094903171,2021-10,0.0012869528215321288
8529899700094903171,2021-10,0.0017671487011535045
8529899700094903171,2021-10,0.0015511204199803485
8529899700094903171,2021-10,0.0012869528215321288
8529899700094903171,2021-10,0.0015799028339827847
8529899700094903171,2021-10,0.0012869528215321288
8529899700094903171,2021-10,0.0012872322071582126
8529899700094903171,2021-10,0.0012869528215321288
8529899700094903171,2021-10,0.0012872322071582126
8529899700094903171,2021-11,0.0012929686201423375
8529899700094903171,2021-11,0.0012932493100518646
8529899700094903171,2021-11,0.0012932493100518646
8529899700094903171,2021-11,0.0012932493100518646
8529899700094903171,2021-11,0.0017754051618343314
8529899700094903171,2021-11,0.0012932493100518646
8529899700094903171,2021-11,0.0017754051618343314
8529899700094903171,2021-11,0.0012932493100518646
8529899700094903171,2021-11,0.0012932493100518646
8529899700094903171,2021-11,0.0012932493100518646
8529899700094903171,2021-11,0.0012932493100518646
2119292203323657032,2021-10,0.0009661447960155698
2119292203323657032,2021-10,0.0013201778895108676
5462970244186515758,2021-10,0.0005786694708359338
5462970244186515758,2021-10,0.00047353547439760873
5462970244186515758,2021-10,0.00046671367098425736
5462970244186515758,2021-10,0.0004272562706479489
5462970244186515758,2021-10,0.0005610038950474519
5462970244186515758,2021-10,0.0005720441754601097
5462970244186515758,2021-10,0.00036357755297525377
5462970244186515758,2021-11,0.0005768657544349496
5462970244186515758,2021-11,0.019564773522586457
5462970244186515758,2021-11,0.0004744772272534482
5462970244186515758,2021-11,0.0006734357615651775
5462970244186515758,2021-11,0.0005375867021133893
6964108750473070287,2021-10,0.0009730573130075569
6964108750473070287,2021-10,0.0009624160093301133
6964108750473070287,2021-10,0.0009624160093301133
6964108750473070287,2021-10,0.0009730573130075569
6964108750473070287,2021-10,0.0009892275314160074
6964108750473070287,2021-10,0.0009892275314160074
6964108750473070287,2021-10,0.0009892275314160074
6964108750473070287,2021-10,0.0009892275314160074
6964108750473070287,2021-10,0.0009892275314160074
6964108750473070287,2021-10,0.0009730573130075569
6964108750473070287,2021-10,0.0009680830236146492
6964108750473070287,2021-10,0.0009680830236146492
6964108750473070287,2021-11,0.0004158553590347365
6964108750473070287,2021-11,0.0004152133820169998
6964108750473070287,2021-11,0.0004158553590347365
6964108750473070287,2021-11,0.0004152133820169998
6964108750473070287,2021-11,0.0004158553590347365
6964108750473070287,2021-11,0.0009448861499871893
6964108750473070287,2021-11,0.0009448861499871893
6964108750473070287,2021-11,0.0004152133820169998
6964108750473070287,2021-11,0.0009448861499871893
6964108750473070287,2021-11,0.0004158553590347365
6964108750473070287,2021-11,0.0004039533579226837
6964108750473070287,2021-11,0.0004158553590347365
6964108750473070287,2021-11,0.0004039533579226837
6964108750473070287,2021-11,0.0004158553590347365
6964108750473070287,2021-11,0.0004158553590347365
6964108750473070287,2021-11,0.0004158553590347365
6964108750473070287,2021-11,0.0004152133820169998
6964108750473070287,2021-11,0.0004158553590347365
6964108750473070287,2021-11,0.0004152133820169998
6828316696355015040,2021-10,0.0027649934429925414
7206599058451025691,2021-10,0.0015050425775504548
682352428813668634,2021-10,0.003522280331102783
682352428813668634,2021-10,0.0032495407116067037
682352428813668634,2021-10,0.008975377702388189
682352428813668634,2021-10,0.005414724740387387
682352428813668634,2021-10,0.003947061142592537
682352428813668634,2021-11,0.0012932847100514627
682352428813668634,2021-11,0.0012932847100514627
682352428813668634,2021-11,0.0015601447795743795
682352428813668634,2021-11,0.0012932847100514627
682352428813668634,2021-11,0.0015601447795743795
682352428813668634,2021-11,0.0017487107556206035
682352428813668634,2021-11,0.006818630816588889
3829967475074118757,2021-10,0.4178246076204095
3829967475074118757,2021-10,0.49341601692402254
3829967475074118757,2021-10,0.4950191696849192
3829967475074118757,2021-11,0.4688820077620853
2726314736140152277,2021-10,0.9082187105568106
2726314736140152277,2021-10,0.9039071327686589
459290606780222306,2021-10,0.00024138887039063266
459290606780222306,2021-10,0.00022182700339960478
459290606780222306,2021-10,0.0002451736662090374
459290606780222306,2021-10,0.00024138887039063266
459290606780222306,2021-10,0.0004063073394801664
459290606780222306,2021-10,0.00041403351931948104
459290606780222306,2021-11,0.00040038296942318947
459290606780222306,2021-11,0.0003749290766267541
459290606780222306,2021-11,0.0002403150501693977
459290606780222306,2021-11,0.00023041726789161236
459290606780222306,2021-11,0.00039420312072183003
7141263195360679278,2021-10,0.01525074366757947
7141263195360679278,2021-10,0.018312122830125357
7141263195360679278,2021-10,0.016420268463822822
7141263195360679278,2021-10,0.012412481807573544
7141263195360679278,2021-10,0.016010882367533858
7141263195360679278,2021-10,0.017971048196786115
7141263195360679278,2021-11,0.04313296321676123
7141263195360679278,2021-11,0.04474746116693262
7141263195360679278,2021-11,0.04474746116693262
7141263195360679278,2021-11,0.05382892414115327
7910340581026492945,2021-10,0.0011599610136583632
7910340581026492945,2021-10,0.001005325700753731
7910340581026492945,2021-10,0.0010617513825690358
7910340581026492945,2021-10,0.0010148737329740923
7910340581026492945,2021-10,0.001040100671110288
7910340581026492945,2021-11,0.0012359239979855242
7910340581026492945,2021-11,0.0008826844784840304
3690886209682028027,2021-10,0.009072758205083964
3690886209682028027,2021-10,0.009072758205083964
3690886209682028027,2021-11,0.019989994041266352
1579681122696922043,2021-10,0.006108935756167478
5057726374207815794,2021-10,0.004904941644903005
1661240395903230676,2021-10,0.06206255989830217
1661240395903230676,2021-11,0.03908898526252711
1661240395903230676,2021-11,0.04144653949708044
1661240395903230676,2021-11,0.04438178286821475
1661240395903230676,2021-11,0.04144653949708044
1661240395903230676,2021-11,0.04438178286821475
8079157452200263869,2021-10,0.5685691062188974
1253437108265925705,2021-10,0.0008566061465234717
1253437108265925705,2021-10,0.0005964683335910365
1253437108265925705,2021-10,0.00041651188608035926
1253437108265925705,2021-10,0.0010270207272497515
1253437108265925705,2021-11,0.0021515466350383863
1253437108265925705,2021-11,0.0010060417204335276
4874157215501489741,2021-10,0.0007580488053898489
4874157215501489741,2021-10,0.0010642134602096784
4874157215501489741,2021-10,0.0005216412774768298
4874157215501489741,2021-10,0.000631878547737093
4874157215501489741,2021-10,0.000429748414349879
4874157215501489741,2021-11,0.000504715711630995
4874157215501489741,2021-11,0.0007107187341646747
3511416927745338332,2021-10,7.806526567798141e-05
3511416927745338332,2021-10,0.00015805614133905911
3511416927745338332,2021-11,0.000188299436297814
2773493808492482979,2021-10,0.001892471865974524
2773493808492482979,2021-10,0.0019467932029809713
7451017400765373278,2021-10,0.00018636751788095042
7451017400765373278,2021-10,0.0002639985337863825
7451017400765373278,2021-10,0.00032041367253588074
7451017400765373278,2021-11,0.0003901351011792356
7451017400765373278,2021-11,0.0004181937825519432
7451017400765373278,2021-11,0.0003265477044136355
3979129042322937623,2021-10,0.0643784371277016
3979129042322937623,2021-10,0.03967973811233921
3979129042322937623,2021-10,0.0957873508127357
170089315547146305,2021-10,0.05100410422604162
170089315547146305,2021-10,0.02797595011903147
170089315547146305,2021-10,0.031179571443244358
170089315547146305,2021-11,0.03171639535468384
170089315547146305,2021-11,0.008298920284563551
170089315547146305,2021-11,0.017720541047617576
7325545718770538459,2021-10,0.00015465643323386643
7325545718770538459,2021-10,0.00012313305349615828
7325545718770538459,2021-10,0.00012313305349615828
7325545718770538459,2021-10,0.0003596529113519347
7325545718770538459,2021-10,0.0003596529113519347
7325545718770538459,2021-11,0.0002469844152878986
7325545718770538459,2021-11,0.000337205375182965
7325545718770538459,2021-11,0.0002469844152878986
7325545718770538459,2021-11,0.0002469844152878986
7325545718770538459,2021-11,0.0002469844152878986
7325545718770538459,2021-11,0.0003432431634087086
7325545718770538459,2021-11,0.0002469844152878986
4972567100282306577,2021-10,0.0008358881405772976
4972567100282306577,2021-10,0.0007474284214692203
4972567100282306577,2021-10,0.0008358881405772976
4972567100282306577,2021-10,0.0008358881405772976
4972567100282306577,2021-11,0.0023002346381689027
4972567100282306577,2021-11,0.002452273177111238
175003104385133396,2021-10,0.0027615754922164144
175003104385133396,2021-11,0.002074674779215559
7398738404146260251,2021-10,0.00629223231908943
7398738404146260251,2021-11,0.02886749123809382
2658946240987854807,2021-10,0.0015542241171612142
2658946240987854807,2021-11,0.0018340415911997424
2658946240987854807,2021-11,0.002583621873385985
2658946240987854807,2021-11,0.002662352665089724
2658946240987854807,2021-11,0.0018163686545880683
326257359176916767,2021-10,0.0004640958044152397
8785648114090695180,2021-10,0.0014905365633972592
8785648114090695180,2021-11,0.0020440443692030137
8785648114090695180,2021-11,0.0012250542745758214
8784237149961904,2021-10,0.0020343922791829774
8784237149961904,2021-10,0.0014486761067311743
8784237149961904,2021-10,0.0016208105498029127
8784237149961904,2021-10,0.001987142412522196
8784237149961904,2021-11,0.00335088263576737
8784237149961904,2021-11,0.0009340829784249639
8784237149961904,2021-11,0.0013845334634134197
8784237149961904,2021-11,0.0018391910532834198
6759864637454708017,2021-10,0.0043562143285742405
6759864637454708017,2021-10,0.0033241236634509006
6759864637454708017,2021-10,0.0043562143285742405
6759864637454708017,2021-10,0.0043562143285742405
6759864637454708017,2021-10,0.0043562143285742405
6759864637454708017,2021-11,0.00496503290984807
6759864637454708017,2021-11,0.00496503290984807
5694881483989656694,2021-10,0.00485658812695243
5694881483989656694,2021-10,0.0033348783227639383
5694881483989656694,2021-11,0.0011154808083165663
5694881483989656694,2021-11,0.00038995336585379405
209314261782935157,2021-10,0.5329247846178539
2759416556905651870,2021-10,0.16720668726855253
2759416556905651870,2021-11,0.2226835262268369
2022367282554149730,2021-10,0.0012034078736454746
2022367282554149730,2021-10,0.0013757355439762602
2022367282554149730,2021-10,0.000838434187478562
2022367282554149730,2021-10,0.0007630173925182324
2022367282554149730,2021-10,0.001006910296866541
2022367282554149730,2021-11,0.0012832891528777714
2022367282554149730,2021-11,0.001272690853507721
2022367282554149730,2021-11,0.0018638322078350293
2022367282554149730,2021-11,0.0012832891528777714
2022367282554149730,2021-11,0.0012832891528777714
2022367282554149730,2021-11,0.0012510087395841043
8173830874846355280,2021-10,0.0002622429410973512
8173830874846355280,2021-10,0.00027739146049840247
8173830874846355280,2021-10,0.0002572469512746355
8173830874846355280,2021-10,0.0002622429410973512
8173830874846355280,2021-10,0.0002908649910859293
8173830874846355280,2021-10,0.0002572469512746355
8173830874846355280,2021-10,0.0002622429410973512
8173830874846355280,2021-10,0.0002622429410973512
8173830874846355280,2021-10,0.0002908649910859293
8173830874846355280,2021-10,0.00020782663615802975
8173830874846355280,2021-11,0.00020889814664776257
8173830874846355280,2021-11,0.0003731971214360579
8173830874846355280,2021-11,0.00020889814664776257
8173830874846355280,2021-11,0.0019202160532458348
8173830874846355280,2021-11,0.0002203416958417995
8173830874846355280,2021-11,0.00031874207907033324
8173830874846355280,2021-11,0.0003731971214360579
8173830874846355280,2021-11,0.00020491822010575646
8173830874846355280,2021-11,0.00020491822010575646
8173830874846355280,2021-11,0.000316274680708835
8173830874846355280,2021-11,0.0002203416958417995
8173830874846355280,2021-11,0.00020889814664776257
8173830874846355280,2021-11,0.00023692086645219856
8173830874846355280,2021-11,0.00018755341733738999
8173830874846355280,2021-11,0.00020436487501951307
8173830874846355280,2021-11,0.00020491822010575646
3382624494518753363,2021-10,0.09674770996235482
3382624494518753363,2021-10,0.15147869185744184
3382624494518753363,2021-11,0.11531094461238052
3382624494518753363,2021-11,0.09561226277552913
3382624494518753363,2021-11,0.11625705577974355
2123312420728961012,2021-10,0.009298526811649352
2123312420728961012,2021-10,0.008506041934933983
2123312420728961012,2021-10,0.007794238491955916
5082813456193598086,2021-10,0.006001287273587496
5082813456193598086,2021-10,0.002761302175100105
5082813456193598086,2021-10,0.0027219290719230067
3279078057358159966,2021-10,0.009289230378733498
4334472256949955221,2021-10,0.0034408546912469188
4334472256949955221,2021-10,0.002735820104346474
4334472256949955221,2021-10,0.002305986524130243
4334472256949955221,2021-10,0.002840620222423082
4334472256949955221,2021-11,0.015175322474299468
4334472256949955221,2021-11,0.008082256130482223
4347826483121154490,2021-10,9.40953531674013e-05
4347826483121154490,2021-10,0.0001634934064366231
4347826483121154490,2021-10,0.00017446329361484647
4347826483121154490,2021-10,9.704009006169476e-05
4347826483121154490,2021-11,0.00024839054011736124
4347826483121154490,2021-11,0.0001098487430611418
4347826483121154490,2021-11,6.37551985907863e-05
4347826483121154490,2021-11,0.00010563405328487136
4347826483121154490,2021-11,0.00024839054011736124
819552547620904652,2021-10,0.08797894702356134
819552547620904652,2021-10,0.10077466916273937
819552547620904652,2021-10,0.1150509392729667
819552547620904652,2021-10,0.10077466916273937
819552547620904652,2021-11,0.11562223268620156
8596605705893456305,2021-10,0.7019891713298868
8596605705893456305,2021-10,0.696328698614902
8596605705893456305,2021-10,0.749626477402069
8596605705893456305,2021-11,0.17112488531479125
8596605705893456305,2021-11,0.1395604260379964
8919892162361650175,2021-10,0.08810513631617514
8919892162361650175,2021-10,0.07524371308567893
8919892162361650175,2021-10,0.07333818908916626
8919892162361650175,2021-11,0.09474487137873815
8919892162361650175,2021-11,0.09474487137873815
2033394215069562776,2021-10,0.004998581581161897
2033394215069562776,2021-10,0.014128090882308847
2033394215069562776,2021-11,0.01077906358399467
2033394215069562776,2021-11,0.01077906358399467
2033394215069562776,2021-11,0.005438227106999924
1069093308328204542,2021-10,0.0015114045875153446
1069093308328204542,2021-10,0.0011808450269680285
3941676647656952109,2021-10,0.21776902174619792
3941676647656952109,2021-10,0.2426086228615813
3941676647656952109,2021-11,0.13798184285381368
3941676647656952109,2021-11,0.13798184285381368
3941676647656952109,2021-11,0.12648372842990308
2451708306555441014,2021-10,0.003924108116278772
2451708306555441014,2021-11,0.0029186000327367217
3812760626052898456,2021-10,0.0004240510286378452
3812760626052898456,2021-11,0.0019647681282688864
1366416810235233769,2021-10,0.0015185303015556187
1366416810235233769,2021-10,0.0029344419276240846
1366416810235233769,2021-10,0.0012279015586944412
1366416810235233769,2021-11,0.028716604537908037
1366416810235233769,2021-11,0.0030012447908333464
2302464746243069589,2021-10,0.013961600895012825
2302464746243069589,2021-10,0.008659435284532896
2302464746243069589,2021-11,0.0021893284106052524
4850722092974676955,2021-10,0.0006870175735236207
6367769402148499693,2021-10,0.001470373719857854
6367769402148499693,2021-10,0.0030786241630392465
6367769402148499693,2021-11,0.002562904116570892
4935929591787890253,2021-10,0.00282293429801344
4935929591787890253,2021-10,0.002698163909948895
4935929591787890253,2021-11,0.0024091411035602134
4935929591787890253,2021-11,0.002579292608060239
314309872114206760,2021-10,0.02947239689894329
5369576709077493659,2021-10,0.002314726444934628
5369576709077493659,2021-10,0.020327804650712253
5369576709077493659,2021-11,0.04442280136898694
5369576709077493659,2021-11,0.010061259177914651
5369576709077493659,2021-11,0.0097176994111177
5810778736737569699,2021-10,0.004141880274282891
5810778736737569699,2021-10,0.004342461339047175
5810778736737569699,2021-11,0.004715131612580431
5810778736737569699,2021-11,0.010750277558355904
1088521227159442264,2021-10,0.004158754476571325
1088521227159442264,2021-10,0.021215335203278386
1088521227159442264,2021-10,0.004158754476571325
1088521227159442264,2021-10,0.0032737117079972584
1088521227159442264,2021-11,0.01378256814020176
1088521227159442264,2021-11,0.004077980483903005
1088521227159442264,2021-11,0.03992780683105348
1088521227159442264,2021-11,0.01378256814020176
6518776090651183119,2021-10,0.715390314992714
1551531256789550891,2021-10,0.000126372381365313
1551531256789550891,2021-10,0.0002061554657718191
1551531256789550891,2021-11,0.00023171743001481381
2083323809219952960,2021-10,0.0009925012724746906
2083323809219952960,2021-10,0.0007020079883472807
2083323809219952960,2021-10,0.0009925012724746906
2083323809219952960,2021-10,0.0009925012724746906
2083323809219952960,2021-11,0.0002699188568086213
2083323809219952960,2021-11,0.00021447544123073456
2083323809219952960,2021-11,0.00028584757557307676
2083323809219952960,2021-11,0.00026067470608253675
1292049196559782171,2021-10,0.0003653434632452699
1292049196559782171,2021-10,0.00047684874418733994
1292049196559782171,2021-10,0.0005126999474128544
1292049196559782171,2021-10,0.0004326361416771055
1292049196559782171,2021-10,0.0008390681763211973
1292049196559782171,2021-10,0.0007667738644017172
1292049196559782171,2021-11,0.00048823175032254975
1292049196559782171,2021-11,0.00048823175032254975
1292049196559782171,2021-11,0.0005249383194153712
1292049196559782171,2021-11,0.0005332073180001951
1292049196559782171,2021-11,0.0005332073180001951
3591324331706630867,2021-10,0.029355211461879523
3591324331706630867,2021-10,0.03694037585304279
3591324331706630867,2021-11,0.027484171979279964
2382123267535341265,2021-10,0.005821423151591009
8609938720215175911,2021-10,0.003301242794404367
8609938720215175911,2021-10,0.0031068086851937437
8609938720215175911,2021-10,0.0037176756001178943
8609938720215175911,2021-10,0.015495800856638273
8609938720215175911,2021-11,0.0024608150058321853
8609938720215175911,2021-11,0.0037714413511122273
8609938720215175911,2021-11,0.0026082104950785243
8609938720215175911,2021-11,0.11544202586294026
8609938720215175911,2021-11,0.002475876255773236
2808145376905474927,2021-10,0.0021474215017444932
2808145376905474927,2021-11,0.0019372014065132444
2808145376905474927,2021-11,0.002093197634448256
7750874287225529604,2021-10,0.004225074218147558
7750874287225529604,2021-10,0.01280820102744334
7750874287225529604,2021-10,0.005552622617597061
7750874287225529604,2021-11,0.005137862954734118
7750874287225529604,2021-11,0.005645005397995276
6969348581033924947,2021-10,0.0007652950426932114
6969348581033924947,2021-10,0.000758093289560061
6969348581033924947,2021-10,0.000758093289560061
6969348581033924947,2021-10,0.0007221355178693693
6969348581033924947,2021-10,0.0005829576457491052
6969348581033924947,2021-11,0.0002761575393132975
6969348581033924947,2021-11,0.00029545194422404445
6969348581033924947,2021-11,0.00029545194422404445
6969348581033924947,2021-11,0.0002486203075317748
6969348581033924947,2021-11,0.00029545194422404445
5931905128207886847,2021-10,0.03629514191712677
8252215766413781202,2021-10,0.0012680443686614523
2645324649046215594,2021-10,0.002189963834910776
2645324649046215594,2021-10,0.0018699494864870634
2645324649046215594,2021-10,0.0018652840484390631
2645324649046215594,2021-10,0.002189963834910776
2645324649046215594,2021-11,0.0032840586738589997
2645324649046215594,2021-11,0.003412991743234922
2645324649046215594,2021-11,0.003597755119683073
2645324649046215594,2021-11,0.0033081999732258905
2645324649046215594,2021-11,0.003597755119683073
6916556752218696485,2021-10,0.0058702087491239235
6916556752218696485,2021-10,0.003070547247272881
6916556752218696485,2021-10,0.003070547247272881
6916556752218696485,2021-10,0.003070547247272881
6916556752218696485,2021-10,0.0034584063556796314
6916556752218696485,2021-10,0.00291654352158369
6916556752218696485,2021-10,0.0070738966945781195
6916556752218696485,2021-10,0.006624597134709378
6916556752218696485,2021-10,0.004852611433572773
6916556752218696485,2021-10,0.0029030548872041066
6916556752218696485,2021-11,0.25325926444889335
6916556752218696485,2021-11,0.004256135788346401
6916556752218696485,2021-11,0.004024232942003565
6916556752218696485,2021-11,0.004024232942003565
6916556752218696485,2021-11,0.005786592238484243
6916556752218696485,2021-11,0.006512758234385298
6916556752218696485,2021-11,0.006271485579388157
6916556752218696485,2021-11,0.0037124416404018556
4210463673385510745,2021-10,0.01669202252686899
4210463673385510745,2021-10,0.022220860996265697
4210463673385510745,2021-11,0.9269900552577951
4210463673385510745,2021-11,0.008300067142736725
4210463673385510745,2021-11,0.014924259563127526
4679462479444735708,2021-10,0.003739013386022347
4679462479444735708,2021-10,0.2785477103090684
4679462479444735708,2021-10,0.004767247288501079
4679462479444735708,2021-11,0.0008504591409050386
4679462479444735708,2021-11,0.0017988167404510659
4237135112070444140,2021-10,0.007228587462031578
4237135112070444140,2021-10,0.01499819879168403
4237135112070444140,2021-11,0.01328644006406182
7177785309735471560,2021-10,0.0001173668138744267
7177785309735471560,2021-10,0.00014339088698635456
7177785309735471560,2021-10,0.00024384174296554722
7177785309735471560,2021-10,0.00023481203460597476
7177785309735471560,2021-11,0.00014795386030256645
7177785309735471560,2021-11,0.000123991780795747
7177785309735471560,2021-11,0.00011635102431928486
1097345589386012260,2021-10,0.0004109242896577512
1097345589386012260,2021-10,0.000521469077078945
1097345589386012260,2021-11,0.0009673326319704082
1097345589386012260,2021-11,0.0010776728903225802
8385636129786687263,2021-10,0.001542466109604697
8385636129786687263,2021-10,0.001542466109604697
8385636129786687263,2021-11,0.001440757961222231
873223039957991123,2021-10,0.0036774555850243034
8313765100460016738,2021-10,0.286724903653824
8313765100460016738,2021-10,0.36028536244174875
8313765100460016738,2021-10,0.5760458398410955
8313765100460016738,2021-10,0.38438282166898974
8313765100460016738,2021-11,0.2959519235600048
8163895533020293251,2021-10,0.24511782731098952
8163895533020293251,2021-10,0.4610970142176151
8163895533020293251,2021-11,0.43986817314642995
8163895533020293251,2021-11,0.4902737822266105
7930925883736021864,2021-10,0.02102927141754505
7930925883736021864,2021-10,0.008862606586547823
7930925883736021864,2021-10,0.009820663798701794
7930925883736021864,2021-10,0.008862606586547823
7930925883736021864,2021-10,0.008762919755604804
7930925883736021864,2021-10,0.010027996468922199
7930925883736021864,2021-10,0.010027996468922199
7930925883736021864,2021-10,0.0167711984742967
7930925883736021864,2021-10,0.008862606586547823
7930925883736021864,2021-11,0.01753115633878644
7930925883736021864,2021-11,0.003949778308992902
7930925883736021864,2021-11,0.004319526900365113
7930925883736021864,2021-11,0.003949778308992902
7930925883736021864,2021-11,0.0038684987917321223
7930925883736021864,2021-11,0.004097871323975744
7930925883736021864,2021-11,0.010984331119754708
7930925883736021864,2021-11,0.003949778308992902
7930925883736021864,2021-11,0.004097871323975744
5577659616907513811,2021-10,0.34920022352855434
5577659616907513811,2021-11,0.0764228821777732
5577659616907513811,2021-11,0.22163671171202415
2771214050521171719,2021-10,0.003629158676809064
2771214050521171719,2021-11,0.002831125583928024
2771214050521171719,2021-11,0.0028935508746010074
2771214050521171719,2021-11,0.0026216726534138307
824632039241482307,2021-10,0.004666572967718468
4071158585850879204,2021-10,0.002575567508266927
4071158585850879204,2021-10,0.004547208935211844
4071158585850879204,2021-11,0.01595144859356837
4071158585850879204,2021-11,0.008950283118431724
4071158585850879204,2021-11,0.009085104053276605
4071158585850879204,2021-11,0.0037650792215303554
6486277549325701534,2021-10,0.003354755197782357
6486277549325701534,2021-11,0.0023547071689283433
4995217181024687397,2021-10,0.00015798910057770893
4995217181024687397,2021-10,0.00010824671417499819
4995217181024687397,2021-11,0.00019975447843913327
4995217181024687397,2021-11,0.00020415728393778404
2870813069335519467,2021-10,0.006949232647608429
340285351737204923,2021-10,0.019136719232432032
340285351737204923,2021-10,0.019100064171924072
340285351737204923,2021-10,0.019991344461033914
8287608084245946173,2021-10,0.0028705183904982356
8287608084245946173,2021-10,0.0024038888310427674
8287608084245946173,2021-10,0.002905968149160244
8287608084245946173,2021-10,0.0030070555055612654
8287608084245946173,2021-11,0.0021622395672645945
8287608084245946173,2021-11,0.0016390116082676362
8287608084245946173,2021-11,0.0021622395672645945
8287608084245946173,2021-11,0.0021622395672645945
1977574645216036803,2021-10,0.22037177379989298
1977574645216036803,2021-11,0.6401208481997921
1977574645216036803,2021-11,0.565022076556781
4571290108043699959,2021-10,0.0006853769208673635
4571290108043699959,2021-10,0.0004482913348298268
4571290108043699959,2021-11,0.0004641139097622347
4571290108043699959,2021-11,0.019827689407880884
4571290108043699959,2021-11,0.0007813049372859774
4571290108043699959,2021-11,0.000492114331784398
4571290108043699959,2021-11,0.0007813049372859774
3095686599956852697,2021-10,0.0017886566604869297
3095686599956852697,2021-10,0.0033940867522586396
3095686599956852697,2021-11,0.002197789447320304
3095686599956852697,2021-11,0.0019547274354228803
4593070249039532001,2021-10,0.0007861768406384745
4593070249039532001,2021-11,0.0010050355523808314
4593070249039532001,2021-11,0.0010551195966147882
4045739494965095560,2021-10,0.00035799829679480867
4045739494965095560,2021-10,0.0003928769835629043
4045739494965095560,2021-10,0.00037503311716783136
4045739494965095560,2021-10,0.0003970761185584015
4045739494965095560,2021-10,0.0002833902045869808
4045739494965095560,2021-11,0.0005342527079862505
4045739494965095560,2021-11,0.0005243269126263605
4045739494965095560,2021-11,0.0005241440538661945
4045739494965095560,2021-11,0.0004855818347074812
4045739494965095560,2021-11,0.0005243269126263605
4045739494965095560,2021-11,0.0007132861357130936
4045739494965095560,2021-11,0.0004958566564022061
7085295800541340563,2021-10,0.007873200156246521
7085295800541340563,2021-10,0.007565918493698418
7085295800541340563,2021-10,0.014318278943452495
7085295800541340563,2021-10,0.005861148928517119
7085295800541340563,2021-10,0.013517918288062314
7085295800541340563,2021-10,0.013754494941707595
7085295800541340563,2021-11,0.006573915705098836
7085295800541340563,2021-11,0.005034444293519534
7085295800541340563,2021-11,0.0038364019434907024
6238903426443761049,2021-10,0.0016435671896848788
6238903426443761049,2021-10,0.0016435671896848788
6238903426443761049,2021-10,0.0016955021161880587
6238903426443761049,2021-10,0.0016435671896848788
6238903426443761049,2021-10,0.0016955021161880587
6238903426443761049,2021-10,0.0016435671896848788
6238903426443761049,2021-10,0.0028277254932969247
6238903426443761049,2021-11,0.007821940878895355
6238903426443761049,2021-11,0.009753359750303427
6238903426443761049,2021-11,0.018528140734730896
8826489829259520138,2021-10,0.0008862542235472322
8826489829259520138,2021-11,0.0009277490467715589
8826489829259520138,2021-11,0.012697994559753466
8826489829259520138,2021-11,0.0011996835348076467
5166128847048245697,2021-10,0.0012810826939057254
5166128847048245697,2021-10,0.000499198910456071
5166128847048245697,2021-10,0.000946840549891354
5166128847048245697,2021-11,0.00015281141626936887
5166128847048245697,2021-11,0.00015281141626936887
4465150716052427320,2021-10,0.0009625310028332869
4465150716052427320,2021-11,0.001313225243350361
4465150716052427320,2021-11,0.001032826193834752
4465150716052427320,2021-11,0.001313225243350361
7595945751692012281,2021-10,0.0018982884063451521
7595945751692012281,2021-10,0.0020165608156173993
2493305884832539159,2021-10,0.026671404231427477
2493305884832539159,2021-10,0.0399217159598364
324916756972236008,2021-10,0.002087218687564707
324916756972236008,2021-10,0.002370870900115314
324916756972236008,2021-10,0.0021762786213203288
324916756972236008,2021-10,0.0032792415403493525
324916756972236008,2021-10,0.0021762786213203288
324916756972236008,2021-11,0.0009095192261860685
324916756972236008,2021-11,0.0014340437213999813
8994944800097997361,2021-10,0.0021936159361785946
8994944800097997361,2021-11,0.0038499366565673604
8994944800097997361,2021-11,0.00439829210814941
8706851346184249504,2021-10,0.00043405924321839826
8706851346184249504,2021-10,0.0005910118374375136
8706851346184249504,2021-11,0.0009954448001230694
8706851346184249504,2021-11,0.0010066585831449493
3713742318997880410,2021-10,0.0024828578370454154
3713742318997880410,2021-10,0.002125817951387173
1708019696828098378,2021-10,0.4987348084428965
1708019696828098378,2021-10,0.4987348084428965
1708019696828098378,2021-11,0.4220157912962758
3022528659032597047,2021-10,0.005159262481388555
3022528659032597047,2021-10,0.012649463406503893
3022528659032597047,2021-11,0.005914963714050841
3022528659032597047,2021-11,0.004971047441038863
7708030042671632236,2021-10,0.022112896213440866
7708030042671632236,2021-10,0.008588179354048523
7708030042671632236,2021-10,0.007876449883311976
5440313607363845188,2021-10,0.00048297597820374155
5440313607363845188,2021-11,7.401440238955009e-05
5383359512938607117,2021-10,0.0076145787039888346
3263212305228307743,2021-10,0.00037744147323948103
3263212305228307743,2021-11,0.00021155445140620842
3263212305228307743,2021-11,0.0002697787546287566
2598475569074240783,2021-10,0.008895304076299957
2598475569074240783,2021-10,0.017999338042217025
2598475569074240783,2021-11,0.010743317974783189
1617695035450525647,2021-10,0.00011582487708190414
1617695035450525647,2021-10,0.00011204093743577726
1617695035450525647,2021-10,8.95052317749002e-05
1617695035450525647,2021-10,0.00028542902046611
1617695035450525647,2021-10,0.00028542902046611
1617695035450525647,2021-10,0.00043451234533199094
1617695035450525647,2021-11,7.360460480891924e-05
3634047863995720708,2021-10,0.004050710152975548
3634047863995720708,2021-10,0.004050710152975548
1951407691087813358,2021-10,0.00044909437941293215
1951407691087813358,2021-11,0.00042233490848438875
1951407691087813358,2021-11,0.00048012565169560495
6817075905797098547,2021-10,0.010274275922852587
6817075905797098547,2021-10,0.010274275922852587
6817075905797098547,2021-10,0.008817306614068461
6817075905797098547,2021-11,0.003556877473449563
644457054514416604,2021-10,0.1722966826102266
472772897496154354,2021-10,0.11806770482967237
472772897496154354,2021-11,0.009716121749123922
2550506309527280168,2021-10,0.00297951085954453
6681781879793693802,2021-10,0.0005587450877777789
6681781879793693802,2021-11,0.00038013262164833793
4008627434689715639,2021-10,0.08466043839147727
4008627434689715639,2021-11,0.38791656421726334
5753677550753111444,2021-10,5.194919074964191e-05
5753677550753111444,2021-10,9.398148339371338e-05
5753677550753111444,2021-10,5.982198642867162e-05
5753677550753111444,2021-10,6.887559634169904e-05
5753677550753111444,2021-11,5.931788586701896e-05
6198047969028248384,2021-10,0.005564609194062014
6198047969028248384,2021-10,0.0034655174056175105
6198047969028248384,2021-11,0.005210686047721257
924957821424248698,2021-10,0.0009748482476819548
924957821424248698,2021-10,0.0008411688872162181
924957821424248698,2021-10,0.0011668450130991955
924957821424248698,2021-11,0.0015887346721654208
924957821424248698,2021-11,0.0015887346721654208
1003144834589372198,2021-10,0.0003656576126434434
1003144834589372198,2021-10,0.0006846764129198965
1003144834589372198,2021-10,0.00041876945749453253
1003144834589372198,2021-10,0.0007205537544475268
1003144834589372198,2021-10,0.00037928823098947275
1003144834589372198,2021-10,0.00042151492658025914
1003144834589372198,2021-11,0.0007412521456712593
1003144834589372198,2021-11,0.0004444443596921084
1003144834589372198,2021-11,0.00038942173293155815
1003144834589372198,2021-11,0.0007800917659380349
1003144834589372198,2021-11,0.0004235055856487565
1003144834589372198,2021-11,0.0004516633057551988
1003144834589372198,2021-11,0.0004235055856487565
1003144834589372198,2021-11,0.00045384911528403404
6858769421191999702,2021-10,0.005080068513376755
6858769421191999702,2021-11,0.009894754383460233
7707459425750676368,2021-10,0.4381019980100098
1467843186411742274,2021-10,0.01881224569515308
1467843186411742274,2021-11,0.005693032409535419
1467843186411742274,2021-11,0.0056493559911881255
2006188298374001315,2021-10,0.0047458582640858725
2006188298374001315,2021-11,0.00256424781396684
8512214463586144353,2021-10,0.0010599800827705067
8512214463586144353,2021-10,0.0018692508603289227
8512214463586144353,2021-11,0.0009319074317863768
8512214463586144353,2021-11,0.0009004256411424111
1477629972594346481,2021-10,0.03537046554530599
1477629972594346481,2021-11,0.010154338644738806
1477629972594346481,2021-11,0.049476801442779085
3660744270380078352,2021-10,0.01945013945602087
3660744270380078352,2021-10,0.008632841395448367
3660744270380078352,2021-11,0.017608220028307215
3660744270380078352,2021-11,0.01982401788107982
3660744270380078352,2021-11,0.0330689825736628
3660744270380078352,2021-11,0.026775386009892387
417157680860985231,2021-10,3.838695068903662e-05
417157680860985231,2021-10,0.08878237239242255
417157680860985231,2021-10,3.109279138035794e-05
417157680860985231,2021-10,3.838695068903662e-05
417157680860985231,2021-10,4.302242351475044e-05
417157680860985231,2021-10,3.0071762490767564e-05
417157680860985231,2021-11,1.1250902770200757e-05
417157680860985231,2021-11,1.0984306235287158e-05
417157680860985231,2021-11,1.1250902770200757e-05
417157680860985231,2021-11,1.3879786888293115e-05
524026009392362402,2021-10,0.6421885892429867
8348574220426911086,2021-10,0.001514531587230155
8348574220426911086,2021-10,0.002877923789704729
8348574220426911086,2021-10,0.002272013764693606
8348574220426911086,2021-10,0.004350648379091872
8348574220426911086,2021-11,0.002499871723149218
187117706370645370,2021-10,0.012411901225727107
187117706370645370,2021-10,0.010728445115517906
187117706370645370,2021-10,0.006375068870910856
187117706370645370,2021-11,0.015544295775297402
187117706370645370,2021-11,0.06742258178865788
187117706370645370,2021-11,0.007745605735784391
187117706370645370,2021-11,0.018263919806628687
8255085612985072878,2021-10,0.0005881567866768116
8255085612985072878,2021-11,0.000984468512633565
8255085612985072878,2021-11,0.000984468512633565
8343941262792249232,2021-10,0.003909481078614022
8343941262792249232,2021-10,0.003909481078614022
8343941262792249232,2021-10,0.003909481078614022
8343941262792249232,2021-10,0.003909481078614022
8343941262792249232,2021-11,0.0032485070814710607
3977861004707764824,2021-10,0.006343626199329134
3977861004707764824,2021-10,0.004007603857112936
3977861004707764824,2021-10,0.004603218934975294
3977861004707764824,2021-10,0.0038413528328896536
3977861004707764824,2021-10,0.0025662683400335643
3977861004707764824,2021-10,0.0026463755679466535
3977861004707764824,2021-10,0.003967085208049079
3977861004707764824,2021-10,0.005071723083053771
3977861004707764824,2021-10,0.0038413528328896536
3977861004707764824,2021-11,0.003911219979909282
3977861004707764824,2021-11,0.004524073951087555
3977861004707764824,2021-11,0.008787091593232288
3977861004707764824,2021-11,0.0050588695598813935
3977861004707764824,2021-11,0.0050588695598813935
3977861004707764824,2021-11,0.003911219979909282
3977861004707764824,2021-11,0.006060739961114196
7458891296671174680,2021-10,0.14185530151806588
7458891296671174680,2021-10,0.14185530151806588
2371917341091102894,2021-10,0.016001394560095476
2371917341091102894,2021-10,0.019681371333688583
2371917341091102894,2021-10,0.007829860691631628
465309249432033993,2021-10,0.0031846871731130784
465309249432033993,2021-10,0.0032624758576833197
465309249432033993,2021-10,0.0032624758576833197
465309249432033993,2021-11,0.006675804560823733
465309249432033993,2021-11,0.006254642051755877
465309249432033993,2021-11,0.006973253011886019
465309249432033993,2021-11,0.006675804560823733
1717812527056208209,2021-10,0.41688546209182525
1717812527056208209,2021-11,0.5213103377386404
3629889536335411116,2021-10,0.0010067446123084016
2408009918678280470,2021-10,0.0017140463403351532
2408009918678280470,2021-10,0.0023113655024559355
2408009918678280470,2021-10,0.0023113655024559355
2408009918678280470,2021-10,0.007018860085671151
2408009918678280470,2021-10,0.002307601153493365
2408009918678280470,2021-10,0.004134551287809461
2408009918678280470,2021-11,0.007251804234910779
2408009918678280470,2021-11,0.010312468674885897
2408009918678280470,2021-11,0.013098112048444759
2408009918678280470,2021-11,0.010597923599762598
5883155883105348987,2021-10,0.05099382578194037
5883155883105348987,2021-10,0.03326964661460609
5883155883105348987,2021-10,0.02600649347988322
5883155883105348987,2021-10,0.05257094072908012
5883155883105348987,2021-10,0.03274183103449143
5883155883105348987,2021-10,0.02600649347988322
5883155883105348987,2021-10,0.02600649347988322
5883155883105348987,2021-10,0.03503943508697893
5883155883105348987,2021-11,0.08756435706378296
5883155883105348987,2021-11,0.05455514772519264
5883155883105348987,2021-11,0.0397292008122062
5883155883105348987,2021-11,0.07411244187291038
5883155883105348987,2021-11,0.024289261118359984
5883155883105348987,2021-11,0.0244681244490783
5883155883105348987,2021-11,0.03567434495573568
5883155883105348987,2021-11,0.023747458047555244
5883155883105348987,2021-11,0.1588719697826589
2619109825960703851,2021-10,0.00925022358712835
2619109825960703851,2021-10,0.00925022358712835
2619109825960703851,2021-11,0.01119817591291654
2619109825960703851,2021-11,0.009198236603534207
2619109825960703851,2021-11,0.008950925745209814
2619109825960703851,2021-11,0.01119817591291654
8729164666041467296,2021-10,0.002887568102223453
3472934456083131714,2021-10,0.2022011404111667
3472934456083131714,2021-10,0.005657369646693256
3472934456083131714,2021-11,0.01658354001299002
6546850858912852316,2021-10,0.10899758784359467
6546850858912852316,2021-10,0.15046978586171056
2397171153213063761,2021-10,0.004995932769967628
2397171153213063761,2021-10,0.0037184551087081825
2397171153213063761,2021-10,0.002685325738196562
2397171153213063761,2021-11,0.0024363543534045694
2397171153213063761,2021-11,0.0035813546653399447
2397171153213063761,2021-11,0.0024867429142141017
2397171153213063761,2021-11,0.004868638798609951
2397171153213063761,2021-11,0.0025311765544534215
2397171153213063761,2021-11,0.002968338399233333
1044568737046072781,2021-10,0.04596095572919894
1044568737046072781,2021-10,0.05483752563701883
1044568737046072781,2021-10,0.02345542761223806
1044568737046072781,2021-11,0.033504012902009384
1044568737046072781,2021-11,0.01672879509347213
5306165689101138983,2021-10,0.0010162535416028222
8733525963966339207,2021-10,0.3314494217565334
8733525963966339207,2021-10,0.40451148180841906
8733525963966339207,2021-10,0.3314494217565334
8733525963966339207,2021-11,0.8634089571748361
3137879241768961145,2021-10,0.0011007092899982906
3137879241768961145,2021-10,0.0011007092899982906
3137879241768961145,2021-10,0.0012380439578390779
3137879241768961145,2021-11,0.0005580872595465668
3137879241768961145,2021-11,0.0005770241443286858
6122719618012473549,2021-10,0.004210596547531216
6122719618012473549,2021-11,0.0035651316191568252
6122719618012473549,2021-11,0.007989008401964844
8901696535927078963,2021-10,0.0008255897036358317
8901696535927078963,2021-10,0.0006787409423141779
8901696535927078963,2021-10,0.0008020880833104366
8901696535927078963,2021-11,0.06884137238337659
8901696535927078963,2021-11,0.0009307391784296696
8901696535927078963,2021-11,0.0010988004377839367
8724731934863284019,2021-10,0.015965409853476508
8724731934863284019,2021-10,0.00337923127974119
8724731934863284019,2021-10,0.007725511813062094
8724731934863284019,2021-11,0.011449091916688536
8724731934863284019,2021-11,0.04524476788118279
8724731934863284019,2021-11,0.005240236386186227
8724731934863284019,2021-11,0.005240236386186227
4335865859049992260,2021-10,0.0033463688778818212
4335865859049992260,2021-10,0.008719030877721887
4335865859049992260,2021-10,0.003553705045233851
4335865859049992260,2021-10,0.00836040718113434
4335865859049992260,2021-11,0.009950754919936588
4335865859049992260,2021-11,0.009950754919936588
4335865859049992260,2021-11,0.004121169226444168
5999145415800242177,2021-10,0.011999971062866746
5999145415800242177,2021-10,0.02546782771855335
5999145415800242177,2021-11,0.009842271512308456
5999145415800242177,2021-11,0.011315012880366567
5999145415800242177,2021-11,0.01587179372356907
8213533889694327948,2021-10,6.59913370931846e-05
8213533889694327948,2021-10,8.301545424834188e-05
8213533889694327948,2021-10,7.093024179175251e-05
8213533889694327948,2021-10,8.301545424834188e-05
8213533889694327948,2021-11,0.00010336761174913013
8213533889694327948,2021-11,0.00014096492154947927
8213533889694327948,2021-11,0.00010528021502088568
8213533889694327948,2021-11,0.00011728033717904773
8213533889694327948,2021-11,0.00010877901185330365
6721448955097663572,2021-10,0.0051229339862511256
6721448955097663572,2021-10,0.005763543494020757
6721448955097663572,2021-10,0.0055109023221648415
6721448955097663572,2021-10,0.004828992778613984
6721448955097663572,2021-10,0.002855535621249394
6721448955097663572,2021-11,0.002745291407800945
5263285038415073073,2021-10,0.17082906613189155
5263285038415073073,2021-10,0.22994784286882952
3036967290595689189,2021-10,0.00048177860331415035
1192891347324061812,2021-10,0.0004881076556369132
1192891347324061812,2021-10,0.00045724178257670087
1192891347324061812,2021-10,0.0004540611589166045
1192891347324061812,2021-10,0.0004540611589166045
1192891347324061812,2021-10,0.0004540611589166045
1192891347324061812,2021-10,0.0004540611589166045
1192891347324061812,2021-11,0.0004326956584396187
1192891347324061812,2021-11,0.0004326956584396187
1192891347324061812,2021-11,0.0004296857068930662
1192891347324061812,2021-11,0.00045507708037809954
1192891347324061812,2021-11,0.0004296857068930662
1192891347324061812,2021-11,0.00041644940185473335
1192891347324061812,2021-11,0.0004619053236385083
5048392903148444335,2021-10,0.011721405195985385
5048392903148444335,2021-11,0.006949086126039404
1276604410881911401,2021-10,0.007289074392553259
1276604410881911401,2021-10,0.007532346402121996
1276604410881911401,2021-10,0.1004615360564665
1276604410881911401,2021-10,0.007219633207216329
1276604410881911401,2021-10,0.007289074392553259
1276604410881911401,2021-11,0.014225249901054478
1276604410881911401,2021-11,0.017036631196938164
1276604410881911401,2021-11,0.010364870529453023
1329553496073467331,2021-10,0.0011836159319263202
8779038337925278543,2021-10,0.0036959373189180324
761746217261797478,2021-10,0.0001656260294887102
761746217261797478,2021-10,0.00012168344046659642
761746217261797478,2021-11,0.00013454831105134737
761746217261797478,2021-11,0.0001333827580521849
2983174282784691273,2021-10,0.0010380517339966743
2983174282784691273,2021-10,0.0010380517339966743
2983174282784691273,2021-10,0.001456812145965624
2983174282784691273,2021-11,0.06929114891988356
5122095358293179297,2021-10,0.004373576226152049
5122095358293179297,2021-10,0.00528821092257669
5122095358293179297,2021-11,0.002878973903740033
5122095358293179297,2021-11,0.02657950448104243
5122095358293179297,2021-11,0.0036047826782512173
3480297543931395935,2021-10,0.08936390936458014
3480297543931395935,2021-10,0.07972153753571974
5058298901476893676,2021-10,0.002077320093451787
5058298901476893676,2021-11,0.0020483948559723037
5058298901476893676,2021-11,0.001964852795848358
8464809590757561185,2021-10,0.0008546087055439244
8464809590757561185,2021-10,0.0009162745428628238
8464809590757561185,2021-10,0.0008439741610696469
8464809590757561185,2021-10,0.0008439741610696469
8464809590757561185,2021-11,0.0008248399387462299
8464809590757561185,2021-11,0.02240547973252292
8464809590757561185,2021-11,0.0026731345738347273
8464809590757561185,2021-11,0.0012125740724804664
6941381638534728190,2021-10,0.0005475257019155251
6941381638534728190,2021-11,0.019414369575346806
6941381638534728190,2021-11,0.00039744726373890066
6941381638534728190,2021-11,0.00037544720409982027
6941381638534728190,2021-11,0.0003725404937037605
3355881107559250653,2021-10,0.0016521743526516474
3355881107559250653,2021-10,0.0032186797312042264
3355881107559250653,2021-10,0.0026766143468024963
3355881107559250653,2021-10,0.003336191500815634
3355881107559250653,2021-10,0.0016521743526516474
3355881107559250653,2021-10,0.003045491121358654
3355881107559250653,2021-11,0.007298314138344382
3355881107559250653,2021-11,0.16406498770021302
3355881107559250653,2021-11,0.007274145411836639
3355881107559250653,2021-11,0.009982706330251417
6118873739225005756,2021-10,0.0003690203676390601
6118873739225005756,2021-10,0.00040794868610141943
8067924767167570288,2021-10,0.007738115160032965
8067924767167570288,2021-10,0.007738115160032965
6826420906256954294,2021-10,0.02883269433466275
8536980239903840341,2021-10,0.001474131499046031
8536980239903840341,2021-10,0.0030484634636242596
8536980239903840341,2021-10,0.0021098979828182876
8536980239903840341,2021-11,0.0008131222463935658
8536980239903840341,2021-11,0.0017371419974896443
1192810733461560329,2021-10,0.0001663112286007316
1192810733461560329,2021-10,0.00041346881537244025
1192810733461560329,2021-10,0.000144057259583596
1192810733461560329,2021-10,0.00018007878281810436
1192810733461560329,2021-10,0.00041346881537244025
1192810733461560329,2021-11,0.0002240953486230812
1192810733461560329,2021-11,0.00010539578377133534
1192810733461560329,2021-11,8.558932416371643e-05
1192810733461560329,2021-11,0.00023615603818786659
4489904752023469353,2021-10,0.11484397388301816
4489904752023469353,2021-10,0.11424678176290037
4489904752023469353,2021-11,0.14948655066934247
4489904752023469353,2021-11,0.07099224310422583
5880041582322293710,2021-10,0.0004784014295558488
5880041582322293710,2021-10,0.0009129094213916161
5880041582322293710,2021-10,0.0009129094213916161
5880041582322293710,2021-10,0.0011227933741314953
5880041582322293710,2021-10,0.0007934718013242299
5880041582322293710,2021-10,0.001572616851171142
5108407319813072955,2021-10,0.001279796997050162
5108407319813072955,2021-10,0.002115307146691139
5108407319813072955,2021-10,0.0029093186157787016
5108407319813072955,2021-10,0.0014893775940892002
5108407319813072955,2021-11,0.0014918772900943864
5108407319813072955,2021-11,0.0011894279368159769
4740535838297269949,2021-10,0.0007812989550849019
4740535838297269949,2021-11,0.0025965140852899486
4740535838297269949,2021-11,0.000567951463952026
2467590416042313927,2021-10,0.0007468398939124393
2467590416042313927,2021-11,0.0004756924429916085
8909740532547211288,2021-10,0.0008930106069748192
8909740532547211288,2021-10,0.0015171405038418107
8909740532547211288,2021-10,0.0009842364783787868
8909740532547211288,2021-11,0.0004839594286877907
8909740532547211288,2021-11,0.0004839594286877907
7963861799566207637,2021-10,3.645230522810318e-05
7963861799566207637,2021-10,2.5716896882428465e-05
7963861799566207637,2021-10,2.4580846740887487e-05
7963861799566207637,2021-11,3.081881350810614e-05
274692171162531764,2021-10,0.008330528403741521
274692171162531764,2021-10,0.00934679137387847
5499433941404698208,2021-10,0.0017279586547080442
5499433941404698208,2021-10,0.0038633791447620462
5499433941404698208,2021-11,0.0027520940525792817
660382477567765256,2021-10,0.01309940215544223
660382477567765256,2021-10,0.009419982629692004
660382477567765256,2021-11,0.005902274351118526
660382477567765256,2021-11,0.005401863915544628
5993765508162121762,2021-10,0.0400876784372637
5993765508162121762,2021-10,0.04232585036277684
5993765508162121762,2021-11,0.0481179638366894
5993765508162121762,2021-11,0.017638061229450656
5993765508162121762,2021-11,0.01920202577894778
1536087798470875922,2021-10,0.05624576884369754
1536087798470875922,2021-10,0.05716158581133734
1536087798470875922,2021-11,0.01823685017391314
8564920972266217847,2021-10,0.0016164333790536826
8564920972266217847,2021-11,0.005475812012733111
8564920972266217847,2021-11,0.005107427648484017
6330043096034525408,2021-10,0.4474425618581817
6330043096034525408,2021-10,0.05927739718491078
6330043096034525408,2021-10,0.7484393010845696
6330043096034525408,2021-10,0.05144022701193123
6330043096034525408,2021-10,0.05167030804485679
6330043096034525408,2021-11,0.05633204920795522
2432667449154431819,2021-10,0.490433052653656
521351744568531135,2021-10,0.003601398449682423
521351744568531135,2021-11,0.0021170411131418497
521351744568531135,2021-11,0.0016832290183249735
4414438591613884911,2021-10,0.0050022663091515325
4414438591613884911,2021-11,0.0021826634258260255
4414438591613884911,2021-11,0.0030517965719820952
4414438591613884911,2021-11,0.0022904317780450627
8961924617442201922,2021-10,0.0010133589317975317
8961924617442201922,2021-10,0.0007898510035953414
8961924617442201922,2021-11,0.006079086080617875
8961924617442201922,2021-11,0.03339547152716056
8961924617442201922,2021-11,0.0037509690460458996
8961924617442201922,2021-11,0.004096200274139319
717981637594591016,2021-10,0.025844001948718127
717981637594591016,2021-10,0.0002474458578101567
717981637594591016,2021-10,0.0002474458578101567
717981637594591016,2021-10,0.00029731568423541625
5225029212547588718,2021-10,0.003944751533425367
5225029212547588718,2021-10,0.004669239899698256
5225029212547588718,2021-10,0.0030971322429173245
5225029212547588718,2021-11,0.005379330122453209
1310335287370721834,2021-10,0.28543537190257373
2455576782104041698,2021-10,0.007323134380505032
2455576782104041698,2021-10,0.009134777677334975
2455576782104041698,2021-11,0.1876935693719665
5078307295214858596,2021-10,0.005412785180709918
5078307295214858596,2021-10,0.0052017671485467135
5078307295214858596,2021-10,0.00534300231700983
5078307295214858596,2021-10,0.005460670254800363
7710364735942975505,2021-10,0.0028956358979536695
7710364735942975505,2021-10,0.005455510959647968
7710364735942975505,2021-11,0.0585138578421028
7710364735942975505,2021-11,0.0032828777748409345
7710364735942975505,2021-11,0.0032828777748409345
6532139198609901627,2021-10,0.0006417688883009065
6532139198609901627,2021-11,0.0012360836630313653
2677901391425651891,2021-10,0.0023537527826068072
2677901391425651891,2021-10,0.0039038708082004474
2677901391425651891,2021-11,0.005140205678117706
6457349126437565385,2021-10,0.24484497460328825
6457349126437565385,2021-10,0.2913409621491565
7686361238195690925,2021-10,0.0009141963033845569
7686361238195690925,2021-11,0.0009584609334915634
8080988579391900405,2021-10,0.0014900548966573
8080988579391900405,2021-10,0.001651024438453099
8080988579391900405,2021-10,0.0014142110532969396
8080988579391900405,2021-10,0.001651024438453099
5303720405946805990,2021-10,0.0010449433843489127
5303720405946805990,2021-11,0.0010946400236807536
5303720405946805990,2021-11,0.000591986030742922
4187591029730357479,2021-10,0.005629731049594807
8874257794774679816,2021-10,0.0024910283963855947
8874257794774679816,2021-10,0.00339297195993127
8874257794774679816,2021-10,0.00339297195993127
8874257794774679816,2021-10,0.00339297195993127
8874257794774679816,2021-11,0.002499941460269238
8874257794774679816,2021-11,0.002130410062786309
8874257794774679816,2021-11,0.0015633204664456599
8874257794774679816,2021-11,0.002499941460269238
9184785003280841216,2021-10,0.002245516811480575
9184785003280841216,2021-10,0.0033650857486465053
9184785003280841216,2021-11,0.001996895723321884
9184785003280841216,2021-11,0.0022797791442611573
7403979270048469991,2021-10,0.0003653137833872184
2819054834565698513,2021-10,0.0037475132800859627
2819054834565698513,2021-10,0.0028064076920852
2819054834565698513,2021-11,0.007601364698981151
2819054834565698513,2021-11,0.004795406380204164
5611787644735474299,2021-10,0.0005806832941935128
5611787644735474299,2021-10,0.0001887659726155041
5611787644735474299,2021-10,0.00021145294116398132
5611787644735474299,2021-10,0.0005806832941935128
5611787644735474299,2021-10,0.00023069662073708035
5611787644735474299,2021-10,0.000291849089473123
5611787644735474299,2021-10,0.00028149934927256025
5611787644735474299,2021-10,0.000390464262521128
5611787644735474299,2021-11,0.0008269905637351363
5611787644735474299,2021-11,0.0006594956896852417
5611787644735474299,2021-11,0.000694569683613378
5611787644735474299,2021-11,0.000597883135076644
5611787644735474299,2021-11,0.0004127517213185906
8090492548102964782,2021-10,0.12111790174193947
662944582644865942,2021-10,0.004445888406486549
662944582644865942,2021-10,0.007303799060955708
662944582644865942,2021-10,0.004445888406486549
662944582644865942,2021-10,0.013999967481277594
662944582644865942,2021-11,0.00603003302349887
662944582644865942,2021-11,0.01279888515294765
662944582644865942,2021-11,0.00526948359008913
662944582644865942,2021-11,0.008587821546234543
662944582644865942,2021-11,0.009833549516199388
257162352336759783,2021-10,0.0013440422621105695
257162352336759783,2021-10,0.0011991976104733953
257162352336759783,2021-10,0.0011810056252668283
257162352336759783,2021-11,0.0009314971368826194
257162352336759783,2021-11,0.0010282008124896662
257162352336759783,2021-11,0.0009392063675077038
9205015186723569289,2021-10,0.06948225667067566
9205015186723569289,2021-11,0.01076086912256718
4661684997487171886,2021-10,0.006013093470231892
4661684997487171886,2021-10,0.0043145186661985475
4661684997487171886,2021-10,0.002967106258753541
4661684997487171886,2021-11,0.0015907782870747313
4661684997487171886,2021-11,0.0016089776101984234
4661684997487171886,2021-11,0.0016335031480350277
4661684997487171886,2021-11,0.0016335031480350277
4661684997487171886,2021-11,0.0015907782870747313
4661684997487171886,2021-11,0.0014687084364269282
4365965554261111250,2021-10,0.13511843370779042
4365965554261111250,2021-10,0.16989376417735688
6885171468891031140,2021-10,0.002924128517686996
5067621068959932809,2021-10,0.019449341090950503
5067621068959932809,2021-10,0.015521623428185513
5067621068959932809,2021-10,0.015521623428185513
5067621068959932809,2021-10,0.016336896029239344
5067621068959932809,2021-10,0.015521623428185513
5067621068959932809,2021-10,0.025572221556521328
5067621068959932809,2021-11,0.011723523617768619
8505870778358741102,2021-10,0.0038763485673916523
8505870778358741102,2021-10,0.004146367553386527
8505870778358741102,2021-10,0.0044363230965452
8505870778358741102,2021-11,0.003987179757555962
8505870778358741102,2021-11,0.00530714503579747
8505870778358741102,2021-11,0.004961910754010537
5042877476420217533,2021-10,0.002002572736407894
5042877476420217533,2021-10,0.0017605734513525522
5042877476420217533,2021-10,0.002180754704698565
5042877476420217533,2021-11,0.0009330654397091254
5042877476420217533,2021-11,0.0018484641371251218
1454789421854453615,2021-10,0.003474575001536244
1454789421854453615,2021-10,0.003474575001536244
1454789421854453615,2021-10,0.007153011962265779
1454789421854453615,2021-10,0.007153011962265779
1454789421854453615,2021-11,0.002286953431228758
1454789421854453615,2021-11,0.005633316725769876
1454789421854453615,2021-11,0.07956701094547268
1454789421854453615,2021-11,0.005906477465283513
1454789421854453615,2021-11,0.006663931626937272
3807130563335796378,2021-10,0.041909794171492515
4424973922927242822,2021-10,0.03367532061506923
4424973922927242822,2021-10,0.03367532061506923
4424973922927242822,2021-10,0.03367532061506923
1234611356650812259,2021-10,0.020499932066682946
6545052034269841737,2021-10,0.002103567537638315
6545052034269841737,2021-10,0.0023204402560457332
6545052034269841737,2021-10,0.0015553507529512667
312543480920432545,2021-10,0.0001538515921087499
312543480920432545,2021-10,0.0001511376772105503
312543480920432545,2021-10,0.00017931528549480479
312543480920432545,2021-11,0.00015856613474544723
312543480920432545,2021-11,0.08211217592650161
312543480920432545,2021-11,0.00015691896556448539
312543480920432545,2021-11,0.00015852036327930195
312543480920432545,2021-11,0.00015238617331860072
312543480920432545,2021-11,0.00015238617331860072
3204108603682323936,2021-10,0.0010386795807452514
3204108603682323936,2021-10,0.0011359819946724105
3204108603682323936,2021-10,0.0012688895573099125
3204108603682323936,2021-11,0.0011416728510210813
3204108603682323936,2021-11,0.0010177561388457995
6927178425683104769,2021-10,0.0003309133683696976
6927178425683104769,2021-10,0.00044019345535464897
6927178425683104769,2021-10,0.0008264856468029527
6927178425683104769,2021-10,0.0010815088701096164
4862285428951244424,2021-10,0.00020422607535170925
4862285428951244424,2021-10,0.0002942083487255926
4862285428951244424,2021-11,0.00024390717787946321
4850936440093751199,2021-10,0.006578684116508165
4850936440093751199,2021-10,0.005758285979101986
4850936440093751199,2021-10,0.005441938194029638
4850936440093751199,2021-10,0.006372917729433055
4850936440093751199,2021-10,0.0070977852744326326
4850936440093751199,2021-10,0.007049139337841638
4850936440093751199,2021-11,0.01149626899434496
4850936440093751199,2021-11,0.009804822600058185
8716163053080758848,2021-10,0.0036360935399577343
8716163053080758848,2021-10,0.0036360935399577343
8716163053080758848,2021-10,0.0029370065330331513
8716163053080758848,2021-10,0.0036360935399577343
8716163053080758848,2021-11,0.00211882338190381
8716163053080758848,2021-11,0.00211882338190381
8716163053080758848,2021-11,0.001443388694321775
8716163053080758848,2021-11,0.0018573064395559257
7289435138601868544,2021-10,0.010890115595098868
7462607259426026440,2021-10,0.007753185121635746
7462607259426026440,2021-10,0.01179068328340153
7462607259426026440,2021-10,0.00851158832642287
7462607259426026440,2021-10,0.004222721909075163
7535160686416710323,2021-10,0.0008370623285930363
7535160686416710323,2021-10,0.0009552775383838834
3156580765759568020,2021-10,0.04121841982908529
3156580765759568020,2021-11,0.04185250922986836
3156580765759568020,2021-11,0.04185250922986836
8609211777002937758,2021-10,0.0016393664714916187
8609211777002937758,2021-10,0.0010699564265577266
8609211777002937758,2021-11,0.0008535475133212137
3285246914299291124,2021-10,0.00043364663753116473
3285246914299291124,2021-10,0.0004415032132774169
3285246914299291124,2021-10,0.0004119775987928056
3285246914299291124,2021-10,0.0004493558692961577
3285246914299291124,2021-11,0.0004444359388805171
3285246914299291124,2021-11,0.0003896519964792857
3285246914299291124,2021-11,0.00041166687091819963
837142477962609471,2021-10,0.00250777332351138
837142477962609471,2021-10,0.00937674191832585
837142477962609471,2021-11,0.003222711687275234
837142477962609471,2021-11,0.0033057652170765703
837142477962609471,2021-11,0.003222711687275234
1667173444642500307,2021-10,0.009296713463807347
6394935036014530592,2021-10,0.004169627347768492
6394935036014530592,2021-10,0.005815954890452653
6394935036014530592,2021-10,0.004165329627789993
6394935036014530592,2021-10,0.0035036311432757312
6394935036014530592,2021-11,0.0016885393043469838
6394935036014530592,2021-11,0.002129585659821837
6394935036014530592,2021-11,0.07780894590339878
6394935036014530592,2021-11,0.001736039232641387
6394935036014530592,2021-11,0.001523584939336681
6368582840625614207,2021-10,0.0008838049324629105
6368582840625614207,2021-10,0.0008184598076222569
7920896580423665241,2021-10,0.0024456360591286357
7920896580423665241,2021-10,0.004730280386071594
7920896580423665241,2021-10,0.009058673814732425
7920896580423665241,2021-10,0.012992071877562182
7920896580423665241,2021-11,0.005228442659602442
7920896580423665241,2021-11,0.006097391767570716
8041261093764417881,2021-10,0.0008994414824278187
8041261093764417881,2021-10,0.0008277644670987174
8041261093764417881,2021-10,0.0007886155707422489
1182975716201409626,2021-10,0.0004970633848642315
1182975716201409626,2021-10,0.000656970500040357
1182975716201409626,2021-10,0.0005637108552971973
1182975716201409626,2021-10,0.45891649985314165
1182975716201409626,2021-10,0.0009357606569408215
1182975716201409626,2021-11,0.00036410923424869503
1182975716201409626,2021-11,0.00042436104837649763
4717593620120611957,2021-10,0.006176907644474985
4795152981525833467,2021-10,0.0009106516020878841
4795152981525833467,2021-10,0.0009317103182688708
4795152981525833467,2021-11,0.0017038481857708878
4795152981525833467,2021-11,0.0018368813579028203
4795152981525833467,2021-11,0.00179479672121664
4795152981525833467,2021-11,0.0016813128025551832
6448580780254847411,2021-10,0.00047259239640951137
6448580780254847411,2021-10,0.0006546848560171175
6448580780254847411,2021-11,0.0005742983857988329
4724876423989598202,2021-10,0.0008918571098165521
4724876423989598202,2021-10,0.0028334468001557683
4724876423989598202,2021-10,0.0010296741973306
4724876423989598202,2021-10,0.0007460056753149214
4724876423989598202,2021-11,0.0009353560553640866
4724876423989598202,2021-11,0.0005649937400417143
4724876423989598202,2021-11,0.0007950556779915785
4724876423989598202,2021-11,0.0005927034085808964
1637960623843047520,2021-10,0.022266731426446328
8045116560666679751,2021-10,0.015904385510236686
4018182555897034052,2021-10,0.0007745185156724147
4018182555897034052,2021-10,0.0007064648231047418
4018182555897034052,2021-10,0.0004350832165914644
4018182555897034052,2021-10,0.0005774716202504415
4018182555897034052,2021-10,0.0007717368943074827
4018182555897034052,2021-10,0.0005681625872992824
3970572142453508637,2021-10,0.13373932860366014
3970572142453508637,2021-11,0.10941479193121734
7590999900861381526,2021-10,0.0029522943483906642
7590999900861381526,2021-10,0.002652440971385781
7590999900861381526,2021-11,0.003669190398223517
6985631100944640910,2021-10,0.05685860439390058
6985631100944640910,2021-10,0.05753165782776339
4541506527938763361,2021-10,0.01623301537656864
4541506527938763361,2021-11,0.009233039462955893
5758033363847724111,2021-10,0.00013234714633112923
5758033363847724111,2021-11,5.575332257230116e-05
5758033363847724111,2021-11,2.6586849481879248e-05
5758033363847724111,2021-11,4.312168683397021e-05
5758033363847724111,2021-11,6.383385189761485e-05
7770458886439606839,2021-10,0.09061639778557803
7770458886439606839,2021-10,0.08727133653020099
7770458886439606839,2021-11,0.170523003714877
7770458886439606839,2021-11,0.08384447410607768
7770458886439606839,2021-11,0.09971159645266844
7770458886439606839,2021-11,0.170523003714877
7770458886439606839,2021-11,0.18496647190641136
7770458886439606839,2021-11,0.12868539889961417
4604807967654337091,2021-10,0.0016434194796138123
8570963260597299378,2021-10,0.001507797775193152
8570963260597299378,2021-10,0.001742260161222124
8570963260597299378,2021-10,0.001750919745062126
8570963260597299378,2021-11,0.039387554164810976
968199235777440720,2021-10,0.0002826048376183026
968199235777440720,2021-10,0.00048512626074536053
968199235777440720,2021-11,0.004433084685713226
968199235777440720,2021-11,0.004187045390779329
5511113649464808344,2021-10,0.033342177549503665
5511113649464808344,2021-11,0.06147071561427658
3248432590399829766,2021-10,0.0009135337343843836
3248432590399829766,2021-11,0.0008890395487251855
3248432590399829766,2021-11,0.00734655980971029
3248432590399829766,2021-11,0.00048518995278547624
3248432590399829766,2021-11,0.0008890395487251855
6582676833651678345,2021-10,0.00011587481934541001
6582676833651678345,2021-10,8.738722782331887e-05
6582676833651678345,2021-10,6.170426450554963e-05
6582676833651678345,2021-10,0.00023428622680591275
6582676833651678345,2021-10,0.00011587481934541001
6582676833651678345,2021-11,0.0001364111060991945
6582676833651678345,2021-11,8.733446887640904e-05
6582676833651678345,2021-11,9.145675368022688e-05
6582676833651678345,2021-11,8.425766926841672e-05
6582676833651678345,2021-11,0.00013691673127599053
6582676833651678345,2021-11,0.00014127569010858365
5487870288449327165,2021-10,0.010172153807989272
5487870288449327165,2021-11,0.0077633388452432285
7269781193318890653,2021-10,0.0006677069005163895
7269781193318890653,2021-11,0.000341006495756269
2634859679238614382,2021-10,0.0010086568887044372
2634859679238614382,2021-10,0.0021194421354475772
2634859679238614382,2021-10,0.0012138209470615139
2634859679238614382,2021-10,0.0017326306633696942
2634859679238614382,2021-11,0.0065470290268772584
2634859679238614382,2021-11,0.0065470290268772584
3543162424793477785,2021-10,0.031822250821636526
3543162424793477785,2021-11,0.02926000154730633
3543162424793477785,2021-11,0.08849315001104952
3543162424793477785,2021-11,0.02926000154730633
3543162424793477785,2021-11,0.019921065152537193
3543162424793477785,2021-11,0.09654556897770757
940214356651040716,2021-10,0.07457636318793623
940214356651040716,2021-11,0.09739585980703207
940214356651040716,2021-11,0.09739585980703207
7848910047105468475,2021-10,0.32186695478821614
2763141362035716801,2021-10,0.0024542282378727663
2763141362035716801,2021-10,0.003263579358203887
2763141362035716801,2021-10,0.002531526992643875
2763141362035716801,2021-11,0.005664046443283604
5574997762710520717,2021-10,0.00332747811657063
5574997762710520717,2021-11,0.010390147665072593
5574997762710520717,2021-11,0.001857711677347022
2508429106201166689,2021-10,0.0013380758120126487
2508429106201166689,2021-10,0.0013380758120126487
2508429106201166689,2021-11,0.0013147060027224587
1953058402621337677,2021-10,0.0018279778620955154
9052787288251876909,2021-10,0.0006078731594309298
9052787288251876909,2021-11,0.001856459237596146
287529573188507001,2021-10,0.00458980617670307
5044097686733078536,2021-10,0.10924952759367575
7751080728852739823,2021-10,0.001991181923404353
7751080728852739823,2021-10,0.001990380113758327
7751080728852739823,2021-11,0.0006442973200833391
7751080728852739823,2021-11,0.00045221198331379795
7485107528960607346,2021-10,0.010211055139610473
7485107528960607346,2021-11,0.017667442045224854
7485107528960607346,2021-11,0.019381566468028175
8536031856585966123,2021-10,0.013537318069873891
8536031856585966123,2021-10,0.020277713949723754
8536031856585966123,2021-10,0.02092516231650793
8536031856585966123,2021-10,0.019127750061982425
8536031856585966123,2021-10,0.01291753090970245
8536031856585966123,2021-11,0.015299500760534062
8536031856585966123,2021-11,0.015299500760534062
8536031856585966123,2021-11,0.020231161075242077
3605652314611460806,2021-10,0.008510592052573976
234898976850399181,2021-10,0.0073943681798648115
234898976850399181,2021-11,0.006035349437677172
234898976850399181,2021-11,0.006715237276980737
7231408738455755015,2021-10,0.6432774206884748
7231408738455755015,2021-10,0.641007062244785
7231408738455755015,2021-10,0.6761240915717752
7231408738455755015,2021-11,0.7601710363910238
7231408738455755015,2021-11,0.6774580064341019
3668905663669864663,2021-10,0.00029540378052644916
3668905663669864663,2021-11,0.13565089452214188
6164364689409425900,2021-10,0.000290220847496439
6164364689409425900,2021-11,0.0004419588111011538
5606267905834401873,2021-10,0.004227595879397201
5606267905834401873,2021-10,0.004227595879397201
5606267905834401873,2021-11,0.005587851840013208
5606267905834401873,2021-11,0.0063950072213783266
5606267905834401873,2021-11,0.005587851840013208
7970976988071755401,2021-10,0.10514836529189209
7970976988071755401,2021-10,0.05110667214901454
7970976988071755401,2021-11,0.0932342270525836
7268895973869107930,2021-10,0.013837453523124495
7268895973869107930,2021-10,0.0023480238855473094
7268895973869107930,2021-10,0.0037290679283589053
7268895973869107930,2021-10,0.0037935247395156
7268895973869107930,2021-10,0.005087762883927571
7268895973869107930,2021-11,0.0027313932292550016
7268895973869107930,2021-11,0.0036940146461089548
7268895973869107930,2021-11,0.004960492351951094
3997247264680905799,2021-10,0.0001910781745864023
3997247264680905799,2021-10,0.0002218387532280443
3997247264680905799,2021-10,0.00021890128190415757
3997247264680905799,2021-10,0.0002048369109500299
3997247264680905799,2021-10,0.0002822261157711718
3997247264680905799,2021-10,0.00014710655356113086
3997247264680905799,2021-11,0.0003143882137678991
8123515208041701633,2021-10,0.007723330711351969
8123515208041701633,2021-10,0.014351483696455364
8123515208041701633,2021-11,0.0060491510366729034
8123515208041701633,2021-11,0.0060491510366729034
8123515208041701633,2021-11,0.007434911987704625
6547872039250784411,2021-10,0.36115171436548577
3931892303497206092,2021-10,0.008156013210987221
3931892303497206092,2021-10,0.008156013210987221
3931892303497206092,2021-11,0.19969495492782205
3931892303497206092,2021-11,0.009387298524189267
6271697692808086495,2021-10,0.004324477255015089
6271697692808086495,2021-10,0.004196800207701119
6271697692808086495,2021-10,0.004196800207701119
6271697692808086495,2021-11,0.004508065154976991
1616952665234409442,2021-10,0.02391331162470839
1616952665234409442,2021-10,0.02495851747244375
1616952665234409442,2021-11,0.02979141470363317
1616952665234409442,2021-11,0.03433634715112375
8548612698724688238,2021-10,0.0035454968037523576
6633838062940819075,2021-10,0.004040222489754836
6633838062940819075,2021-10,0.0030166800547408944
6633838062940819075,2021-11,0.0013305970021241361
6633838062940819075,2021-11,0.0018549905165910583
6633838062940819075,2021-11,0.0020745688125417697
3093415403379897112,2021-10,0.0016951023481416162
3093415403379897112,2021-10,0.001653720121880851
3093415403379897112,2021-11,0.0016399897948368685
3093415403379897112,2021-11,0.0013730558422317062
4785355632922927313,2021-10,0.19071887359221404
4785355632922927313,2021-10,0.1660605691933168
4785355632922927313,2021-10,0.8474822692291079
4785355632922927313,2021-10,0.36826719116421447
4785355632922927313,2021-11,0.2026618389208847
4785355632922927313,2021-11,0.19038067027792835
8748106677402909629,2021-10,0.02952270423059888
1036256411320325774,2021-10,0.002817128776545749
1036256411320325774,2021-10,0.0040347908316164275
1036256411320325774,2021-10,0.007472495200952284
1036256411320325774,2021-11,0.0027149180569834247
1036256411320325774,2021-11,0.0027149180569834247
1036256411320325774,2021-11,0.004006730773545796
1036256411320325774,2021-11,0.002949339621483684
1036256411320325774,2021-11,0.004486106771859719
8889055492416898333,2021-10,0.025696164639523306
8889055492416898333,2021-10,0.11476331349251856
8889055492416898333,2021-11,0.03973312942082368
8889055492416898333,2021-11,0.03139282100724704
8889055492416898333,2021-11,0.18999113989846758
5795100045494475994,2021-10,0.016213935983223737
5795100045494475994,2021-10,0.014192125019285465
5795100045494475994,2021-11,0.01608015132781667
5795100045494475994,2021-11,0.018815251194378272
5726178124659661019,2021-10,0.000598145247950684
5726178124659661019,2021-10,0.0005611605345141511
5726178124659661019,2021-10,0.0006027806610962338
5726178124659661019,2021-10,0.000597471958669852
5726178124659661019,2021-11,0.0017457979719161245
5726178124659661019,2021-11,0.0005538212260192014
5726178124659661019,2021-11,0.0016255071953932862
5726178124659661019,2021-11,0.0009929101134780974
1235244772550233980,2021-10,0.000115013161591493
1235244772550233980,2021-10,0.000115013161591493
1235244772550233980,2021-10,0.00012654106992442653
1235244772550233980,2021-11,0.00013397274065912637
1235244772550233980,2021-11,0.00014461556118280583
7664272163315705419,2021-10,0.005318106998555724
7664272163315705419,2021-10,0.004052836642974906
7664272163315705419,2021-11,0.009706016097191707
7664272163315705419,2021-11,0.008079159659884627
7664272163315705419,2021-11,0.005599246064732278
7664272163315705419,2021-11,0.01010989704209642
7120090169052575663,2021-10,0.0008232975649649765
864510931144626280,2021-10,0.002318330803005447
864510931144626280,2021-11,0.0014286268577706571
2535803443850893368,2021-10,0.02706068635624637
2535803443850893368,2021-11,0.04088772847777344
4995679129936981612,2021-10,0.3967039227060868
4995679129936981612,2021-10,0.4092986695174504
4995679129936981612,2021-11,0.359302230353945
7182085930008391174,2021-10,0.008957148363222048
1002362614649347438,2021-10,0.021757030257965188
1002362614649347438,2021-11,0.034193873409715275
1002362614649347438,2021-11,0.034921358599849496
1002362614649347438,2021-11,0.024973185768289163
5162636608292907782,2021-10,0.033364561040029224
5162636608292907782,2021-10,0.11375032005267724
7347715771145302549,2021-10,0.0002717060122383181
7347715771145302549,2021-10,0.0004624684527371602
7347715771145302549,2021-11,0.0004863502639455947
7347715771145302549,2021-11,0.0004050901914455957
7347715771145302549,2021-11,0.0003411040404581036
6795467882769787169,2021-10,0.000882725177543905
6795467882769787169,2021-10,0.0007317062885933711
6795467882769787169,2021-10,0.0007317062885933711
6795467882769787169,2021-10,0.000720601091551668
6795467882769787169,2021-11,0.00040376985064941143
6795467882769787169,2021-11,0.0019072432577215955
6795467882769787169,2021-11,0.0002929951789468328
6795467882769787169,2021-11,0.00039486888655335307
621182491555347581,2021-10,0.012568839239336204
621182491555347581,2021-10,0.01284825830476667
621182491555347581,2021-10,0.00847739179662757
621182491555347581,2021-11,0.016060507111275244
6217788509719675691,2021-10,0.0016279593040107617
6217788509719675691,2021-10,0.0014208330278806522
6217788509719675691,2021-11,0.0017594672179116547
6217788509719675691,2021-11,0.001973982512597371
4858887739802767402,2021-10,0.0005797679368646006
4858887739802767402,2021-11,0.0006203074831710813
3750579377644235511,2021-10,0.048027840538267114
3750579377644235511,2021-10,0.04586772072977547
2532435113844289043,2021-10,0.00045485752274796625
2532435113844289043,2021-10,0.0002841638927845826
2532435113844289043,2021-10,0.0002652600620580567
2532435113844289043,2021-11,0.0003990954930020104
2532435113844289043,2021-11,0.0004310523573069702
2929243640075785940,2021-10,0.002068375480376774
2929243640075785940,2021-10,0.003227754640430189
2929243640075785940,2021-10,0.002849749198500831
2929243640075785940,2021-10,0.003253602627070683
2929243640075785940,2021-11,0.004918580100415974
4785077903451149834,2021-10,0.27777625751043533
3632378524835692731,2021-10,0.00038779040988886845
1119752495905732753,2021-10,0.011564388940072815
7347753999527316260,2021-10,0.7379293165581854
7347753999527316260,2021-11,0.5488398583906147
1998941557906036376,2021-10,0.013989077618226587
1998941557906036376,2021-11,0.012737193392061391
1998941557906036376,2021-11,0.008768464823489704
7395696797140470088,2021-10,0.00011492028200622784
7395696797140470088,2021-11,0.001057306166023772
7395696797140470088,2021-11,0.001044447734165335
4537982850248578883,2021-10,0.010609885584290197
4537982850248578883,2021-11,0.002919073220642297
51762959302415533,2021-10,0.04399140163368829
89342157110910412,2021-10,0.0016761545212501119
4762256864594914240,2021-10,0.00256255248374627
4762256864594914240,2021-10,0.0008393109520120074
4762256864594914240,2021-11,0.0008139130199161786
4762256864594914240,2021-11,0.0010424960523942354
5888474320320735000,2021-10,0.8060024523069549
2346482557594782345,2021-10,0.009140788790622446
2346482557594782345,2021-10,0.01006147423549025
2346482557594782345,2021-10,0.008887275495486046
3408536439470975134,2021-10,0.0004839114553863241
3408536439470975134,2021-10,0.0005211011770398288
3408536439470975134,2021-10,0.000487616784149998
3408536439470975134,2021-10,0.0002642878024466479
3408536439470975134,2021-10,0.0003707043696665503
3408536439470975134,2021-11,9.85593780091766e-05
3408536439470975134,2021-11,9.458316890415031e-05
3408536439470975134,2021-11,6.659755927919888e-05
3408536439470975134,2021-11,9.488479297354244e-05
5752688018135006198,2021-10,0.0059858188768304125
5752688018135006198,2021-11,0.006739220066068656
5752688018135006198,2021-11,0.008041740422826873
9127318190908282126,2021-10,0.004216849954324116
5271966906483787417,2021-10,0.004212385006858661
1088268935649917461,2021-10,0.007220747607009971
622073912578471754,2021-10,0.06204761988314744
622073912578471754,2021-10,0.06204761988314744
3724562776372632620,2021-10,0.004037092391330416
3724562776372632620,2021-11,0.004365044938268042
2780030912070252968,2021-10,0.09841371704271862
8107542605807471599,2021-10,0.8301458338183195
7468724002190465812,2021-10,0.005478064443070982
7468724002190465812,2021-11,0.008460126712340069
2290083177086946553,2021-10,0.00854904112675783
2290083177086946553,2021-10,0.009529158072954715
2290083177086946553,2021-11,0.00828885624707602
2290083177086946553,2021-11,0.00828885624707602
2290083177086946553,2021-11,0.010330263561631723
3447213159487287154,2021-10,0.003303378057255829
3447213159487287154,2021-11,0.005172893539559632
1115703227712697214,2021-10,0.0008439657928120622
1115703227712697214,2021-10,0.0004720438140871903
1115703227712697214,2021-11,0.0035642612930474517
1115703227712697214,2021-11,0.004219961967437458
2214132103234633622,2021-10,0.003437417265182448
2214132103234633622,2021-10,0.0023197102915667013
2214132103234633622,2021-10,0.0029087594205076243
2214132103234633622,2021-10,0.0029087594205076243
2214132103234633622,2021-10,0.002869085073149721
2214132103234633622,2021-11,0.0013323875781281096
2214132103234633622,2021-11,0.0015180904862816707
2214132103234633622,2021-11,0.0019039710054367955
2214132103234633622,2021-11,0.0019039710054367955
4043546053926060305,2021-10,0.5627129943876703
5522764880180045081,2021-10,0.00658720031632187
5522764880180045081,2021-10,0.00658720031632187
5522764880180045081,2021-10,0.00658720031632187
5522764880180045081,2021-10,0.009035575655250466
5432443358006556295,2021-10,0.01443678944477406
5432443358006556295,2021-10,0.016119583349913938
5432443358006556295,2021-11,0.013743488730708254
5432443358006556295,2021-11,0.015346727884953138
5432443358006556295,2021-11,0.013600694226408762
7818340804682162328,2021-10,0.016236839335146976
7818340804682162328,2021-10,0.016236839335146976
7818340804682162328,2021-11,0.2337519711305501
6731795019313479942,2021-10,0.0015341896117031064
1118514612547157551,2021-10,0.03220096939374113
9206030810342980458,2021-10,0.009063835036204193
9206030810342980458,2021-10,0.0070203292240434
9206030810342980458,2021-11,0.0025958200740990264
9206030810342980458,2021-11,0.002854499860385175
9206030810342980458,2021-11,0.002437184356327545
2951563549197799278,2021-10,0.0008102544280998829
2951563549197799278,2021-11,0.001684880163999024
5301988619224057921,2021-10,0.4766037246302066
5301988619224057921,2021-10,0.5043119321415255
5301988619224057921,2021-11,0.3606860684764759
5301988619224057921,2021-11,0.2761677642284751
5301988619224057921,2021-11,0.3727219946388602
4235078665660987689,2021-10,0.003154820131778719
4235078665660987689,2021-10,0.0028451368005764106
4235078665660987689,2021-10,0.0028451368005764106
4235078665660987689,2021-11,0.003553948857060116
6276792736652545216,2021-10,0.0049514244619500505
6276792736652545216,2021-11,0.003802488664013855
1308019675417057675,2021-10,0.005431295228198171
1308019675417057675,2021-10,0.005333820945033107
1308019675417057675,2021-10,0.005400653927414293
1308019675417057675,2021-11,0.010645993273345818
1308019675417057675,2021-11,0.010900412313230844
6662531979151878793,2021-10,0.005086164242006897
6662531979151878793,2021-11,0.008212018922446425
6662531979151878793,2021-11,0.008608721136141488
5304536516981778801,2021-10,0.0008499760521715068
5304536516981778801,2021-11,0.0010552574363609023
5304536516981778801,2021-11,0.0007938047077179389
5304536516981778801,2021-11,0.0010552574363609023
8083157716178259762,2021-10,0.0018818603377323355
8083157716178259762,2021-10,0.0017401666533560336
8083157716178259762,2021-10,0.002120709780339181
8083157716178259762,2021-11,0.0010553162028035194
5198904647759787695,2021-10,0.0007845443805667859
1285245417998627607,2021-10,0.759245825059699
5547032541615425352,2021-10,0.0009273377868118757
5547032541615425352,2021-11,0.0007538763722296433
4052557282157719526,2021-10,0.00485568368108329
3027683745465216663,2021-10,0.0009805984614437572
3027683745465216663,2021-11,0.0033705878566954914
3027683745465216663,2021-11,0.007261044049266019
6915663759082844184,2021-10,0.3230768087272607
7637066986811047950,2021-10,0.0010252476689095458
7637066986811047950,2021-10,0.0008271720239256882
6615694774618628402,2021-10,0.007483074611452579
6615694774618628402,2021-11,0.010939667345337639
6098833389547425063,2021-10,0.009690337031166629
6098833389547425063,2021-11,0.003965512714822041
3136129226228632675,2021-10,0.012472725811412295
4395946187332973749,2021-10,0.0003168093916948422
4395946187332973749,2021-11,0.00016052771154907223
6349142675790687765,2021-10,0.33372266843909326
1997130697107291654,2021-10,0.04793767255123805
1997130697107291654,2021-11,0.03570680787255192
3281617395243454427,2021-10,0.02487418571882102
3281617395243454427,2021-10,0.03467809369318052
3281617395243454427,2021-10,0.02487418571882102
3281617395243454427,2021-11,0.01853592241200377
3281617395243454427,2021-11,0.026345968810925664
3281617395243454427,2021-11,0.026345968810925664
1874361799315286610,2021-10,0.0006450056312373842
1874361799315286610,2021-11,0.000305973015144959
7471183491728700531,2021-10,0.09676334350502114
6987942592445950913,2021-10,0.000838171576676149
6987942592445950913,2021-11,0.000390822864348458
6987942592445950913,2021-11,0.008812105315520135
6987942592445950913,2021-11,0.00031638217925589396
6987942592445950913,2021-11,0.00031638217925589396
4495596792165551705,2021-10,0.013607131881990111
7571271990906543121,2021-10,0.020978451072456945
2092588065958607289,2021-10,0.0006029047376807219
2092588065958607289,2021-10,0.0006201037844744931
2092588065958607289,2021-10,0.0003835378515462036
2092588065958607289,2021-11,0.001320648783200114
2092588065958607289,2021-11,0.001320648783200114
2092588065958607289,2021-11,0.001320648783200114
2092588065958607289,2021-11,0.0006648298165374564
6204723742351094322,2021-10,0.0012580469824244416
6204723742351094322,2021-11,0.015293699083494787
6020593949794792044,2021-10,0.008072388238797716
6020593949794792044,2021-10,0.008193695936363666
6020593949794792044,2021-10,0.008072388238797716
6020593949794792044,2021-10,0.007202224857109121
511305041047444825,2021-10,0.006430813449775067
511305041047444825,2021-11,0.045181080438867045
835441927760881602,2021-10,0.1198546628049052
835441927760881602,2021-10,0.1198546628049052
835441927760881602,2021-10,0.12281492645593943
835441927760881602,2021-11,0.06554782986858206
2407532237672094312,2021-10,0.051747427088773744
2407532237672094312,2021-11,0.021642332525522615
2407532237672094312,2021-11,0.0428174345672931
2735662700719640627,2021-10,0.03857463227102796
2735662700719640627,2021-11,0.023310507727396138
2735662700719640627,2021-11,0.013210676791896424
8409181491723988567,2021-10,0.0007122222997886296
4090195792518021727,2021-10,0.005057719412642029
4090195792518021727,2021-11,0.0026757548633030213
410843023337872279,2021-10,0.0002990168010126912
410843023337872279,2021-11,0.0004421724203619585
8926565682509268383,2021-10,0.008068752617214047
8926565682509268383,2021-10,0.010149733932149695
8926565682509268383,2021-10,0.004957339209103659
8926565682509268383,2021-10,0.003678736380693774
8926565682509268383,2021-11,0.005851339231020842
8926565682509268383,2021-11,0.004704254012132636
8926565682509268383,2021-11,0.005851339231020842
8926565682509268383,2021-11,0.0057499914676436515
8926565682509268383,2021-11,0.0075047050766677585
8926565682509268383,2021-11,0.004749141603422746
8926565682509268383,2021-11,0.004481462023441019
963687627963462983,2021-10,0.00046387844829748006
963687627963462983,2021-10,0.0005309685263744453
963687627963462983,2021-11,0.00017235948838483154
963687627963462983,2021-11,0.0001987456205339859
1078687383992817574,2021-10,0.28276361384580107
8376902089871279815,2021-10,0.00011842004998114883
8376902089871279815,2021-10,0.00014893184044639622
3682570285558758138,2021-10,0.004924734741770356
3682570285558758138,2021-11,0.006474954374381434
5799279645678609726,2021-10,0.06230589015916847
5799279645678609726,2021-11,0.0897703526408487
8503092146854371576,2021-10,0.00046118814417076806
8503092146854371576,2021-11,0.025472023343515032
8503092146854371576,2021-11,0.0003616906238392329
8503092146854371576,2021-11,0.0003221895284815066
2012477868296377155,2021-10,0.003495031548178034
7215093571368368138,2021-10,0.09759845893229839
7215093571368368138,2021-10,0.47411072308318797
7215093571368368138,2021-11,0.6245046689500211
7215093571368368138,2021-11,0.6245046689500211
1678680306005074426,2021-10,0.0026637855958518766
1678680306005074426,2021-10,0.0026637855958518766
1678680306005074426,2021-11,0.00226122837016343
1678680306005074426,2021-11,0.0035503851507184708
2943087245123311166,2021-10,0.041884155891305015
2943087245123311166,2021-11,0.02012332536558313
2943087245123311166,2021-11,0.015441646761845961
2943087245123311166,2021-11,0.004952062154061155
2943087245123311166,2021-11,0.004676036721473858
4165983075385227812,2021-10,0.0012283613054849968
4165983075385227812,2021-10,0.0012097955728802945
4165983075385227812,2021-11,0.0019876531336100595
5786895437851445408,2021-10,0.03882237213993116
5786895437851445408,2021-11,0.04350408543662655
5786895437851445408,2021-11,0.04330998550535278
503021894071666233,2021-10,0.012130201316974839
503021894071666233,2021-11,0.008205608509341444
6056959220685085102,2021-10,0.013000761384891915
5993832136957065909,2021-10,0.003186464542369802
4641659186059167709,2021-10,0.013545413054183693
4641659186059167709,2021-11,0.0047173035482189676
4898797487317475277,2021-10,0.005220378187273108
1052398277967427422,2021-10,0.0057395815968146625
1052398277967427422,2021-11,0.0039005790736844296
1052398277967427422,2021-11,0.003885384430963378
5528372913947954503,2021-10,0.005557738442854094
903093877129717133,2021-10,0.00021688875475262088
903093877129717133,2021-10,0.00021688875475262088
903093877129717133,2021-11,0.00021505734290966737
7529137091657891207,2021-10,0.01979977289312132
3156852928909455203,2021-10,0.0023765721737440807
3156852928909455203,2021-10,0.0023765721737440807
3156852928909455203,2021-11,0.0021046688182013128
510795635145114083,2021-10,0.003907350610939584
510795635145114083,2021-11,0.004280649023385307
510795635145114083,2021-11,0.004361686311543343
510795635145114083,2021-11,0.005359913859036096
510795635145114083,2021-11,0.0045290784130723166
6337915293429442229,2021-10,0.013542045297851977
7908414709866823255,2021-10,0.0009375158413910127
7908414709866823255,2021-10,0.001008446130202753
7908414709866823255,2021-11,0.0006437445773705026
7908414709866823255,2021-11,0.0007920412748312131
7908414709866823255,2021-11,0.0007920412748312131
7908414709866823255,2021-11,0.0006536322502159325
2347028805684088098,2021-10,0.00023985853420139383
2347028805684088098,2021-11,0.0005948968499854199
2347028805684088098,2021-11,1.9651748291784085e-05
5893903674205161232,2021-10,0.002594017017574663
5893903674205161232,2021-11,0.002184594383218609
4061297388883391410,2021-10,0.0004196989572342593
4061297388883391410,2021-11,0.0007457868422451597
4061297388883391410,2021-11,0.00045800154853570913
7949169060790541229,2021-10,0.0011926368310803198
6521201759558790083,2021-10,0.0013182607713375831
2209806355660046187,2021-10,0.0030984801215788926
2209806355660046187,2021-11,0.0024014045544793233
5358243820364010940,2021-10,0.021133867868327355
1683619849073499603,2021-10,0.004629048027503429
1683619849073499603,2021-11,0.0030152999709552875
1683619849073499603,2021-11,0.02603868349834614
1683619849073499603,2021-11,0.004106559574447464
1683619849073499603,2021-11,0.004106559574447464
6462952350255736003,2021-10,0.001463499377156645
4675067298171588603,2021-10,0.030555304829279723
2250817603281429928,2021-10,0.00040242630465887294
3357976326879346012,2021-10,0.08039447033222491
3357976326879346012,2021-10,0.08039447033222491
5409960473983330744,2021-10,0.010182605224623822
5409960473983330744,2021-10,0.00650619594855308
5409960473983330744,2021-11,0.015414585144252245
1788369195969129749,2021-10,0.002183454612297188
5856610998569876318,2021-10,0.0010833524580260037
5856610998569876318,2021-11,0.0027823892700522775
3960251564708868781,2021-10,0.0005377080615994794
3960251564708868781,2021-10,0.0005616881461092352
3960251564708868781,2021-11,0.0029696120343545777
3960251564708868781,2021-11,0.0025956510310757032
8895160610329228780,2021-10,0.00585444221549419
2439954154030259398,2021-10,0.0021022944954821594
2439954154030259398,2021-11,0.0021978036884983095
2439954154030259398,2021-11,0.0021978036884983095
6091519986999196884,2021-10,0.0007053469376935999
7478791630746523220,2021-10,0.0757928054678548
7478791630746523220,2021-10,0.07314866672270091
7478791630746523220,2021-11,0.04297445586516475
8013668117699219722,2021-10,0.023362106333890596
8013668117699219722,2021-11,0.010496784033216707
8013668117699219722,2021-11,0.008300150123296594
1210783884008131648,2021-10,0.00018501686849335712
1210783884008131648,2021-11,0.0001701600097076121
1210783884008131648,2021-11,0.0001701600097076121
2308217045093677129,2021-10,0.00949241631181968
2308217045093677129,2021-11,0.017972823732162264
69766362497027920,2021-10,0.05609655085405691
6754039979151386401,2021-10,0.00196476215267365
5860276371789140450,2021-10,0.024542693142419036
5860276371789140450,2021-11,0.03542336375076014
5860276371789140450,2021-11,0.04026275155376935
1778014915038250584,2021-10,0.04357003992220617
5481711897502154955,2021-10,0.005021247977091581
5481711897502154955,2021-11,0.006805843887330622
5481711897502154955,2021-11,0.0047172514280050945
6061850657256270336,2021-10,0.0004443056273478054
6061850657256270336,2021-11,0.0021248452841743253
6061850657256270336,2021-11,0.0021248452841743253
8350724667410677464,2021-10,0.026516035177277075
8350724667410677464,2021-11,0.02249840349411256
3387580208304842365,2021-10,0.004647875016366922
3386019519917828299,2021-10,0.0013561521420677623
3386019519917828299,2021-10,0.0012163484850236368
3045840317107313913,2021-10,0.0018395891996450895
3045840317107313913,2021-11,0.000633818908311914
8680213253228719510,2021-10,0.005893622743540393
7754936094607992857,2021-10,0.007763182900991926
7754936094607992857,2021-11,0.004590861741621938
7754936094607992857,2021-11,0.004590861741621938
2768068015169423097,2021-10,0.01685844203956356
8292458529987016717,2021-10,0.013425186276167848
8292458529987016717,2021-11,0.007614602487157901
1543875954928694094,2021-10,0.003189167330580566
1543875954928694094,2021-11,0.003354114815385551
652740132671309295,2021-10,0.035944703371825
652740132671309295,2021-11,0.03667167144502217
652740132671309295,2021-11,0.03582114433148087
5958664040344043635,2021-10,0.0011152471476435252
3382609338395832683,2021-10,0.04443182799342902
2106875407768047316,2021-10,0.0009722912364171076
2106875407768047316,2021-11,0.026583932809038032
2106875407768047316,2021-11,0.0016440574631916849
1334091158016312155,2021-10,0.039172096859664204
2554972344348383830,2021-10,0.002557460054925247
2554972344348383830,2021-11,0.0066320189308058525
2554972344348383830,2021-11,0.007771546814040619
5558533999208199371,2021-10,0.4637180704886289
4524147234488547993,2021-10,0.01085192527902972
4524147234488547993,2021-11,0.028706672882195732
4524147234488547993,2021-11,0.023855111705490897
4569866309119931805,2021-10,0.0038801478437584117
4569866309119931805,2021-11,0.005110852948138849
3161361581909316305,2021-10,0.0056673600933101085
3161361581909316305,2021-11,0.010942777392566414
4095739077267179172,2021-10,0.024672756640817622
4095739077267179172,2021-10,0.0443666699495323
4095739077267179172,2021-11,0.013065743362875725
4095739077267179172,2021-11,0.032489683001408476
8245393384938410770,2021-10,0.0007346421414798905
8245393384938410770,2021-11,0.002194775182106488
8245393384938410770,2021-11,0.0015813928994848237
8245393384938410770,2021-11,0.002194775182106488
8245393384938410770,2021-11,0.0015813928994848237
8245393384938410770,2021-11,0.0015813928994848237
1299146298565441811,2021-10,0.01046517781367263
1299146298565441811,2021-11,0.011594764601902646
1033361676287635885,2021-10,0.019640071733349383
7260748352873493818,2021-10,0.005367926574722103
7260748352873493818,2021-11,0.004410964184178634
2687720147676132707,2021-10,0.0028139738689798503
2687720147676132707,2021-11,0.00547237508311501
2687720147676132707,2021-11,0.006586058807798174
7779268298304613772,2021-10,0.012711700535523294
7779268298304613772,2021-11,0.005073914900168719
7779268298304613772,2021-11,0.012882173259592612
7779268298304613772,2021-11,0.004632034071683476
7779268298304613772,2021-11,0.0058562657514644794
8185063234515056194,2021-10,0.005060276038983944
8185063234515056194,2021-11,0.001773591557605953
8185063234515056194,2021-11,0.0019079776874340209
4993499380140734678,2021-10,0.00467707479136445
5687511145009775604,2021-10,0.03157532161501305
5687511145009775604,2021-10,0.029213535129979786
8576047157867370630,2021-10,0.03484851735113871
8576047157867370630,2021-11,0.16340113458476035
3915426102465954493,2021-10,0.0005569600182586549
3915426102465954493,2021-11,0.0008721259515262423
8623308321032624474,2021-10,0.08122661657406588
8623308321032624474,2021-11,0.09705307260382136
180672270337706285,2021-10,0.3410436751880589
7236776406341522879,2021-10,0.006075446751811028
7236776406341522879,2021-11,0.003761510339120472
4532469127306079736,2021-10,0.007903287235267918
4532469127306079736,2021-11,0.0036988675858675235
2903869860445366876,2021-10,0.006017825054757731
2903869860445366876,2021-11,0.005423130049443156
1343530446996409207,2021-10,0.000970671052825255
1343530446996409207,2021-11,0.0008700946799619266
2573553293518763494,2021-10,0.0008552973756575815
2573553293518763494,2021-11,0.0047986396815432745
2573553293518763494,2021-11,0.002345665201566647
4635578010631860111,2021-10,0.0020888123878002422
5465001651966355821,2021-10,0.002541299735516986
5465001651966355821,2021-10,0.002541299735516986
66220087398241662,2021-10,0.005047776443893809
66220087398241662,2021-11,0.004801970964716777
66220087398241662,2021-11,0.004519279188391612
66220087398241662,2021-11,0.004801970964716777
5706551050445880395,2021-10,0.29588143909288883
5706551050445880395,2021-11,0.19439418879722614
5706551050445880395,2021-11,0.19531818941471146
6134696632487351445,2021-10,0.0008404159889870656
6134696632487351445,2021-11,0.001050584192710269
6134696632487351445,2021-11,0.0010017769748317657
6134696632487351445,2021-11,0.002457700549176624
968400235888951633,2021-10,0.007240833284091468
968400235888951633,2021-11,0.000815319012177945
1891145854263312840,2021-10,0.15596740316063998
1891145854263312840,2021-11,0.03069312951266887
3283662016127058429,2021-10,0.0017525881734116397
3283662016127058429,2021-11,0.0022239235441293827
7692335720341018458,2021-10,0.0014041604363062169
7692335720341018458,2021-11,0.0032596429629800742
191536915328669008,2021-10,0.34665455887635727
2805743565496207618,2021-10,0.028588717714846314
6030285068945261052,2021-10,0.000427483892496999
6030285068945261052,2021-11,0.00021599510006399617
6030285068945261052,2021-11,0.00032442295343480755
3095408468798675621,2021-11,0.00031360519363525985
3095408468798675621,2021-11,0.00024824149212790154
3095408468798675621,2021-11,0.00022081461143626986
2678966409665050034,2021-11,0.0004848854883881036
2678966409665050034,2021-11,0.0004875337293538961
2678966409665050034,2021-11,0.00045591289435762436
6528158819463595826,2021-11,0.0005203325749830933
6528158819463595826,2021-11,0.0014548011396239436
3970610368027129821,2021-11,0.0038926139108668096
107343823625119033,2021-11,0.0038249830223160896
107343823625119033,2021-11,0.0038249830223160896
107343823625119033,2021-11,0.005835693533260674
7444686668183702737,2021-11,0.0027877868708780407
7444686668183702737,2021-11,0.001725697364765848
7444686668183702737,2021-11,0.0012564962771212898
7444686668183702737,2021-11,0.002659706770428996
1028630885537616736,2021-11,0.01670106634788421
8559143756893267192,2021-11,0.08936967006075461
8559143756893267192,2021-11,0.08052845390729535
2191990606593345695,2021-11,0.005244646843934267
6100972975033180377,2021-11,0.002069806240391377
6100972975033180377,2021-11,0.0018727926788375399
6100972975033180377,2021-11,0.001527761173740111
6100972975033180377,2021-11,0.0018368089672804245
4980232475645447238,2021-11,0.0008685851004486534
4980232475645447238,2021-11,0.0006811172636108701
4980232475645447238,2021-11,0.0009335354182541267
792560389712312178,2021-11,0.0015210437517245291
792560389712312178,2021-11,0.001605178959943732
6643358471662528195,2021-11,8.411135118110764e-05
6643358471662528195,2021-11,9.235767275971324e-05
271068078606473697,2021-11,0.0011540436157587053
8027035272622701013,2021-11,0.030433704977061625
2522900990060384939,2021-11,0.014368786501012315
2522900990060384939,2021-11,0.014594475622960866
2522900990060384939,2021-11,0.013846041280626052
8274986328479596038,2021-11,0.34931419344442705
5635781225931111684,2021-11,0.007348161785664512
5635781225931111684,2021-11,0.007348161785664512
5635781225931111684,2021-11,0.007319513419842365
5974858472822751652,2021-11,0.0020798116135183624
5974858472822751652,2021-11,0.0024204480572004414
5974858472822751652,2021-11,0.036043971951540035
5974858472822751652,2021-11,0.00245501527827922
8480109508191086169,2021-11,0.0006276727702762768
8480109508191086169,2021-11,0.001273284685896367
8480109508191086169,2021-11,0.0005934460421174756
8480109508191086169,2021-11,0.0006402497368955724
5477900120643078645,2021-11,0.00757021027574438
5477900120643078645,2021-11,0.008147016434636943
2278650548373578523,2021-11,0.007824265054860186
7895753719321668294,2021-11,0.0005986431883141003
7895753719321668294,2021-11,0.0003983666550828061
7895753719321668294,2021-11,0.0005946227882213051
4104959289203999917,2021-11,0.00032486969712673463
4104959289203999917,2021-11,0.0003059539264032828
7387419407817356825,2021-11,0.011505939267455533
7442192566700924647,2021-11,0.001989847864787222
7442192566700924647,2021-11,0.0027230845958626077
7442192566700924647,2021-11,0.03591326045438614
7442192566700924647,2021-11,0.002216692150548983
7442192566700924647,2021-11,0.0017943310912628201
5503073374822479037,2021-11,0.000559214509873444
5503073374822479037,2021-11,0.0010389904822586725
7038761645302069945,2021-11,0.0010120937673686883
8004409125524742779,2021-11,0.0007464013409724851
8004409125524742779,2021-11,0.0007464013409724851
460993244124061972,2021-11,0.10087602942598882
2003221759676247813,2021-11,0.00016045029230325915
2003221759676247813,2021-11,0.0001617989808481443
4704892067681576893,2021-11,0.0461506202411445
1420529738304793615,2021-11,0.023767486989711307
5371387005775513675,2021-11,0.019867918997141257
5371387005775513675,2021-11,0.5554136180405299
5371387005775513675,2021-11,0.019872002448292327
7968118679747232249,2021-11,0.16015301570352014
7968118679747232249,2021-11,0.15517250152624198
7968118679747232249,2021-11,0.11155051158990761
1956406515279457110,2021-11,0.024402446557709696
1956406515279457110,2021-11,0.022759601348181287
683445437387317282,2021-11,0.13802073009689986
1430896989654626045,2021-11,0.0019598705687683643
1430896989654626045,2021-11,0.0019598705687683643
1430896989654626045,2021-11,0.20296798263997762
1430896989654626045,2021-11,0.0019598705687683643
1430896989654626045,2021-11,0.0019598705687683643
7816319470107777265,2021-11,0.015735336469255345
7816319470107777265,2021-11,0.009924268525817246
7229721428946324455,2021-11,0.3836872640610833
6216982347344525048,2021-11,0.004300596795256681
5791518044186095039,2021-11,0.0013554016457562803
5791518044186095039,2021-11,0.008775485917971315
7176848230239877915,2021-11,0.0001732325250590524
7176848230239877915,2021-11,0.010904690437441213
7176848230239877915,2021-11,0.00026358361506995684
904857901361577913,2021-11,0.007346049205966078
4956614249204803652,2021-11,0.644322011527231
1767360303789815418,2021-11,0.004153529672679253
4130617254899676131,2021-11,0.36431027634134294
3109771318936962520,2021-11,0.05272245087667804
3192341047315717823,2021-11,0.012765016713712204
4831988987853936627,2021-11,0.028107926624596633
1104269683367198574,2021-11,0.03514333781979812
1104269683367198574,2021-11,0.0018226805706176273
6909701795322574613,2021-11,0.02257214424716752
4556737702757145073,2021-11,0.012641210737786826
4556737702757145073,2021-11,0.0043868098198515055
7367321179169390502,2021-11,0.4862967014404052
4769364850030443969,2021-11,0.017961774829511487
4769364850030443969,2021-11,0.02970400124908155
2032592272238235730,2021-11,0.7376553457960313
2032592272238235730,2021-11,0.004539745683296512
9016049685460415544,2021-11,0.23238347949221597
226405871752897670,2021-11,0.003356608066347371
295375823203017296,2021-11,0.00035427641791856753
4820852183212661131,2021-11,0.5147429400086194
4820852183212661131,2021-11,0.010528808539196398
4820852183212661131,2021-11,0.0032561742615470754
696014079855281037,2021-11,0.3092595186617086
696014079855281037,2021-11,0.013276732461388212
696014079855281037,2021-11,0.012809390382334194
93982185886107798,2021-11,0.04368346309061253
7041489327620930099,2021-11,0.012497600627337712
3258345688897172820,2021-11,0.013178338916157389
7889351655716537527,2021-11,0.006400642269199147
3025708129948185495,2021-11,0.0008140182966172334
3025708129948185495,2021-11,0.00113037977585223
8646472172649019955,2021-11,0.6880352119796515
8646472172649019955,2021-11,0.06914430531421155
8646472172649019955,2021-11,0.06914430531421155
8646472172649019955,2021-11,0.06914430531421155
8646472172649019955,2021-11,0.06914430531421155
531805620371082364,2021-11,0.3864019701143711
8487807876567995441,2021-11,0.14919272408841727
8487807876567995441,2021-11,0.0009432652361925534
8196449005061156808,2021-11,0.00357067671889715
8196449005061156808,2021-11,0.0029914243207435354
8196449005061156808,2021-11,0.0032265912396240216
8196449005061156808,2021-11,0.003813354165873388
8196449005061156808,2021-11,0.0032265912396240216
8196449005061156808,2021-11,0.0058348486971799614
5448628641564935127,2021-11,0.022809137997713336
6335613629467537085,2021-11,0.12055714854710733
1611146298923153842,2021-11,0.005508308445698257
8510653215962746781,2021-11,0.00022454701626429234
7696655736121386405,2021-11,0.01098409342652169
8400764778654490278,2021-11,0.02811543119367227
8400764778654490278,2021-11,0.02469093773508326
6617479989097680138,2021-11,0.03643119054136212
2025898153078562640,2021-11,0.004840461575917413
4919908458022265747,2021-11,0.005827780590125307
1044946691507317745,2021-11,0.002658123929612696
1246864346193559124,2021-11,0.008172365759494402
5489089370448387505,2021-11,0.018436242187874784
493667100055938118,2021-11,0.6156889961231148
8248484932270772248,2021-11,0.06545024373649942
3183208564139585182,2021-11,0.8521812606336464
4588313530969303734,2021-11,0.04396624199885103
4588313530969303734,2021-11,0.04396624199885103
4588313530969303734,2021-11,0.044035223675608484
2493688222671282470,2021-11,0.008513008257712016
2493688222671282470,2021-11,0.010348414468997712
9108733472015251498,2021-11,0.002444990591284179
9108733472015251498,2021-11,0.002444990591284179
7646606457278894341,2021-11,0.0017289567903417357
238894451665334246,2021-11,0.09266184978949964
1239032704486561936,2021-11,0.5051316736902249
1239032704486561936,2021-11,0.31173816995317716
2900002014851776114,2021-11,0.22763154934614518
8535586342375301953,2021-11,0.0020891140622693893
8535586342375301953,2021-11,0.001399630183449435
8464769152264029983,2021-11,0.013089935880834753
7457803471605010846,2021-11,0.002435307548514226
5517114603826429870,2021-11,0.002558931884411214
5757271354816214865,2021-11,0.5298980170171804
7870373680211625064,2021-11,0.03139974927458543
7870373680211625064,2021-11,0.03281995948445783
7870373680211625064,2021-11,0.03291940282297303
7870373680211625064,2021-11,0.03122720373632174
7870373680211625064,2021-11,0.03252092703996037
5082455700818638342,2021-11,0.014467332669101003
8374461419511631785,2021-11,0.0051724376546067145
8374461419511631785,2021-11,0.0066823675406339975
4202876623878743806,2021-11,0.028963832539547582
9156666134024889730,2021-11,0.0027537876796583467
9156666134024889730,2021-11,0.0027537876796583467
8828303152301461681,2021-11,0.024169270065569105
8828303152301461681,2021-11,0.03762952660498583
8511588642284189303,2021-11,0.038258041784856936
5460280878923715699,2021-11,0.0044055095886701345
5714540197488862003,2021-11,0.10002923854227395
5714540197488862003,2021-11,0.10002923854227395
1963239178085807816,2021-11,0.0022553400952832654
7221446976321358973,2021-11,0.005178592959263508
39547025441582855,2021-11,0.013527728311079807
4527499691197377217,2021-11,0.0038448865588830033
6089029916190588614,2021-11,0.01667576825658607
1093053069479288753,2021-11,0.015468484683955298
6968106554514688300,2021-11,0.027085715441198095
7810985951121711480,2021-11,0.009850000776958303
5136739522477907100,2021-11,0.0029064588072114433
1741049493106216406,2021-11,0.027432401326988445
1741049493106216406,2021-11,0.03284173820370778
1507697130807703164,2021-11,8.637312133094984e-05
1507697130807703164,2021-11,9.103153817236972e-05
4530631557358349711,2021-11,0.0005380133706079074
4530631557358349711,2021-11,0.0006413891187861442
6547707428090179960,2021-11,0.050515400963048594
6547707428090179960,2021-11,0.017021607423566947
1117184216453911295,2021-11,0.016849911625896215
7722287846688771887,2021-11,0.002394403158882888
7722287846688771887,2021-11,0.0032980030018805668
7722287846688771887,2021-11,0.0024902264556729676
4166581859919473627,2021-11,0.018585824680304366
2369364892942408355,2021-11,0.0025431926594653717
4723919748432185874,2021-11,0.0029889386678721166
4512887927067894301,2021-11,0.0041552960318646465
4512887927067894301,2021-11,0.006303671280809701
6842075380768862290,2021-11,0.0034553119824923166
6842075380768862290,2021-11,0.0026628383987712936
665505091521986356,2021-11,0.004456629238103453
665505091521986356,2021-11,0.00225049474384975
1533755281771668509,2021-11,0.00026447927335365734
1533755281771668509,2021-11,0.0002686096898007343
5855956854975734380,2021-11,0.01524546732834743
5855956854975734380,2021-11,0.013539804300882979
3431426889924624821,2021-11,0.011403691385707147
3431426889924624821,2021-11,0.0066907717133104375
1269153452773908541,2021-11,0.0026701302174315183
1696462947583294958,2021-11,0.0015041095727437843
1696462947583294958,2021-11,0.0013088508607241656
1738460583932152602,2021-11,0.09332472068468815
7492389223353246125,2021-11,0.01863893561105729
8174633018998080168,2021-11,0.003619240375668324
6926309382371178621,2021-11,0.00034571521675517573
5864443060004179363,2021-11,0.0006374969440589305
5864443060004179363,2021-11,0.0008571024466325317
5864443060004179363,2021-11,0.0006374969440589305
7215053254854713098,2021-11,0.0024371587537799972
1462395707491634845,2021-11,0.6900269128967526
1462395707491634845,2021-11,0.6900269128967526
8843432852270832388,2021-11,0.00763009595506787
5288503299611498087,2021-11,0.005790142485261753
6284433051333854194,2021-11,0.0013792444611512838
6012031176108922616,2021-11,0.03389582713643144
6012031176108922616,2021-11,0.021283261379852682
993334998462320108,2021-11,0.3766085805361523
957773253650890560,2021-11,0.12300433762489711
5613825020130267729,2021-11,0.0021518361667432523
3421433989501830226,2021-11,0.031380092736814996
8332840690177201182,2021-11,0.30028384884478143
6094038865287329652,2021-11,0.8019461841043238
1712483726555581515,2021-11,0.002728169141086954
1396078312562623766,2021-11,0.03839279321204777
2307201111381758912,2021-11,0.0020201894326021246
1000372849175668062,2021-11,0.0028061729940798063
1129657311668961746,2021-11,0.03178997412982207
780065359501679358,2021-11,0.032859548238871245
121658372387044248,2021-11,0.006593032866943636
798425422240919854,2021-11,0.00010404944965084113
7828430488099134389,2021-11,0.017037133049491598
5726178124659661019,2021-11,0.0007486038537721071
5726178124659661019,2021-11,0.0011134080955004816
5726178124659661019,2021-11,0.0012624368290214494
5726178124659661019,2021-11,0.0007131145916118218
2088532321693492263,2021-11,0.01720782460399075
4679462479444735708,2021-11,0.008013920495894125
4679462479444735708,2021-11,0.0013976545182158814
4679462479444735708,2021-11,0.006930597223054542
621182491555347581,2021-11,0.01655078044745157
621182491555347581,2021-11,0.013122422577675447
8901696535927078963,2021-11,0.0014455805584083366
8901696535927078963,2021-11,0.0014455805584083366
8901696535927078963,2021-11,0.0012912421087825565
8901696535927078963,2021-11,0.0013224075698001021
8901696535927078963,2021-11,0.0014973079906894413
7444686668183702737,2021-11,0.0016770554220506522
7444686668183702737,2021-11,0.0021807002859208294
2092588065958607289,2021-11,0.0023254034847787334
2092588065958607289,2021-11,0.0018627546989022233
2092588065958607289,2021-11,0.0021503599784714724
2092588065958607289,2021-11,0.0023254034847787334
2092588065958607289,2021-11,0.0018627546989022233
2092588065958607289,2021-11,0.0023254034847787334
4334472256949955221,2021-11,0.009084600842846824
6893616200284527465,2021-11,0.04431935450074397
7779268298304613772,2021-11,0.015258210263167293
7779268298304613772,2021-11,0.005200213704665754
7779268298304613772,2021-11,0.005856076515180518
8213533889694327948,2021-11,7.873883255810905e-05
8213533889694327948,2021-11,8.892218092117523e-05
8213533889694327948,2021-11,9.571876261846157e-05
7222128416864635362,2021-11,0.04529877397457035
5993765508162121762,2021-11,0.01930691602284045
5993765508162121762,2021-11,0.04910965740845693
5993765508162121762,2021-11,0.019812781371727022
8716163053080758848,2021-11,0.00414161088437129
8716163053080758848,2021-11,0.005325437260585601
8716163053080758848,2021-11,0.002168362266546317
1430896989654626045,2021-11,0.0019598705687683643
1430896989654626045,2021-11,0.0019598705687683643
1592581784061157609,2021-11,0.03519885503347773
8536031856585966123,2021-11,0.026019311645195338
8536031856585966123,2021-11,0.01824889734795271
8536031856585966123,2021-11,0.025218304324395147
8536031856585966123,2021-11,0.026719003912190554
7963861799566207637,2021-11,3.105178031385237e-05
8123515208041701633,2021-11,0.009174548071327435
8123515208041701633,2021-11,0.011754848365147242
5714540197488862003,2021-11,0.08210507182119363
5714540197488862003,2021-11,0.09833485469375527
5714540197488862003,2021-11,0.07224401781924304
7330131219998265639,2021-11,0.0011305511750597148
7330131219998265639,2021-11,0.000874558826056031
1951407691087813358,2021-11,0.000527306634439402
6969348581033924947,2021-11,0.0003049939408952408
6969348581033924947,2021-11,0.0003049939408952408
6969348581033924947,2021-11,0.0003049939408952408
8374461419511631785,2021-11,0.00455198289497119
8374461419511631785,2021-11,0.008873429792565975
5136739522477907100,2021-11,0.004254066892969542
8609938720215175911,2021-11,0.0027715274731550743
8609938720215175911,2021-11,0.00424693427035713
5897410907783139228,2021-11,0.0008074910566286297
49632905576538927,2021-11,0.00040921271926435196
3408536439470975134,2021-11,8.151886291788361e-05
3408536439470975134,2021-11,8.78303236253306e-05
3408536439470975134,2021-11,9.458316890415031e-05
3408536439470975134,2021-11,8.151886291788361e-05
7664272163315705419,2021-11,0.008557633491040488
7664272163315705419,2021-11,0.0123315721309264
7664272163315705419,2021-11,0.009170976612745324
7664272163315705419,2021-11,0.007015331008580677
8596605705893456305,2021-11,0.2525285505985244
8596605705893456305,2021-11,0.12639637365099318
1551531256789550891,2021-11,0.0005382032568739831
792560389712312178,2021-11,0.002222891591495271
7403979270048469991,2021-11,0.0006951333257971632
1507697130807703164,2021-11,7.317225887236771e-05
1507697130807703164,2021-11,7.711876005977674e-05
410843023337872279,2021-11,0.0025702391621331188
7231408738455755015,2021-11,0.6350980555041146
7686361238195690925,2021-11,0.0008555827921148791
4661684997487171886,2021-11,0.0014872941497270714
4661684997487171886,2021-11,0.0005668689753265488
4661684997487171886,2021-11,0.0005475918504865505
4661684997487171886,2021-11,0.0015866199959006656
4661684997487171886,2021-11,0.0010774592328785227
8926565682509268383,2021-11,0.005332367777137294
8926565682509268383,2021-11,0.0069605282018763955
8013668117699219722,2021-11,0.018486887003204548
8173830874846355280,2021-11,0.0002552552011785143
8173830874846355280,2021-11,0.0002552552011785143
8173830874846355280,2021-11,0.00023362583132789427
8173830874846355280,2021-11,0.00028217438191463723
8173830874846355280,2021-11,0.000257200373742101
3977861004707764824,2021-11,0.004209053677295716
3977861004707764824,2021-11,0.00495714876358335
3977861004707764824,2021-11,0.0048683474967674886
3977861004707764824,2021-11,0.0057329473796360565
3977861004707764824,2021-11,0.004209053677295716
3977861004707764824,2021-11,0.005085939473852345
3812760626052898456,2021-11,0.0016472439495693327
1106971614386004604,2021-11,0.0038770666959269603
1106971614386004604,2021-11,0.003952115789368066
8348574220426911086,2021-11,0.0026979482121577887
7268895973869107930,2021-11,0.003382140922072726
7268895973869107930,2021-11,0.0033699772564377874
7268895973869107930,2021-11,0.0033699772564377874
7268895973869107930,2021-11,0.002183491947845908
4831988987853936627,2021-11,0.0006332096738057098
984915269987074754,2021-11,0.00017308215482686673
984915269987074754,2021-11,0.0001642529584043713
7269781193318890653,2021-11,0.0006901996384305139
7269781193318890653,2021-11,0.0002682428242107515
7269781193318890653,2021-11,0.00041251598032185594
7269781193318890653,2021-11,0.0003885001895984375
7085295800541340563,2021-11,0.004065804368811495
7085295800541340563,2021-11,0.006573915705098836
7930925883736021864,2021-11,0.003949778308992902
7930925883736021864,2021-11,0.004280098394088045
7930925883736021864,2021-11,0.003949778308992902
7930925883736021864,2021-11,0.004097871323975744
1235244772550233980,2021-11,0.00010206827269769122
1235244772550233980,2021-11,0.00010206827269769122
3355881107559250653,2021-11,0.00149591639984115
3355881107559250653,2021-11,0.0013848057181335932
3355881107559250653,2021-11,0.0026434701475479606
3355881107559250653,2021-11,0.003354350806705912
3355881107559250653,2021-11,0.00153525387867769
3355881107559250653,2021-11,0.0008106414523409936
5481711897502154955,2021-11,0.004384909875713729
5481711897502154955,2021-11,0.005232394987827882
2290083177086946553,2021-11,0.010781968390901005
1366416810235233769,2021-11,0.0025334190313947326
1156053485989336481,2021-11,0.022598380063870206
1156053485989336481,2021-11,0.023930492104538983
1156053485989336481,2021-11,0.022598380063870206
1156053485989336481,2021-11,0.022987087393335107
1156053485989336481,2021-11,0.026518734700817885
1156053485989336481,2021-11,0.023927914143465127
1156053485989336481,2021-11,0.022598380063870206
1156053485989336481,2021-11,0.023927914143465127
1192891347324061812,2021-11,0.0004505044577774896
1192891347324061812,2021-11,0.0004061700348177735
1192891347324061812,2021-11,0.0004505044577774896
1192891347324061812,2021-11,0.00020202193202045545
5761480994209806499,2021-11,0.00028263221698320284
5761480994209806499,2021-11,0.00025148385469852115
5761480994209806499,2021-11,0.00042721901316703805
5761480994209806499,2021-11,0.0006375363027443228
5761480994209806499,2021-11,0.00025148385469852115
5761480994209806499,2021-11,0.00026321901745511974
5761480994209806499,2021-11,0.00029304078454121606
5761480994209806499,2021-11,0.0002546324720739761
5761480994209806499,2021-11,0.0002935641952423675
2397171153213063761,2021-11,0.011779815066392923
2397171153213063761,2021-11,0.011455772386860649
2397171153213063761,2021-11,0.015671014803646414
2397171153213063761,2021-11,0.013001586244142117
6858769421191999702,2021-11,0.007622250252024486
6858769421191999702,2021-11,0.007622250252024486
5409960473983330744,2021-11,0.016422698673364954
5409960473983330744,2021-11,0.016422698673364954
3543162424793477785,2021-11,0.03157786662256516
7908414709866823255,2021-11,0.0006857166480211518
7908414709866823255,2021-11,0.0005331384843574083
7908414709866823255,2021-11,0.0006867968271429022
7120090169052575663,2021-11,0.0003384979391446096
7120090169052575663,2021-11,0.0003658898194196385
7665801401860589626,2021-11,0.003462553763002875
6968106554514688300,2021-11,0.00945708025961297
8609211777002937758,2021-11,0.0013100814714473628
4571290108043699959,2021-11,0.0005625744250670257
6217788509719675691,2021-11,0.003974682611994847
6217788509719675691,2021-11,0.0012343681456375125
6217788509719675691,2021-11,0.0020946430158580586
6053752047545474051,2021-11,0.0012807706862793327
6053752047545474051,2021-11,0.0019232813284076995
8529899700094903171,2021-11,0.004954626220025619
8529899700094903171,2021-11,0.0059451620119072195
8529899700094903171,2021-11,0.004954626220025619
8529899700094903171,2021-11,0.004736785802259091
8529899700094903171,2021-11,0.010867891745599139
8529899700094903171,2021-11,0.004736785802259091
8292458529987016717,2021-11,0.01564460911193629
3045840317107313913,2021-11,0.0005341315669961365
3045840317107313913,2021-11,0.0005341315669961365
3045840317107313913,2021-11,0.0008431799387612232
2347028805684088098,2021-11,7.112067088068298e-05
2347028805684088098,2021-11,0.0001904462525824325
903093877129717133,2021-11,0.00021880126090397138
903093877129717133,2021-11,0.00021446501844288448
903093877129717133,2021-11,0.0003596977528826399
903093877129717133,2021-11,0.00021880126090397138
7485107528960607346,2021-11,0.11640871534122972
7468724002190465812,2021-11,0.008129453783070284
6987942592445950913,2021-11,0.0004063143868183538
1044946691507317745,2021-11,0.0020170141200854075
4537982850248578883,2021-11,0.005265653395256586
1617695035450525647,2021-11,7.743979239816178e-05
1617695035450525647,2021-11,0.0001122980311648016
1617695035450525647,2021-11,0.00019775130522785265
1617695035450525647,2021-11,6.487947659332882e-05
5082813456193598086,2021-11,0.0032522409589692026
5082813456193598086,2021-11,0.002191021777105459
6349142675790687765,2021-11,0.12907005844064096
7751080728852739823,2021-11,0.000525043274562105
257162352336759783,2021-11,0.001166322522121021
257162352336759783,2021-11,0.000963918411330458
1269153452773908541,2021-11,0.0015074814002511185
8464809590757561185,2021-11,0.0010476547341232325
4045739494965095560,2021-11,0.00047814855518056365
4045739494965095560,2021-11,0.0005044220316217737
8889055492416898333,2021-11,0.2711460630600203
8889055492416898333,2021-11,0.02433164915444357
8889055492416898333,2021-11,0.03888620581343761
6394935036014530592,2021-11,0.002794358483341744
6394935036014530592,2021-11,0.0018784956132555774
6916556752218696485,2021-11,0.0037124416404018556
6916556752218696485,2021-11,0.007584354529550205
6916556752218696485,2021-11,0.00699866881291911
6916556752218696485,2021-11,0.004256135788346401
665505091521986356,2021-11,0.003665548267080259
8961924617442201922,2021-11,0.006039360057979335
312543480920432545,2021-11,0.0001073668466778412
312543480920432545,2021-11,0.0001073668466778412
312543480920432545,2021-11,0.00011223315876156262
6927178425683104769,2021-11,0.007343632378809559
6927178425683104769,2021-11,0.0021420712455477143
6927178425683104769,2021-11,0.0018249290287946846
7613717984547031729,2021-11,0.0014963565493532809
7613717984547031729,2021-11,0.0014670345396660702
7613717984547031729,2021-11,0.0013033263969672352
5304536516981778801,2021-11,0.0015069460331862635
5304536516981778801,2021-11,0.001062706779600675
2780030912070252968,2021-11,0.08926556093661563
9205015186723569289,2021-11,0.013476028141335574
6330043096034525408,2021-11,0.045379612217478216
3137879241768961145,2021-11,0.0007924398701648058
4414438591613884911,2021-11,0.0018528810786426497
5373371196946859811,2021-11,0.017956776418764354
8874257794774679816,2021-11,0.0028838888603304933
8874257794774679816,2021-11,0.0028838888603304933
6784879562354696650,2021-11,0.0034338520332562387
8195468623809753777,2021-11,0.0074430642405696685
8195468623809753777,2021-11,0.0074430642405696685
5225029212547588718,2021-11,0.0050913984858200175
5225029212547588718,2021-11,0.008186239353556349
5225029212547588718,2021-11,0.007781337183806134
4724876423989598202,2021-11,0.0010887309087889232
4724876423989598202,2021-11,0.0005531193934710239
6284433051333854194,2021-11,0.0010884879961273442
6284433051333854194,2021-11,0.0008207147471376735
417157680860985231,2021-11,1.645518369854073e-05
7395696797140470088,2021-11,0.0014815303028356144
7395696797140470088,2021-11,0.0009445966390820722
2687720147676132707,2021-11,0.007877104646793294
3631603567749349715,2021-11,0.0008279599749990822
2032592272238235730,2021-11,0.0046625060423049315
2032592272238235730,2021-11,0.003955435161778588
6238903426443761049,2021-11,0.006597000907254239
6238903426443761049,2021-11,0.0066186679889601065
6238903426443761049,2021-11,0.007127592975343692
6471448246085839373,2021-11,0.0019365044528474506
3472934456083131714,2021-11,0.004705004870776813
3472934456083131714,2021-11,0.003968700460220027
4740535838297269949,2021-11,0.000645555238265759
4740535838297269949,2021-11,0.000567951463952026
6582676833651678345,2021-11,8.425766926841672e-05
6582676833651678345,2021-11,8.569399493675677e-05
6582676833651678345,2021-11,0.00014052220183415447
324916756972236008,2021-11,0.0010526191160007514
324916756972236008,2021-11,0.0014037549958451044
324916756972236008,2021-11,0.001243298573274979
2658946240987854807,2021-11,0.0034018758930428193
2658946240987854807,2021-11,0.002344025130730937
5042877476420217533,2021-11,0.0009770457924421125
1003144834589372198,2021-11,0.0005557015843049661
4635578010631860111,2021-11,0.0007517051157093546
5462970244186515758,2021-11,0.0007338304390914093
5462970244186515758,2021-11,0.0005841981584423546
5462970244186515758,2021-11,0.0006268807649819622
7182085930008391174,2021-11,0.0026105763767480857
6352592240901579272,2021-11,0.0023268802599357074
7710364735942975505,2021-11,0.0021356090072955913
5460280878923715699,2021-11,0.0020886576952297595
5460280878923715699,2021-11,0.0020178883935665515
93982185886107798,2021-11,0.021837015899569514
8080988579391900405,2021-11,0.0028782816677330324
7397206777205091443,2021-11,0.006625358757179352
968199235777440720,2021-11,0.9170829309164256
968199235777440720,2021-11,0.008109821996084805
968199235777440720,2021-11,0.002299594596950053
2771214050521171719,2021-11,0.0036472837480373173
2771214050521171719,2021-11,0.01201777821072943
6448580780254847411,2021-11,0.002002118402171196
8706851346184249504,2021-11,0.0004394551449332728
6532139198609901627,2021-11,0.0006048993940254004
3591324331706630867,2021-11,0.020254601096393574
1182975716201409626,2021-11,0.00044744794486222276
1182975716201409626,2021-11,0.00042436104837649763
1182975716201409626,2021-11,0.00038128187998227945
4641659186059167709,2021-11,0.004349843953659789
5611787644735474299,2021-11,0.0003404241630351186
5611787644735474299,2021-11,0.0006594956896852417
5611787644735474299,2021-11,0.000610022286731119
5611787644735474299,2021-11,0.0004487885847360645
5611787644735474299,2021-11,0.0006388096819539509
2634859679238614382,2021-11,0.0015190626537109396
2634859679238614382,2021-11,0.0031580671475539717
2634859679238614382,2021-11,0.002680174204450976
6486277549325701534,2021-11,0.0023230443860997735
6486277549325701534,2021-11,0.0023230443860997735
8623308321032624474,2021-11,0.08604448204006551
3668905663669864663,2021-11,0.0006901368280137235
3668905663669864663,2021-11,0.0008248725252806533
295375823203017296,2021-11,0.0008465726679122836
5271591321704178730,2021-11,0.0042175170101050995
4762256864594914240,2021-11,0.0014354799826915943
2598475569074240783,2021-11,0.008232637061726633
4071158585850879204,2021-11,0.005391396065080353
4071158585850879204,2021-11,0.009085104053276605
5503073374822479037,2021-11,0.0009125925478943919
5503073374822479037,2021-11,0.0006597613963587431
1741049493106216406,2021-11,0.013717902407925793
2346482557594782345,2021-11,0.016743679355461363
2346482557594782345,2021-11,0.016743679355461363
2346482557594782345,2021-11,0.016017775313113432
2407532237672094312,2021-11,0.03369918095300132
2407532237672094312,2021-11,0.06546875781857009
5048392903148444335,2021-11,0.01458255670577537
5048392903148444335,2021-11,0.010168336396061876
6198047969028248384,2021-11,0.003857974844757542
3660744270380078352,2021-11,0.029560202561974135
3660744270380078352,2021-11,0.04253525184058357
3660744270380078352,2021-11,0.01621137929239651
7215053254854713098,2021-11,0.002208430509269249
8015571584405428572,2021-11,0.00635313721336683
6118873739225005756,2021-11,0.00020755645240920506
3386019519917828299,2021-11,0.000820347499533061
3386019519917828299,2021-11,0.0010497796617766173
2900002014851776114,2021-11,0.07919168465769112
7398738404146260251,2021-11,0.003091559280639731
8313765100460016738,2021-11,0.29434082950799095
6547707428090179960,2021-11,0.01691631775811645
710593997981520423,2021-11,0.013355876849258715
8409181491723988567,2021-11,0.0013946534478051554
5108407319813072955,2021-11,0.0011894279368159769
4335865859049992260,2021-11,0.003184648309545623
6122719618012473549,2021-11,0.00645503562242997
460993244124061972,2021-11,0.022034651852578233
459290606780222306,2021-11,0.0010580149020741351
459290606780222306,2021-11,0.0006108617376845903
459290606780222306,2021-11,0.0003617563149793615
6276792736652545216,2021-11,0.0035370443567454882
8487807876567995441,2021-11,0.0009652514729305327
8487807876567995441,2021-11,0.0012315102181968383
5522764880180045081,2021-11,0.005458006878680985
2191990606593345695,2021-11,0.009393208923917828
2903869860445366876,2021-11,0.006414047304321986
7347715771145302549,2021-11,0.0004652201692516963
5057726374207815794,2021-11,0.00351753778539584
1616952665234409442,2021-11,0.0383764065050723
5706551050445880395,2021-11,0.19707266112801936
1454789421854453615,2021-11,0.005921540831298037
3285246914299291124,2021-11,0.0005117065282194915
8733525963966339207,2021-11,0.24038266945497255
4717717003637613480,2021-11,0.0015544470012065156
4717717003637613480,2021-11,0.0014405649959281872
3192341047315717823,2021-11,0.011223884350886108
8287608084245946173,2021-11,0.0016192117685485709
9184785003280841216,2021-11,0.0017078815365909532
9184785003280841216,2021-11,0.001854215314798232
170089315547146305,2021-11,0.03860458420431266
8196449005061156808,2021-11,0.002872239905587132
8196449005061156808,2021-11,0.004304499407936798
8826489829259520138,2021-11,0.0012118049844995653
8826489829259520138,2021-11,0.0008255777205744212
8826489829259520138,2021-11,0.000631145309197126
8350724667410677464,2021-11,0.020752589909384212
8784237149961904,2021-11,0.0009527081072268395
5635781225931111684,2021-11,0.005941090880985813
6842075380768862290,2021-11,0.005363700655692752
6842075380768862290,2021-11,0.004943772345285335
4995217181024687397,2021-11,0.0002153084754721589
4723919748432185874,2021-11,0.0033071921842614507
4723919748432185874,2021-11,0.0033071921842614507
4723919748432185874,2021-11,0.002858004609771836
1977574645216036803,2021-11,0.5770903138660872
1343530446996409207,2021-11,0.0007809302197946363
9206030810342980458,2021-11,0.0021449209873051584
9206030810342980458,2021-11,0.001846529613942368
9052787288251876909,2021-11,0.0016939378036073427
9052787288251876909,2021-11,0.0013479098687438438
3156852928909455203,2021-11,0.0024245732659468173
3156852928909455203,2021-11,0.002161007150203287
7595945751692012281,2021-11,0.009563610373256847
1678680306005074426,2021-11,0.004481837699247648
4327694790333781288,2021-11,0.00012505755840919473
4593070249039532001,2021-11,0.0012183420221478683
4593070249039532001,2021-11,0.0009482788914146326
3118152790263512426,2021-11,0.006823579059362681
1788369195969129749,2021-11,0.0008444542154507811
4342146186255136598,2021-11,0.001191056269996132
4342146186255136598,2021-11,0.0010187524039561042
2573553293518763494,2021-11,0.004488047574803265
2573553293518763494,2021-11,0.004646487234528771
5067621068959932809,2021-11,0.016338705662565855
5067621068959932809,2021-11,0.008505410281188256
2123312420728961012,2021-11,0.0072182916875560416
4018182555897034052,2021-11,0.0013767019443491526
4018182555897034052,2021-11,0.00032337122499192074
4018182555897034052,2021-11,0.00032337122499192074
3248432590399829766,2021-11,0.0005470135126306076
4347826483121154490,2021-11,0.00020743820183567169
4347826483121154490,2021-11,0.00013007252353329388
4347826483121154490,2021-11,0.00015964035115574425
2128970218770090704,2021-11,0.006413195732905074
1052398277967427422,2021-11,0.0018444835897526374
8909740532547211288,2021-11,0.0005219968297370024
2408009918678280470,2021-11,0.007195728408093617
2408009918678280470,2021-11,0.010168426776261705
2408009918678280470,2021-11,0.009894424652724994
5166128847048245697,2021-11,0.00013288246645190303
6615694774618628402,2021-11,0.011180844191955435
8049805689946244047,2021-11,0.012020976578693617
6950439982480713649,2021-11,0.10328401882903393
1683619849073499603,2021-11,0.005364110809979141
5440313607363845188,2021-11,7.401440238955009e-05
9127318190908282126,2021-11,0.0019843605784795213
1117184216453911295,2021-11,0.022152885199021536
1117184216453911295,2021-11,0.022152885199021536
1097345589386012260,2021-11,0.0014770654574340497
8004409125524742779,2021-11,0.000836476757640239
4898797487317475277,2021-11,0.02817203880715403
4785355632922927313,2021-11,0.18972347496662773
5752688018135006198,2021-11,0.006058298757200075
1477629972594346481,2021-11,0.03786592619641522
1477629972594346481,2021-11,0.03786592619641522
5477900120643078645,2021-11,0.005471969399877482
2988042199057874759,2021-11,0.002749409903532217
2988042199057874759,2021-11,0.00246433113300636
2988042199057874759,2021-11,0.002749409903532217
4532469127306079736,2021-11,0.002159855129996827
4566920105008626302,2021-11,0.0013758199342416599
4566920105008626302,2021-11,0.0013758199342416599
4566920105008626302,2021-11,0.0016178168606955571
4566920105008626302,2021-11,0.0009548571365686636
5855956854975734380,2021-11,0.012513218629888313
2929243640075785940,2021-11,0.0050187223585291514
5122095358293179297,2021-11,0.0029545734410464136
8255085612985072878,2021-11,0.001016776911377804
4817816966382229074,2021-11,0.0010823062393501535
6528158819463595826,2021-11,0.0005203325749830933
5287265869592025756,2021-11,0.00515961419271924
2532435113844289043,2021-11,0.0006159503467514243
5606267905834401873,2021-11,0.004662803994484793
5606267905834401873,2021-11,0.004331956658964321
2033394215069562776,2021-11,0.003211011787510256
2033394215069562776,2021-11,0.004440915466407947
904857901361577913,2021-11,0.00737701352085202
3822753345985951756,2021-11,0.0028624651165739252
3822753345985951756,2021-11,0.0045407630153845805
8248484932270772248,2021-11,0.06461844633479334
7828430488099134389,2021-11,0.025369470748274947
682352428813668634,2021-11,0.0012317047379662269
682352428813668634,2021-11,0.005696392155668325
510795635145114083,2021-11,0.006833561731749504
510795635145114083,2021-11,0.006953712914585987
4995679129936981612,2021-11,0.28226984254613413
5176940320835464459,2021-11,0.0001647136930406447
5176940320835464459,2021-11,0.00011178171613582736
5176940320835464459,2021-11,0.00015857256039002927
5176940320835464459,2021-11,0.00015857256039002927
8512214463586144353,2021-11,0.002257738467287951
6721448955097663572,2021-11,0.0034190772086814644
7451017400765373278,2021-11,0.0003744523940571848
6681781879793693802,2021-11,0.0004150835049575298
7708030042671632236,2021-11,0.009220238030539975
3698481516392183789,2021-11,0.0015110740628513613
7722287846688771887,2021-11,0.0028156592634720535
7722287846688771887,2021-11,0.002591629365736893
7436628409157313756,2021-11,0.00247146419544799
5448628641564935127,2021-11,0.019890775728961543
2530707686830644666,2021-11,0.008742981298021127
8045116560666679751,2021-11,0.008883532187419312
5303720405946805990,2021-11,0.0004007436971330325
1613152204777372951,2021-11,0.010978882096011328
2508429106201166689,2021-11,0.0018951888569331676
2951563549197799278,2021-11,0.0007326510837083924
2022367282554149730,2021-11,0.0012832891528777714
8570963260597299378,2021-11,0.0013036832000421334
8570963260597299378,2021-11,0.0013036832000421334
7895753719321668294,2021-11,0.000404916042355396
2819054834565698513,2021-11,0.011132338045945963
5757271354816214865,2021-11,0.5132071038141524
1292049196559782171,2021-11,0.0005612450911503311
5753677550753111444,2021-11,8.481474623464202e-05
8503092146854371576,2021-11,0.000346460200117233
113538242419211987,2021-11,0.00898601564302346
7692330898726665144,2021-11,0.0014439197602390563
5810778736737569699,2021-11,0.004507200597913446
8559143756893267192,2021-11,0.08936967006075461
8536980239903840341,2021-11,0.0007993619560641611
8536980239903840341,2021-11,0.001099370140085293
6545052034269841737,2021-11,0.0017004652463203825
5255460548789019114,2021-11,0.005775082885506942
7457803471605010846,2021-11,0.002317317825783107
3997247264680905799,2021-11,0.00027100787691487787
3997247264680905799,2021-11,0.00037621278039772806
5732713959930509093,2021-11,0.01690935447848428
924957821424248698,2021-11,0.0011272065587377505
1210783884008131648,2021-11,0.0002645304798038644
3036967290595689189,2021-11,0.0005252697943813425
2307201111381758912,2021-11,0.0023055403096768796
4235078665660987689,2021-11,0.002632919180738586
3605652314611460806,2021-11,0.0032864557767978957
6722781660631652440,2021-11,0.010657018053414681
4237135112070444140,2021-11,0.015539483958429402
7442192566700924647,2021-11,0.0014125429840182258
3915426102465954493,2021-11,0.0017436018136730408
1667173444642500307,2021-11,0.008060322535482214
1874361799315286610,2021-11,0.0012691339490436488
5358243820364010940,2021-11,0.003254242819490936
3682570285558758138,2021-11,0.010454045649199413
3095686599956852697,2021-11,0.0017336437579663318
692350198401528327,2021-11,0.0027804790619043286
705648002974742140,2021-11,0.02888858936516112
4993499380140734678,2021-11,0.0024859098038006048
4614484019183480654,2021-11,0.01751790515127125
1299146298565441811,2021-11,0.01029195855914413
4061297388883391410,2021-11,0.001122882745267762
